Token,Item Name,Variation Name,SKU,Description,Price,Currency,Category,Enabled (Square Online),Sellable,Stockable,Current Quantity Alma
,OEM Rear Window Switch & Bezel for 03-05 Dodge Ram 1500 2500 3500 P/N 56007695AC,Default,EB-205215666835,"OEM Rear Window Switch & Bezel for 03-05 Dodge Ram 1500 2500 3500 P/N 56007695AC. Category: Auto Parts. Sold by OnlineRecycle — tested, described accurately. Local pickup available in Central Florida or ships with tracking.",9.99,USD,Auto Parts,TRUE,TRUE,TRUE,1
,OEM Dodge Ram 1500 Front Door Trim Pull Handle Insert Cup 1999 RH #55350342C,Default,EB-205215666840,"OEM Dodge Ram 1500 Front Door Trim Pull Handle Insert Cup 1999 RH #55350342C. Category: Auto Parts. Sold by OnlineRecycle — tested, described accurately. Local pickup available in Central Florida or ships with tracking.",5.99,USD,Auto Parts,TRUE,TRUE,TRUE,1
,"Allen + Roth 5-in Arch Handle Drawer Pull, Satin Nickel Model Z2440-128-BNI Cb",Default,EB-205215666843,"Allen + Roth 5-in Arch Handle Drawer Pull, Satin Nickel Model Z2440-128-BNI Cb. Category: Collectibles & Antiques. Sold by OnlineRecycle — tested, described accurately. Local pickup available in Central Florida or ships with tracking.",8.98,USD,Collectibles & Antiques,TRUE,TRUE,TRUE,1
,Bosch DWS2 #2 Phillips Drywall Screw Setter 2 PC Per Pack,Default,EB-205215666844,"Bosch DWS2 #2 Phillips Drywall Screw Setter 2 PC Per Pack. Category: Collectibles & Antiques. Sold by OnlineRecycle — tested, described accurately. Local pickup available in Central Florida or ships with tracking.",4.99,USD,Collectibles & Antiques,TRUE,TRUE,TRUE,1
,"NEW IRWIN 88706 LONG 1- 3/8"" X 16"" HEX SHANK QUALITY WOOD SPADE DRILL BIT J",Default,EB-205215666848,"NEW IRWIN 88706 LONG 1- 3/8"" X 16"" HEX SHANK QUALITY WOOD SPADE DRILL BIT J. Category: Collectibles & Antiques. Sold by OnlineRecycle — tested, described accurately. Local pickup available in Central Florida or ships with tracking.",5.98,USD,Collectibles & Antiques,TRUE,TRUE,TRUE,1
,98 - 2001 Dodge Ram Quad Cab FRONT DOOR Pull CUP RH USED Condition #35,Default,EB-205215666851,"98 - 2001 Dodge Ram Quad Cab FRONT DOOR Pull CUP RH USED Condition #35. Category: Auto Parts. Sold by OnlineRecycle — tested, described accurately. Local pickup available in Central Florida or ships with tracking.",4.99,USD,Auto Parts,TRUE,TRUE,TRUE,1
,HiFlo HF123 Oil Filter for Kawasaki KLR650 KLX650 KL250 (1977-2023),Default,EB-205215666856,"HiFlo HF123 Oil Filter for Kawasaki KLR650 KLX650 KL250 (1977-2023). Category: Auto Parts. Sold by OnlineRecycle — tested, described accurately. Local pickup available in Central Florida or ships with tracking.",4.99,USD,Auto Parts,TRUE,TRUE,TRUE,1
,New Holland Genuine Part #47135706 Fuel Filter BinL,Default,EB-205215666860,"New Holland Genuine Part #47135706 Fuel Filter BinL. Category: Collectibles & Antiques. Sold by OnlineRecycle — tested, described accurately. Local pickup available in Central Florida or ships with tracking.",9.99,USD,Collectibles & Antiques,TRUE,TRUE,TRUE,1
,Dell Alienware X51 R3 Genuine Desktop USB Audio I/O Board BinW,Default,EB-205215666862,"Dell Alienware X51 R3 Genuine Desktop USB Audio I/O Board BinW. Category: Collectibles & Antiques. Sold by OnlineRecycle — tested, described accurately. Local pickup available in Central Florida or ships with tracking.",7.98,USD,Collectibles & Antiques,TRUE,TRUE,TRUE,1
,98-01 Dodge Ram 2500 Brake Realase Handel Oem Factory Part #51,Default,EB-205215666867,"98-01 Dodge Ram 2500 Brake Realase Handel Oem Factory Part #51. Category: Auto Parts. Sold by OnlineRecycle — tested, described accurately. Local pickup available in Central Florida or ships with tracking.",9.98,USD,Auto Parts,TRUE,TRUE,TRUE,1
,Front Left Side Seat Recliner Handle Lever OEM Ram 1500 2500 3500 55196021 #55,Default,EB-205215666868,"Front Left Side Seat Recliner Handle Lever OEM Ram 1500 2500 3500 55196021 #55. Category: Auto Parts. Sold by OnlineRecycle — tested, described accurately. Local pickup available in Central Florida or ships with tracking.",6.99,USD,Auto Parts,TRUE,TRUE,TRUE,1
,1998-01 Dodge Ram 1500 2500 3500 Emergency Parking Brake Release Handle #ga24,Default,EB-205215666871,"1998-01 Dodge Ram 1500 2500 3500 Emergency Parking Brake Release Handle #ga24. Category: Auto Parts. Sold by OnlineRecycle — tested, described accurately. Local pickup available in Central Florida or ships with tracking.",8.99,USD,Auto Parts,TRUE,TRUE,TRUE,1
,"Rear Window Switch with Bezel 2003-2005 Ram 1500 2500 3500, 56007695AC B#A. 3",Default,EB-205215666877,"Rear Window Switch with Bezel 2003-2005 Ram 1500 2500 3500, 56007695AC B#A. 3. Category: Auto Parts. Sold by OnlineRecycle — tested, described accurately. Local pickup available in Central Florida or ships with tracking.",7.99,USD,Auto Parts,TRUE,TRUE,TRUE,1
,"EVERBILT, 1000050065, 1-1/4"" Chrome Flange Cb",Default,EB-205215666878,"EVERBILT, 1000050065, 1-1/4"" Chrome Flange Cb. Category: Collectibles & Antiques. Sold by OnlineRecycle — tested, described accurately. Local pickup available in Central Florida or ships with tracking.",3.98,USD,Collectibles & Antiques,TRUE,TRUE,TRUE,1
,1998-01 Dodge Ram 1500 2500 3500 Emergency Parking Brake Release Handle #ga25,Default,EB-205215666889,"1998-01 Dodge Ram 1500 2500 3500 Emergency Parking Brake Release Handle #ga25. Category: Auto Parts. Sold by OnlineRecycle — tested, described accurately. Local pickup available in Central Florida or ships with tracking.",8.99,USD,Auto Parts,TRUE,TRUE,TRUE,1
,98 - 2001 Dodge Ram Quad Cab FRONT DOOR Pull CUP RH USED Condition #34,Default,EB-205215666891,"98 - 2001 Dodge Ram Quad Cab FRONT DOOR Pull CUP RH USED Condition #34. Category: Auto Parts. Sold by OnlineRecycle — tested, described accurately. Local pickup available in Central Florida or ships with tracking.",5.99,USD,Auto Parts,TRUE,TRUE,TRUE,1
,98-01 Dodge Ram 2500 Brake Realase Handel Oem Factory Part #52,Default,EB-205215666893,"98-01 Dodge Ram 2500 Brake Realase Handel Oem Factory Part #52. Category: Auto Parts. Sold by OnlineRecycle — tested, described accurately. Local pickup available in Central Florida or ships with tracking.",8.99,USD,Auto Parts,TRUE,TRUE,TRUE,1
,Front Left Side Seat Recliner Handle Lever OEM Ram 1500 2500 3500 55196021 #56,Default,EB-205215666894,"Front Left Side Seat Recliner Handle Lever OEM Ram 1500 2500 3500 55196021 #56. Category: Auto Parts. Sold by OnlineRecycle — tested, described accurately. Local pickup available in Central Florida or ships with tracking.",5.99,USD,Auto Parts,TRUE,TRUE,TRUE,1
,Update DGBH-10 Disposable Glove Box HolderB,Default,EB-205234015220,"Update DGBH-10 Disposable Glove Box HolderB. Category: Collectibles & Antiques. Sold by OnlineRecycle — tested, described accurately. Local pickup available in Central Florida or ships with tracking.",5.99,USD,Collectibles & Antiques,TRUE,TRUE,TRUE,2
,3 In. X 9 In. Plastic Restroom Sign Bussiness Commercial OfficeB,Default,EB-205234250150,"3 In. X 9 In. Plastic Restroom Sign Bussiness Commercial OfficeB. Category: Collectibles & Antiques. Sold by OnlineRecycle — tested, described accurately. Local pickup available in Central Florida or ships with tracking.",2.99,USD,Collectibles & Antiques,TRUE,TRUE,TRUE,1
,"1000ml Magenta Bulk Refill Ink for all HP, Epson, Brother, Canon PrintersB",Default,EB-205234276724,"1000ml Magenta Bulk Refill Ink for all HP, Epson, Brother, Canon PrintersB. Category: Collectibles & Antiques. Sold by OnlineRecycle — tested, described accurately. Local pickup available in Central Florida or ships with tracking.",30.75,USD,Collectibles & Antiques,TRUE,TRUE,TRUE,1
,"1000ml Yellow Bulk Refill Ink for all HP, Epson, Brother, Canon PrintersB",Default,EB-205234279618,"1000ml Yellow Bulk Refill Ink for all HP, Epson, Brother, Canon PrintersB. Category: Collectibles & Antiques. Sold by OnlineRecycle — tested, described accurately. Local pickup available in Central Florida or ships with tracking.",30.66,USD,Collectibles & Antiques,TRUE,TRUE,TRUE,1
,DAP Dynaflex 230 10.1 oz. White Premium Elastomeric ExteriorInterior WindowHPR,Default,EB-205234411608,"DAP Dynaflex 230 10.1 oz. White Premium Elastomeric ExteriorInterior WindowHPR. Category: Collectibles & Antiques. Sold by OnlineRecycle — tested, described accurately. Local pickup available in Central Florida or ships with tracking.",5.99,USD,Collectibles & Antiques,TRUE,TRUE,TRUE,1
,Black and Decker CDC1440 14.4V Drill Tool OnlyA,Default,EB-205234593848,"Black and Decker CDC1440 14.4V Drill Tool OnlyA. Category: Collectibles & Antiques. Sold by OnlineRecycle — tested, described accurately. Local pickup available in Central Florida or ships with tracking.",14.98,USD,Collectibles & Antiques,TRUE,TRUE,TRUE,1
,DNJ HS120 Head Gasket Spacer Shim For 96-12 Hyundai Elantra 2.0L L4 DOHC 16vk,Default,EB-205238636877,"DNJ HS120 Head Gasket Spacer Shim For 96-12 Hyundai Elantra 2.0L L4 DOHC 16vk. Category: Auto Parts. Sold by OnlineRecycle — tested, described accurately. Local pickup available in Central Florida or ships with tracking.",38.99,USD,Auto Parts,TRUE,TRUE,TRUE,1
,Handmade Real Birch Leaf Gold Plated Pendant from Massachusetts..60'sH,Default,EB-205240241949,"Handmade Real Birch Leaf Gold Plated Pendant from Massachusetts..60'sH. Category: Collectibles & Antiques. Sold by OnlineRecycle — tested, described accurately. Local pickup available in Central Florida or ships with tracking.",23.97,USD,Collectibles & Antiques,TRUE,TRUE,TRUE,1
,Lot 2 Genuine Toshiba No AC 2 Pin Power Cords 19V 1.58A 30W OEM PA3922U-1ACAH,Default,EB-205242292819,"Lot 2 Genuine Toshiba No AC 2 Pin Power Cords 19V 1.58A 30W OEM PA3922U-1ACAH. Category: Collectibles & Antiques. Sold by OnlineRecycle — tested, described accurately. Local pickup available in Central Florida or ships with tracking.",14.94,USD,Collectibles & Antiques,TRUE,TRUE,TRUE,1
,300M WIFI AP/ Router/ Repeater Wifi ExtenderH,Default,EB-205244552590,"300M WIFI AP/ Router/ Repeater Wifi ExtenderH. Category: Collectibles & Antiques. Sold by OnlineRecycle — tested, described accurately. Local pickup available in Central Florida or ships with tracking.",14.98,USD,Collectibles & Antiques,TRUE,TRUE,TRUE,1
,CompanyHoco Dual USB Car Charger Z23. Dual USB Car Charger Z23. 6957531078005H,Default,EB-205244764564,"CompanyHoco Dual USB Car Charger Z23. Dual USB Car Charger Z23. 6957531078005H. Category: Collectibles & Antiques. Sold by OnlineRecycle — tested, described accurately. Local pickup available in Central Florida or ships with tracking.",12.98,USD,Collectibles & Antiques,TRUE,TRUE,TRUE,1
,Nite Ize PowerKey Data Cable for Micro USB Charging Syncing Portable KeychainH,Default,EB-205244787888,"Nite Ize PowerKey Data Cable for Micro USB Charging Syncing Portable KeychainH. Category: Collectibles & Antiques. Sold by OnlineRecycle — tested, described accurately. Local pickup available in Central Florida or ships with tracking.",9.99,USD,Collectibles & Antiques,TRUE,TRUE,TRUE,1
,Hoco brand micro usb portable key chain chargerH,Default,EB-205244800698,"Hoco brand micro usb portable key chain chargerH. Category: Collectibles & Antiques. Sold by OnlineRecycle — tested, described accurately. Local pickup available in Central Florida or ships with tracking.",5.99,USD,Collectibles & Antiques,TRUE,TRUE,TRUE,1
,New! Genuine W10568619 Whirlpool Washer Feet-LvlngH,Default,EB-205244803340,"New! Genuine W10568619 Whirlpool Washer Feet-LvlngH. Category: Collectibles & Antiques. Sold by OnlineRecycle — tested, described accurately. Local pickup available in Central Florida or ships with tracking.",4.49,USD,Collectibles & Antiques,TRUE,TRUE,TRUE,1
,"CORD BYTES Cable Protectors 6075 2 Pack Tzumi, Kitty Cat, Dog NEWH",Default,EB-205244805069,"CORD BYTES Cable Protectors 6075 2 Pack Tzumi, Kitty Cat, Dog NEWH. Category: Collectibles & Antiques. Sold by OnlineRecycle — tested, described accurately. Local pickup available in Central Florida or ships with tracking.",8.99,USD,Collectibles & Antiques,TRUE,TRUE,TRUE,1
,RG-59/U Coaxial Cable Platinum Trucker Series H,Default,EB-205245125764,"RG-59/U Coaxial Cable Platinum Trucker Series H. Category: Collectibles & Antiques. Sold by OnlineRecycle — tested, described accurately. Local pickup available in Central Florida or ships with tracking.",9.41,USD,Collectibles & Antiques,TRUE,TRUE,TRUE,1
,DAP Dynaflex 230 10.1 oz. White Premium Elastomeric ExteriorInterior Window BINJ,Default,EB-205245630313,"DAP Dynaflex 230 10.1 oz. White Premium Elastomeric ExteriorInterior Window BINJ. Category: Collectibles & Antiques. Sold by OnlineRecycle — tested, described accurately. Local pickup available in Central Florida or ships with tracking.",5.99,USD,Collectibles & Antiques,TRUE,TRUE,TRUE,6
,"Apple Computer Power Cable, 2-Prong Power Adapter Extension Cable 6 Ft.H",Default,EB-205252582834,"Apple Computer Power Cable, 2-Prong Power Adapter Extension Cable 6 Ft.H. Category: Collectibles & Antiques. Sold by OnlineRecycle — tested, described accurately. Local pickup available in Central Florida or ships with tracking.",5.99,USD,Collectibles & Antiques,TRUE,TRUE,TRUE,1
,Genuine MNC MAUS-120200 Power Supply Adaptor 12V 2A OEM AC/DC AdapterH,Default,EB-205252690912,"Genuine MNC MAUS-120200 Power Supply Adaptor 12V 2A OEM AC/DC AdapterH. Category: Collectibles & Antiques. Sold by OnlineRecycle — tested, described accurately. Local pickup available in Central Florida or ships with tracking.",8.99,USD,Collectibles & Antiques,TRUE,TRUE,TRUE,1
,Wildlife Research Odorless Super Charged Scent Killer Spray - 24oz. -j,Default,EB-205252924764,"Wildlife Research Odorless Super Charged Scent Killer Spray - 24oz. -j. Category: Collectibles & Antiques. Sold by OnlineRecycle — tested, described accurately. Local pickup available in Central Florida or ships with tracking.",13.98,USD,Collectibles & Antiques,TRUE,TRUE,TRUE,1
,"Meguiar's G190526 Hybrid Ceramic Wax Spray, 26 Oz.",Default,EB-205252941490,"Meguiar's G190526 Hybrid Ceramic Wax Spray, 26 Oz.. Category: General Merchandise. Sold by OnlineRecycle — tested, described accurately. Local pickup available in Central Florida or ships with tracking.",21.97,USD,General Merchandise,TRUE,TRUE,TRUE,1
,Gunk Original 15 Oz. Aerosol Engine Cleaner/Degreaser EB1 B,Default,EB-205253026867,"Gunk Original 15 Oz. Aerosol Engine Cleaner/Degreaser EB1 B. Category: Auto Parts. Sold by OnlineRecycle — tested, described accurately. Local pickup available in Central Florida or ships with tracking.",6.74,USD,Auto Parts,TRUE,TRUE,TRUE,1
,"Takers (Blu-ray, 2010) - Tested",Default,EB-205253031510,"Takers (Blu-ray, 2010) - Tested. Category: Movies & Entertainment. Sold by OnlineRecycle — tested, described accurately. Local pickup available in Central Florida or ships with tracking.",3.83,USD,Movies & Entertainment,TRUE,TRUE,TRUE,1
,"Magic: The Gathering -- Battlegrounds (Microsoft Xbox, 2003) Atari TestedH",Default,EB-205253052613,"Magic: The Gathering -- Battlegrounds (Microsoft Xbox, 2003) Atari TestedH. Category: Video Games. Sold by OnlineRecycle — tested, described accurately. Local pickup available in Central Florida or ships with tracking.",11.99,USD,Video Games,TRUE,TRUE,TRUE,1
,"4 1/4"" Snap-in Shower Drain Grate - Oil Rubbed Bronze - Oil-rubbedB",Default,EB-205253069790,"4 1/4"" Snap-in Shower Drain Grate - Oil Rubbed Bronze - Oil-rubbedB. Category: Collectibles & Antiques. Sold by OnlineRecycle — tested, described accurately. Local pickup available in Central Florida or ships with tracking.",13.22,USD,Collectibles & Antiques,TRUE,TRUE,TRUE,1
,Sherwin Williams 950A Silicon Acrylic Latex Caulk 10.1oz White/Blanco SINGLE’B,Default,EB-205253076270,"Sherwin Williams 950A Silicon Acrylic Latex Caulk 10.1oz White/Blanco SINGLE’B. Category: Collectibles & Antiques. Sold by OnlineRecycle — tested, described accurately. Local pickup available in Central Florida or ships with tracking.",5.00,USD,Collectibles & Antiques,TRUE,TRUE,TRUE,1
,104913 Mechanic Socket Craftsman 7/8B,Default,EB-205253101677,"104913 Mechanic Socket Craftsman 7/8B. Category: Tools & Hardware. Sold by OnlineRecycle — tested, described accurately. Local pickup available in Central Florida or ships with tracking.",7.99,USD,Tools & Hardware,TRUE,TRUE,TRUE,1
,GOLD MEDAL HARLEEM OIL VINTAGE FULL MEDICINE BOTTLE,Default,EB-205254188652,"GOLD MEDAL HARLEEM OIL VINTAGE FULL MEDICINE BOTTLE. Category: Collectibles & Antiques. Sold by OnlineRecycle — tested, described accurately. Local pickup available in Central Florida or ships with tracking.",14.98,USD,Collectibles & Antiques,TRUE,TRUE,TRUE,1
,New Stens Fuel Cap 125-352 For John Deere AM35120A,Default,EB-205254188654,"New Stens Fuel Cap 125-352 For John Deere AM35120A. Category: Collectibles & Antiques. Sold by OnlineRecycle — tested, described accurately. Local pickup available in Central Florida or ships with tracking.",24.98,USD,Collectibles & Antiques,TRUE,TRUE,TRUE,1
,Nice Restoration Hardware Naughty Elf Set 6 Salad Plates Boxed RARE Vintage H,Default,EB-205254188661,"Nice Restoration Hardware Naughty Elf Set 6 Salad Plates Boxed RARE Vintage H. Category: Collectibles & Antiques. Sold by OnlineRecycle — tested, described accurately. Local pickup available in Central Florida or ships with tracking.",69.98,USD,Collectibles & Antiques,TRUE,TRUE,TRUE,1
,"Used Tork Xpressnap Tabletop Napkin Dispenser, Customize Display TYPE, Black-C",Default,EB-205254188662,"Used Tork Xpressnap Tabletop Napkin Dispenser, Customize Display TYPE, Black-C. Category: Collectibles & Antiques. Sold by OnlineRecycle — tested, described accurately. Local pickup available in Central Florida or ships with tracking.",13.49,USD,Collectibles & Antiques,TRUE,TRUE,TRUE,6
,1 Pc. Front or Rear Wheel Hub Bearing Assembly q032425844 HB13253-CC,Default,EB-205254188666,"1 Pc. Front or Rear Wheel Hub Bearing Assembly q032425844 HB13253-CC. Category: Auto Parts. Sold by OnlineRecycle — tested, described accurately. Local pickup available in Central Florida or ships with tracking.",29.98,USD,Auto Parts,TRUE,TRUE,TRUE,2
,Duncan Royale Collectors Ed History of Clowns American 1986 Clown Figurine LE,Default,IF_C665BDFE,"Duncan Royale Collectors Ed History of Clowns American 1986 Clown Figurine LE. Category: Collectibles & Antiques. Sold by OnlineRecycle — tested, described accurately. Local pickup available in Central Florida or ships with tracking.",58.99,USD,Collectibles & Antiques,TRUE,TRUE,TRUE,1
,Dorman 748-561 Rear Passenger Side Power Window Motor and Regulator AssemblyGA,Default,EB-205254188673,"Dorman 748-561 Rear Passenger Side Power Window Motor and Regulator AssemblyGA. Category: Auto Parts. Sold by OnlineRecycle — tested, described accurately. Local pickup available in Central Florida or ships with tracking.",25.18,USD,Auto Parts,TRUE,TRUE,TRUE,1
,02-03 Dodge RAM 1500 P56045433AH TIPM FUSEBOX Integrated Power Module #139 OEM,Default,EB-205254188676,"02-03 Dodge RAM 1500 P56045433AH TIPM FUSEBOX Integrated Power Module #139 OEM. Category: Auto Parts. Sold by OnlineRecycle — tested, described accurately. Local pickup available in Central Florida or ships with tracking.",120.00,USD,Auto Parts,TRUE,TRUE,TRUE,1
,COSTWAY FOOD SLICER Model: EP21999Tested Works ProperlyDeli- Restaurant-👌,Default,EB-205254188682,"COSTWAY FOOD SLICER Model: EP21999Tested Works ProperlyDeli- Restaurant-👌. Category: Collectibles & Antiques. Sold by OnlineRecycle — tested, described accurately. Local pickup available in Central Florida or ships with tracking.",69.98,USD,Collectibles & Antiques,TRUE,TRUE,TRUE,1
,Valley Sportsman Food Slicer Model No.:1A-FS222 7.5 TestedDeli-Restaurant,Default,EB-205254188685,"Valley Sportsman Food Slicer Model No.:1A-FS222 7.5 TestedDeli-Restaurant. Category: Collectibles & Antiques. Sold by OnlineRecycle — tested, described accurately. Local pickup available in Central Florida or ships with tracking.",59.98,USD,Collectibles & Antiques,TRUE,TRUE,TRUE,1
,Shoe Loop Swing for Swing PART NO. Y-00211 2P E,Default,EB-205254188688,"Shoe Loop Swing for Swing PART NO. Y-00211 2P E. Category: Collectibles & Antiques. Sold by OnlineRecycle — tested, described accurately. Local pickup available in Central Florida or ships with tracking.",9.99,USD,Collectibles & Antiques,TRUE,TRUE,TRUE,1
,P52080345AC - OEM Anti-Lock Brake Assembly With Bracket,Default,EB-205254188692,"P52080345AC - OEM Anti-Lock Brake Assembly With Bracket. Category: Auto Parts. Sold by OnlineRecycle — tested, described accurately. Local pickup available in Central Florida or ships with tracking.",84.99,USD,Auto Parts,TRUE,TRUE,TRUE,1
,Genuine Mopar Headlamp To Dash Wiring 56055290AF BinZ,Default,EB-205254188695,"Genuine Mopar Headlamp To Dash Wiring 56055290AF BinZ. Category: Auto Parts. Sold by OnlineRecycle — tested, described accurately. Local pickup available in Central Florida or ships with tracking.",99.00,USD,Auto Parts,TRUE,TRUE,TRUE,1
,1994-1996 Dodge Chrysler ABS Module Computer Pump BR56026893 BinZ,Default,EB-205254188698,"1994-1996 Dodge Chrysler ABS Module Computer Pump BR56026893 BinZ. Category: Auto Parts. Sold by OnlineRecycle — tested, described accurately. Local pickup available in Central Florida or ships with tracking.",59.98,USD,Auto Parts,TRUE,TRUE,TRUE,1
,"Wheel Adapter Chev 4 3/4"" Wheel to 4x13022.35mm thick aluminiumChev 10",Default,EB-205254188699,"Wheel Adapter Chev 4 3/4"" Wheel to 4x13022.35mm thick aluminiumChev 10. Category: Auto Parts. Sold by OnlineRecycle — tested, described accurately. Local pickup available in Central Florida or ships with tracking.",39.98,USD,Auto Parts,TRUE,TRUE,TRUE,1
,Ryobi Gray Hard Plastic Molded Carrying Case for Drill (case only) - Very Good,Default,EB-205254188702,"Ryobi Gray Hard Plastic Molded Carrying Case for Drill (case only) - Very Good. Category: Collectibles & Antiques. Sold by OnlineRecycle — tested, described accurately. Local pickup available in Central Florida or ships with tracking.",9.99,USD,Collectibles & Antiques,TRUE,TRUE,TRUE,1
,"ANTIQUE FRENCH IRON BOTTLE CARRIER Dual Handle RARE ,EARLY 20th CENTURY.T",Default,EB-205254188703,"ANTIQUE FRENCH IRON BOTTLE CARRIER Dual Handle RARE ,EARLY 20th CENTURY.T. Category: Collectibles & Antiques. Sold by OnlineRecycle — tested, described accurately. Local pickup available in Central Florida or ships with tracking.",49.98,USD,Collectibles & Antiques,TRUE,TRUE,TRUE,1
,Chrysler Abs 4x2 Brake Controller 4868042aa Pbtgf30,Default,EB-205254188707,"Chrysler Abs 4x2 Brake Controller 4868042aa Pbtgf30. Category: Auto Parts. Sold by OnlineRecycle — tested, described accurately. Local pickup available in Central Florida or ships with tracking.",98.99,USD,Auto Parts,TRUE,TRUE,TRUE,1
,03-04 Jeep ABS Pump Control Module N Mounting Bracket OEM P52080345AC OEM,Default,EB-205254188709,"03-04 Jeep ABS Pump Control Module N Mounting Bracket OEM P52080345AC OEM. Category: Auto Parts. Sold by OnlineRecycle — tested, described accurately. Local pickup available in Central Florida or ships with tracking.",68.99,USD,Auto Parts,TRUE,TRUE,TRUE,1
,11 Dodge Caravan Speedometer OEM P68055681AE OEM,Default,EB-205254188713,"11 Dodge Caravan Speedometer OEM P68055681AE OEM. Category: Auto Parts. Sold by OnlineRecycle — tested, described accurately. Local pickup available in Central Florida or ships with tracking.",48.99,USD,Auto Parts,TRUE,TRUE,TRUE,1
,Whitetail partial skull/face 6 point no mount Inv#GA2,Default,EB-205254188715,"Whitetail partial skull/face 6 point no mount Inv#GA2. Category: Collectibles & Antiques. Sold by OnlineRecycle — tested, described accurately. Local pickup available in Central Florida or ships with tracking.",19.98,USD,Collectibles & Antiques,TRUE,TRUE,TRUE,1
,748-560 Dorman Window Regulator Rear Driver Left Side for Ram Truck 1500GA,Default,EB-205254188719,"748-560 Dorman Window Regulator Rear Driver Left Side for Ram Truck 1500GA. Category: Auto Parts. Sold by OnlineRecycle — tested, described accurately. Local pickup available in Central Florida or ships with tracking.",19.00,USD,Auto Parts,TRUE,TRUE,TRUE,1
,Depo Headlight Lens Housing for Dodge 333-1104 #ga17,Default,EB-205254188720,"Depo Headlight Lens Housing for Dodge 333-1104 #ga17. Category: Auto Parts. Sold by OnlineRecycle — tested, described accurately. Local pickup available in Central Florida or ships with tracking.",14.98,USD,Auto Parts,TRUE,TRUE,TRUE,1
,Genuine Mopar Trans Mount 05274952AAatcshlve,Default,EB-205254188722,"Genuine Mopar Trans Mount 05274952AAatcshlve. Category: Auto Parts. Sold by OnlineRecycle — tested, described accurately. Local pickup available in Central Florida or ships with tracking.",49.99,USD,Auto Parts,TRUE,TRUE,TRUE,1
,1992 Fleer Baseball 720 Card Set 24 Rookies 55 Hall Of Famers Many in Binder H,Default,EB-205254188723,"1992 Fleer Baseball 720 Card Set 24 Rookies 55 Hall Of Famers Many in Binder H. Category: Collectibles & Antiques. Sold by OnlineRecycle — tested, described accurately. Local pickup available in Central Florida or ships with tracking.",29.98,USD,Collectibles & Antiques,TRUE,TRUE,TRUE,1
,Yamaha 10 inch Subwoofer Driver (YH942A0) Replacement For NS-SW100BL,Default,EB-205254188732,"Yamaha 10 inch Subwoofer Driver (YH942A0) Replacement For NS-SW100BL. Category: Collectibles & Antiques. Sold by OnlineRecycle — tested, described accurately. Local pickup available in Central Florida or ships with tracking.",29.98,USD,Collectibles & Antiques,TRUE,TRUE,TRUE,1
,DODGE PICKUP 1500 Dodge Dash Vent Trim Bezel with Headlamp Light Switch 2005,Default,EB-205254188737,"DODGE PICKUP 1500 Dodge Dash Vent Trim Bezel with Headlamp Light Switch 2005. Category: General Merchandise. Sold by OnlineRecycle — tested, described accurately. Local pickup available in Central Florida or ships with tracking.",24.99,USD,General Merchandise,TRUE,TRUE,TRUE,1
,Disc Brake Pad Set CARQUEST PXD2186H fits 18-21 Jeep Wrangler,Default,EB-205254188739,"Disc Brake Pad Set CARQUEST PXD2186H fits 18-21 Jeep Wrangler. Category: General Merchandise. Sold by OnlineRecycle — tested, described accurately. Local pickup available in Central Florida or ships with tracking.",28.99,USD,General Merchandise,TRUE,TRUE,TRUE,1
,Moog 513286 Front Wheel Hub Bearing & Hub Assembly -Heavy Dutyc,Default,EB-205254188740,"Moog 513286 Front Wheel Hub Bearing & Hub Assembly -Heavy Dutyc. Category: Auto Parts. Sold by OnlineRecycle — tested, described accurately. Local pickup available in Central Florida or ships with tracking.",29.98,USD,Auto Parts,TRUE,TRUE,TRUE,2
,1998 Rare VintageDodge Ram Wire Harnes Discontinued56020684AB C ga20,Default,EB-205254188742,"1998 Rare VintageDodge Ram Wire Harnes Discontinued56020684AB C ga20. Category: Auto Parts. Sold by OnlineRecycle — tested, described accurately. Local pickup available in Central Florida or ships with tracking.",99.00,USD,Auto Parts,TRUE,TRUE,TRUE,1
,56055290AF Headlamp To Dash Wiring for Chrysler Everything In Photos Included,Default,EB-205254188743,"56055290AF Headlamp To Dash Wiring for Chrysler Everything In Photos Included. Category: General Merchandise. Sold by OnlineRecycle — tested, described accurately. Local pickup available in Central Florida or ships with tracking.",98.99,USD,General Merchandise,TRUE,TRUE,TRUE,1
,98-01 Dodge Ram Passenger Side Power Window Lock Switch W/ Bezel OEM K,Default,EB-205255190242,"98-01 Dodge Ram Passenger Side Power Window Lock Switch W/ Bezel OEM K. Category: Auto Parts. Sold by OnlineRecycle — tested, described accurately. Local pickup available in Central Florida or ships with tracking.",28.99,USD,Auto Parts,TRUE,TRUE,TRUE,5
,Head Gasket Set Head Bolts For Hyundai Elantra Tucson Fits Kia Soul 2.0L DOHCk,Default,EB-205255236232,"Head Gasket Set Head Bolts For Hyundai Elantra Tucson Fits Kia Soul 2.0L DOHCk. Category: Auto Parts. Sold by OnlineRecycle — tested, described accurately. Local pickup available in Central Florida or ships with tracking.",54.99,USD,Auto Parts,TRUE,TRUE,TRUE,1
,Bose 258359 Lifestyle TV On/Off SensorI,Default,EB-205258302070,"Bose 258359 Lifestyle TV On/Off SensorI. Category: Collectibles & Antiques. Sold by OnlineRecycle — tested, described accurately. Local pickup available in Central Florida or ships with tracking.",8.98,USD,Collectibles & Antiques,TRUE,TRUE,TRUE,1
,Klien Coaxil CABLE SPLITTER i,Default,EB-205258309858,"Klien Coaxil CABLE SPLITTER i. Category: Collectibles & Antiques. Sold by OnlineRecycle — tested, described accurately. Local pickup available in Central Florida or ships with tracking.",4.98,USD,Collectibles & Antiques,TRUE,TRUE,TRUE,1
,Window Crank 4615642 Fits 94-02 DODGE OEM #58,Default,EB-205259096939,"Window Crank 4615642 Fits 94-02 DODGE OEM #58. Category: Auto Parts. Sold by OnlineRecycle — tested, described accurately. Local pickup available in Central Florida or ships with tracking.",7.99,USD,Auto Parts,TRUE,TRUE,TRUE,1
,Motorola Arris SURFboard Modem & Wi-Fi Router - AC1800M SBG6782-ACbinE,Default,EB-205259096943,"Motorola Arris SURFboard Modem & Wi-Fi Router - AC1800M SBG6782-ACbinE. Category: Collectibles & Antiques. Sold by OnlineRecycle — tested, described accurately. Local pickup available in Central Florida or ships with tracking.",24.99,USD,Collectibles & Antiques,TRUE,TRUE,TRUE,1
,03 Dodge Ram 1500 Transmission Control Module TCM ECU Dodge P/N 56028816AB #123,Default,EB-205259096944,"03 Dodge Ram 1500 Transmission Control Module TCM ECU Dodge P/N 56028816AB #123. Category: General Merchandise. Sold by OnlineRecycle — tested, described accurately. Local pickup available in Central Florida or ships with tracking.",29.98,USD,General Merchandise,TRUE,TRUE,TRUE,1
,98-01 Dodge Ram 1500 Bottom Lower Center Dash Trim Bezel 5GJ24RC8AA Gray OEM,Default,EB-205259096947,"98-01 Dodge Ram 1500 Bottom Lower Center Dash Trim Bezel 5GJ24RC8AA Gray OEM. Category: General Merchandise. Sold by OnlineRecycle — tested, described accurately. Local pickup available in Central Florida or ships with tracking.",29.98,USD,General Merchandise,TRUE,TRUE,TRUE,1
,OEM 2004 Dodge Ram TURN SIGNAL SWITCH 56045515AA #138,Default,EB-205259096950,"OEM 2004 Dodge Ram TURN SIGNAL SWITCH 56045515AA #138. Category: Auto Parts. Sold by OnlineRecycle — tested, described accurately. Local pickup available in Central Florida or ships with tracking.",14.99,USD,Auto Parts,TRUE,TRUE,TRUE,1
,Brake Light Switch for Dodge 1999-2010 ESS/DN/006A OEM 56045043AD,Default,EB-205259096954,"Brake Light Switch for Dodge 1999-2010 ESS/DN/006A OEM 56045043AD. Category: General Merchandise. Sold by OnlineRecycle — tested, described accurately. Local pickup available in Central Florida or ships with tracking.",14.98,USD,General Merchandise,TRUE,TRUE,TRUE,1
,DEWALT DDF3121650 MGV 3-in with Washer P50115 Qty 22 K,Default,EB-205259096955,"DEWALT DDF3121650 MGV 3-in with Washer P50115 Qty 22 K. Category: Collectibles & Antiques. Sold by OnlineRecycle — tested, described accurately. Local pickup available in Central Florida or ships with tracking.",14.98,USD,Collectibles & Antiques,TRUE,TRUE,TRUE,1
,1 - 1/2 Inch Disconnect Clip for Push to Connect Brass Plumbing FittingsV,Default,EB-205259096959,"1 - 1/2 Inch Disconnect Clip for Push to Connect Brass Plumbing FittingsV. Category: Collectibles & Antiques. Sold by OnlineRecycle — tested, described accurately. Local pickup available in Central Florida or ships with tracking.",12.99,USD,Collectibles & Antiques,TRUE,TRUE,TRUE,1
,"Ikelite Underwater Camera Housing, Clear Lens - Serial Nmber UC 22698k",Default,EB-205259096964,"Ikelite Underwater Camera Housing, Clear Lens - Serial Nmber UC 22698k. Category: Collectibles & Antiques. Sold by OnlineRecycle — tested, described accurately. Local pickup available in Central Florida or ships with tracking.",24.99,USD,Collectibles & Antiques,TRUE,TRUE,TRUE,1
,Vintage RareCopper Full Moon Earrings binE,Default,EB-205259096966,"Vintage RareCopper Full Moon Earrings binE. Category: Collectibles & Antiques. Sold by OnlineRecycle — tested, described accurately. Local pickup available in Central Florida or ships with tracking.",49.99,USD,Collectibles & Antiques,TRUE,TRUE,TRUE,1
,98-01 Dodge Ram 2500 Brake Realase Handel Oem Factory Part #50,Default,EB-205259096971,"98-01 Dodge Ram 2500 Brake Realase Handel Oem Factory Part #50. Category: Auto Parts. Sold by OnlineRecycle — tested, described accurately. Local pickup available in Central Florida or ships with tracking.",4.98,USD,Auto Parts,TRUE,TRUE,TRUE,1
,"Windshield Washer Pump OEM Chrysler, Dodge, Jeep | 5103452AA BinL",Default,EB-205259096973,"Windshield Washer Pump OEM Chrysler, Dodge, Jeep | 5103452AA BinL. Category: General Merchandise. Sold by OnlineRecycle — tested, described accurately. Local pickup available in Central Florida or ships with tracking.",9.99,USD,General Merchandise,TRUE,TRUE,TRUE,1
,Left Driver Ram 1500/2500/3500 55277303AB Taillight,Default,EB-205259096976,"Left Driver Ram 1500/2500/3500 55277303AB Taillight. Category: General Merchandise. Sold by OnlineRecycle — tested, described accurately. Local pickup available in Central Florida or ships with tracking.",44.99,USD,General Merchandise,TRUE,TRUE,TRUE,1
,Gray Glove Box Latch Compartment Handle Lock OEM With Key Chrysler Dodge Jeep,Default,EB-205259096977,"Gray Glove Box Latch Compartment Handle Lock OEM With Key Chrysler Dodge Jeep. Category: General Merchandise. Sold by OnlineRecycle — tested, described accurately. Local pickup available in Central Florida or ships with tracking.",17.49,USD,General Merchandise,TRUE,TRUE,TRUE,1
,OEM 2002 - 2008 DODGE RAM 1500 HUBCAP BLACK CENTER CAP 52110444AA BinW,Default,EB-205259096981,"OEM 2002 - 2008 DODGE RAM 1500 HUBCAP BLACK CENTER CAP 52110444AA BinW. Category: General Merchandise. Sold by OnlineRecycle — tested, described accurately. Local pickup available in Central Florida or ships with tracking.",9.99,USD,General Merchandise,TRUE,TRUE,TRUE,4
,02 03 04 05 06 07 08 DODGE RAM 1500 PICKUP BLOWER MOTOR W/DUAL ZONE CONTROL,Default,EB-205259096982,"02 03 04 05 06 07 08 DODGE RAM 1500 PICKUP BLOWER MOTOR W/DUAL ZONE CONTROL. Category: General Merchandise. Sold by OnlineRecycle — tested, described accurately. Local pickup available in Central Florida or ships with tracking.",24.98,USD,General Merchandise,TRUE,TRUE,TRUE,1
,Front Right Side Seat Recliner Handle Lever OEM Ram 1500 2500 3500 55196021 #57,Default,EB-205259096985,"Front Right Side Seat Recliner Handle Lever OEM Ram 1500 2500 3500 55196021 #57. Category: Auto Parts. Sold by OnlineRecycle — tested, described accurately. Local pickup available in Central Florida or ships with tracking.",4.99,USD,Auto Parts,TRUE,TRUE,TRUE,1
,2008-2010 Dodge Glove Box Door Latch Lock Handle With ke 5JM55TRMAC OEM,Default,EB-205259096991,"2008-2010 Dodge Glove Box Door Latch Lock Handle With ke 5JM55TRMAC OEM. Category: General Merchandise. Sold by OnlineRecycle — tested, described accurately. Local pickup available in Central Florida or ships with tracking.",29.98,USD,General Merchandise,TRUE,TRUE,TRUE,1
,2011 Dodge Caravan Speedometer OEM P68055681AE,Default,EB-205259097000,"2011 Dodge Caravan Speedometer OEM P68055681AE. Category: Auto Parts. Sold by OnlineRecycle — tested, described accurately. Local pickup available in Central Florida or ships with tracking.",48.99,USD,Auto Parts,TRUE,TRUE,TRUE,1
,08-17 Ford E-450 Super Duty Coolant Overflow Tank Bottle Reservoir OEM AK2207159,Default,EB-205259097001,"08-17 Ford E-450 Super Duty Coolant Overflow Tank Bottle Reservoir OEM AK2207159. Category: General Merchandise. Sold by OnlineRecycle — tested, described accurately. Local pickup available in Central Florida or ships with tracking.",38.99,USD,General Merchandise,TRUE,TRUE,TRUE,1
,OEM 2000 Dodge Ram 1500 TRUCK VAN LH DRIVER SIDE MASTER POWER WINDOW SWITCH,Default,EB-205259097002,"OEM 2000 Dodge Ram 1500 TRUCK VAN LH DRIVER SIDE MASTER POWER WINDOW SWITCH. Category: Auto Parts. Sold by OnlineRecycle — tested, described accurately. Local pickup available in Central Florida or ships with tracking.",24.99,USD,Auto Parts,TRUE,TRUE,TRUE,1
,Environmental rhino Slit Drum Set 2 PC Rare Never Used!!,Default,EB-205259097003,"Environmental rhino Slit Drum Set 2 PC Rare Never Used!!. Category: Collectibles & Antiques. Sold by OnlineRecycle — tested, described accurately. Local pickup available in Central Florida or ships with tracking.",24.98,USD,Collectibles & Antiques,TRUE,TRUE,TRUE,1
,98 99 00 01 Dodge Ram Dash Trim Module Cover 5GJ24TRMAA 1500 2500 3500 1709 OEM,Default,EB-205259097005,"98 99 00 01 Dodge Ram Dash Trim Module Cover 5GJ24TRMAA 1500 2500 3500 1709 OEM. Category: General Merchandise. Sold by OnlineRecycle — tested, described accurately. Local pickup available in Central Florida or ships with tracking.",28.99,USD,General Merchandise,TRUE,TRUE,TRUE,1
,"Blum COMPACT 1/2"" Overlay Wrap Around Press-In Hinge Soft Close Feature T",Default,EB-205259097008,"Blum COMPACT 1/2"" Overlay Wrap Around Press-In Hinge Soft Close Feature T. Category: Collectibles & Antiques. Sold by OnlineRecycle — tested, described accurately. Local pickup available in Central Florida or ships with tracking.",4.99,USD,Collectibles & Antiques,TRUE,TRUE,TRUE,11
,"Rear Window Switch with Bezel 2003-2005 Ram 1500 2500 3500, 56007695AC B#A. 2",Default,EB-205259097009,"Rear Window Switch with Bezel 2003-2005 Ram 1500 2500 3500, 56007695AC B#A. 2. Category: Auto Parts. Sold by OnlineRecycle — tested, described accurately. Local pickup available in Central Florida or ships with tracking.",9.99,USD,Auto Parts,TRUE,TRUE,TRUE,1
,OEM Samsung NU7100 49 55 TV Speakers BN63-17539X001 BN63-17533X001 Binz,Default,EB-205259097010,"OEM Samsung NU7100 49 55 TV Speakers BN63-17539X001 BN63-17533X001 Binz. Category: Collectibles & Antiques. Sold by OnlineRecycle — tested, described accurately. Local pickup available in Central Florida or ships with tracking.",9.98,USD,Collectibles & Antiques,TRUE,TRUE,TRUE,1
,AO1-957 2012 DODGE FRONT HVAC HEAT A/C BLOWER MOTOR RESISTOR OEM PARTS,Default,EB-205259097013,"AO1-957 2012 DODGE FRONT HVAC HEAT A/C BLOWER MOTOR RESISTOR OEM PARTS. Category: General Merchandise. Sold by OnlineRecycle — tested, described accurately. Local pickup available in Central Florida or ships with tracking.",25.98,USD,General Merchandise,TRUE,TRUE,TRUE,1
,2018 DODGE GRAND CARAVAN LH SLIDING DOOR SWITCH 1ES33BD1AB,Default,EB-205259097015,"2018 DODGE GRAND CARAVAN LH SLIDING DOOR SWITCH 1ES33BD1AB. Category: Auto Parts. Sold by OnlineRecycle — tested, described accurately. Local pickup available in Central Florida or ships with tracking.",9.98,USD,Auto Parts,TRUE,TRUE,TRUE,1
,Dodge Ram AC Vent 5 Total !!! OEM #54,Default,EB-205259097018,"Dodge Ram AC Vent 5 Total !!! OEM #54. Category: Auto Parts. Sold by OnlineRecycle — tested, described accurately. Local pickup available in Central Florida or ships with tracking.",13.99,USD,Auto Parts,TRUE,TRUE,TRUE,1
,Blood Pressure Monitor Cuff Greater Goods Digital BP Meter - Speaks - #102,Default,EB-205259097021,"Blood Pressure Monitor Cuff Greater Goods Digital BP Meter - Speaks - #102. Category: Collectibles & Antiques. Sold by OnlineRecycle — tested, described accurately. Local pickup available in Central Florida or ships with tracking.",14.98,USD,Collectibles & Antiques,TRUE,TRUE,TRUE,1
,3 Pack Type VI Hot Tub SPA Pool Filter Replacement Coleman Saluspa Lay-Z-SpaH,Default,EB-205259097022,"3 Pack Type VI Hot Tub SPA Pool Filter Replacement Coleman Saluspa Lay-Z-SpaH. Category: Collectibles & Antiques. Sold by OnlineRecycle — tested, described accurately. Local pickup available in Central Florida or ships with tracking.",28.98,USD,Collectibles & Antiques,TRUE,TRUE,TRUE,1
,2002 - 2015 Dodge Dakota Ram Floor Rear Seat Dual Cup Holder OEM #ga23,Default,EB-205259097023,"2002 - 2015 Dodge Dakota Ram Floor Rear Seat Dual Cup Holder OEM #ga23. Category: General Merchandise. Sold by OnlineRecycle — tested, described accurately. Local pickup available in Central Florida or ships with tracking.",11.99,USD,General Merchandise,TRUE,TRUE,TRUE,1
,56024b Dodge AC Control 97-01 OEM #135,Default,EB-205259097024,"56024b Dodge AC Control 97-01 OEM #135. Category: General Merchandise. Sold by OnlineRecycle — tested, described accurately. Local pickup available in Central Florida or ships with tracking.",38.99,USD,General Merchandise,TRUE,TRUE,TRUE,1
,Chrysler DODGE JEEP Multi Switch 04602879AB OEM #ga4,Default,EB-205259097028,"Chrysler DODGE JEEP Multi Switch 04602879AB OEM #ga4. Category: Auto Parts. Sold by OnlineRecycle — tested, described accurately. Local pickup available in Central Florida or ships with tracking.",14.99,USD,Auto Parts,TRUE,TRUE,TRUE,1
,Purolator PL36135 Oil Filters for VW Dodge Charger Grand Caravan Town & Country,Default,EB-205259097032,"Purolator PL36135 Oil Filters for VW Dodge Charger Grand Caravan Town & Country. Category: General Merchandise. Sold by OnlineRecycle — tested, described accurately. Local pickup available in Central Florida or ships with tracking.",14.98,USD,General Merchandise,TRUE,TRUE,TRUE,1
,03-08 Ram Rear Window Switch 2 Pack OEM BinA,Default,EB-205259097033,"03-08 Ram Rear Window Switch 2 Pack OEM BinA. Category: Auto Parts. Sold by OnlineRecycle — tested, described accurately. Local pickup available in Central Florida or ships with tracking.",9.99,USD,Auto Parts,TRUE,TRUE,TRUE,2
,"WLL43/4T Steel 4 Ton Capacity 3/4"" Clevis Hook Screw Pin Shackle",Default,EB-205259097036,"WLL43/4T Steel 4 Ton Capacity 3/4"" Clevis Hook Screw Pin Shackle. Category: Collectibles & Antiques. Sold by OnlineRecycle — tested, described accurately. Local pickup available in Central Florida or ships with tracking.",19.99,USD,Collectibles & Antiques,TRUE,TRUE,TRUE,1
,"Rear Window Switch with Bezel 2003-2005 Ram 1500 2500 3500, 56007695AC B#A",Default,EB-205259097040,"Rear Window Switch with Bezel 2003-2005 Ram 1500 2500 3500, 56007695AC B#A. Category: Auto Parts. Sold by OnlineRecycle — tested, described accurately. Local pickup available in Central Florida or ships with tracking.",9.99,USD,Auto Parts,TRUE,TRUE,TRUE,1
,Passenger Right Tail Light Decklid Mounted Fits 03-08 COROLLA 344262,Default,EB-205259097043,"Passenger Right Tail Light Decklid Mounted Fits 03-08 COROLLA 344262. Category: General Merchandise. Sold by OnlineRecycle — tested, described accurately. Local pickup available in Central Florida or ships with tracking.",11.99,USD,General Merchandise,TRUE,TRUE,TRUE,1
,LOU BROCK RAWLINGS MLB OFFICIAL 3000TH HIT BLUE SHARPIE Plus 1 Black pen 2 Autos,Default,EB-205259097044,"LOU BROCK RAWLINGS MLB OFFICIAL 3000TH HIT BLUE SHARPIE Plus 1 Black pen 2 Autos. Category: Collectibles & Antiques. Sold by OnlineRecycle — tested, described accurately. Local pickup available in Central Florida or ships with tracking.",48.99,USD,Collectibles & Antiques,TRUE,TRUE,TRUE,1
,Engine Crankshaft Position Sensor Dodge B1500 B2500 B3500 Dakota 3.9L OEM BinW,Default,EB-205259097045,"Engine Crankshaft Position Sensor Dodge B1500 B2500 B3500 Dakota 3.9L OEM BinW. Category: General Merchandise. Sold by OnlineRecycle — tested, described accurately. Local pickup available in Central Florida or ships with tracking.",7.99,USD,General Merchandise,TRUE,TRUE,TRUE,1
,Genuine Makita DC1410 High Capacity Battery Charger 7.2 9.6 12 14.4 V Tested G20,Default,EB-205259097046,"Genuine Makita DC1410 High Capacity Battery Charger 7.2 9.6 12 14.4 V Tested G20. Category: Collectibles & Antiques. Sold by OnlineRecycle — tested, described accurately. Local pickup available in Central Florida or ships with tracking.",11.99,USD,Collectibles & Antiques,TRUE,TRUE,TRUE,1
,Fuel Pump Module​ Assembly​ For 2002-03 Dodge Ram 1500 V6 V8 E7161M P75028M,Default,EB-205259097050,"Fuel Pump Module​ Assembly​ For 2002-03 Dodge Ram 1500 V6 V8 E7161M P75028M. Category: General Merchandise. Sold by OnlineRecycle — tested, described accurately. Local pickup available in Central Florida or ships with tracking.",14.99,USD,General Merchandise,TRUE,TRUE,TRUE,1
,Air Filter CARQUEST 93882,Default,EB-205259097054,"Air Filter CARQUEST 93882. Category: General Merchandise. Sold by OnlineRecycle — tested, described accurately. Local pickup available in Central Florida or ships with tracking.",29.98,USD,General Merchandise,TRUE,TRUE,TRUE,1
,"RareEverbilt 1"" Floor & Ceiling Plate Flange 1 Inch F&C Plate Flange CHROME Cb",Default,EB-205259097055,"RareEverbilt 1"" Floor & Ceiling Plate Flange 1 Inch F&C Plate Flange CHROME Cb. Category: Collectibles & Antiques. Sold by OnlineRecycle — tested, described accurately. Local pickup available in Central Florida or ships with tracking.",8.99,USD,Collectibles & Antiques,TRUE,TRUE,TRUE,3
,Window Crank 4615642 Fits 94-02 DODGE OEM #59,Default,EB-205259097057,"Window Crank 4615642 Fits 94-02 DODGE OEM #59. Category: Auto Parts. Sold by OnlineRecycle — tested, described accurately. Local pickup available in Central Florida or ships with tracking.",4.99,USD,Auto Parts,TRUE,TRUE,TRUE,1
,Head VOLO ONE FINS (Blue) Size L XL,Default,EB-205259097061,"Head VOLO ONE FINS (Blue) Size L XL. Category: Collectibles & Antiques. Sold by OnlineRecycle — tested, described accurately. Local pickup available in Central Florida or ships with tracking.",12.98,USD,Collectibles & Antiques,TRUE,TRUE,TRUE,1
,1999 2000 2001 Dodge Ram 1500 2500 Truck AV Climate Control 55056702AD #Ga8,Default,EB-205259097063,"1999 2000 2001 Dodge Ram 1500 2500 Truck AV Climate Control 55056702AD #Ga8. Category: General Merchandise. Sold by OnlineRecycle — tested, described accurately. Local pickup available in Central Florida or ships with tracking.",25.00,USD,General Merchandise,TRUE,TRUE,TRUE,1
,98-01 DODGE RAM 1500 98-02 RAM 2500 ASH TRAY INSERT DARK GRAY 55115859 OEM,Default,EB-205259097064,"98-01 DODGE RAM 1500 98-02 RAM 2500 ASH TRAY INSERT DARK GRAY 55115859 OEM. Category: Auto Parts. Sold by OnlineRecycle — tested, described accurately. Local pickup available in Central Florida or ships with tracking.",10.93,USD,Auto Parts,TRUE,TRUE,TRUE,1
,OEM 2002-2005 Dodge Ram 1500 Glove Box Beige Taupe BinL,Default,EB-205259097066,"OEM 2002-2005 Dodge Ram 1500 Glove Box Beige Taupe BinL. Category: General Merchandise. Sold by OnlineRecycle — tested, described accurately. Local pickup available in Central Florida or ships with tracking.",35.98,USD,General Merchandise,TRUE,TRUE,TRUE,1
,2- 6” Chain Replacement for Handheld Mini Electric Woodworking Chainsaw #P5,Default,EB-205259097071,"2- 6” Chain Replacement for Handheld Mini Electric Woodworking Chainsaw #P5. Category: Collectibles & Antiques. Sold by OnlineRecycle — tested, described accurately. Local pickup available in Central Florida or ships with tracking.",11.98,USD,Collectibles & Antiques,TRUE,TRUE,TRUE,1
,Turtle Wax WET N BLACK TIRE SHINE T217RAD,Default,EB-205261495626,"Turtle Wax WET N BLACK TIRE SHINE T217RAD. Category: General Merchandise. Sold by OnlineRecycle — tested, described accurately. Local pickup available in Central Florida or ships with tracking.",9.98,USD,General Merchandise,TRUE,TRUE,TRUE,1
,Duplicolor HWP103 High Performance Wheel Coating CLEARD,Default,EB-205261501002,"Duplicolor HWP103 High Performance Wheel Coating CLEARD. Category: General Merchandise. Sold by OnlineRecycle — tested, described accurately. Local pickup available in Central Florida or ships with tracking.",19.99,USD,General Merchandise,TRUE,TRUE,TRUE,1
,Vector Toughbrite Storm Tracker Tv/Lantern/Am-Fm/Weather RadioB,Default,EB-205261561967,"Vector Toughbrite Storm Tracker Tv/Lantern/Am-Fm/Weather RadioB. Category: Collectibles & Antiques. Sold by OnlineRecycle — tested, described accurately. Local pickup available in Central Florida or ships with tracking.",24.98,USD,Collectibles & Antiques,TRUE,TRUE,TRUE,1
,"That's You! (Sony PlayStation 4, 2017) - Tested & Working",Default,EB-205266597457,"That's You! (Sony PlayStation 4, 2017) - Tested & Working. Category: Video Games. Sold by OnlineRecycle — tested, described accurately. Local pickup available in Central Florida or ships with tracking.",4.98,USD,Video Games,TRUE,TRUE,TRUE,1
,Overwatch: Legendary Edition (Sony PlayStation 4),Default,EB-205266601807,"Overwatch: Legendary Edition (Sony PlayStation 4). Category: Video Games. Sold by OnlineRecycle — tested, described accurately. Local pickup available in Central Florida or ships with tracking.",2.99,USD,Video Games,TRUE,TRUE,TRUE,1
,That's You! PS4 PlayLink Sony PlayStation 4 New Sealed 2017,Default,EB-205266621235,"That's You! PS4 PlayLink Sony PlayStation 4 New Sealed 2017. Category: Collectibles & Antiques. Sold by OnlineRecycle — tested, described accurately. Local pickup available in Central Florida or ships with tracking.",5.30,USD,Collectibles & Antiques,TRUE,TRUE,TRUE,2
,"R.B.I. Baseball 17 (Microsoft Xbox One, 2017)",Default,EB-205266624118,"R.B.I. Baseball 17 (Microsoft Xbox One, 2017). Category: Video Games. Sold by OnlineRecycle — tested, described accurately. Local pickup available in Central Florida or ships with tracking.",1.00,USD,Video Games,TRUE,TRUE,TRUE,1
,Final Fantasy XIV: Heavensward Collector's Edition Sony PlayStation 4 PS4,Default,EB-205268103712,"Final Fantasy XIV: Heavensward Collector's Edition Sony PlayStation 4 PS4. Category: Collectibles & Antiques. Sold by OnlineRecycle — tested, described accurately. Local pickup available in Central Florida or ships with tracking.",68.99,USD,Collectibles & Antiques,TRUE,TRUE,TRUE,1
,"NBA 07 feat. Kobe Bryant (Sony PlayStation 3, 2006)",Default,EB-205268124161,"NBA 07 feat. Kobe Bryant (Sony PlayStation 3, 2006). Category: Video Games. Sold by OnlineRecycle — tested, described accurately. Local pickup available in Central Florida or ships with tracking.",9.96,USD,Video Games,TRUE,TRUE,TRUE,1
,FIFA 17 (Microsoft Xbox One) - New & Sealed,Default,EB-205268192254,"FIFA 17 (Microsoft Xbox One) - New & Sealed. Category: Video Games. Sold by OnlineRecycle — tested, described accurately. Local pickup available in Central Florida or ships with tracking.",7.75,USD,Video Games,TRUE,TRUE,TRUE,1
,"MADDEN 16 “DELUXE EDITION” XBOX ONE, EA SPORTS NFLPA",Default,EB-205268423930,"MADDEN 16 “DELUXE EDITION” XBOX ONE, EA SPORTS NFLPA. Category: Collectibles & Antiques. Sold by OnlineRecycle — tested, described accurately. Local pickup available in Central Florida or ships with tracking.",1.00,USD,Collectibles & Antiques,TRUE,TRUE,TRUE,1
,"MLB 13: The Show (Sony PlayStation 3, 2013)",Default,EB-205268449664,"MLB 13: The Show (Sony PlayStation 3, 2013). Category: Video Games. Sold by OnlineRecycle — tested, described accurately. Local pickup available in Central Florida or ships with tracking.",4.99,USD,Video Games,TRUE,TRUE,TRUE,2
,"MLB 15: The Show (Sony PlayStation 3, 2015)",Default,EB-205268455326,"MLB 15: The Show (Sony PlayStation 3, 2015). Category: Video Games. Sold by OnlineRecycle — tested, described accurately. Local pickup available in Central Florida or ships with tracking.",4.24,USD,Video Games,TRUE,TRUE,TRUE,1
,"MLB 09: The Show (Sony PlayStation 3, 2009)",Default,EB-205268457739,"MLB 09: The Show (Sony PlayStation 3, 2009). Category: Video Games. Sold by OnlineRecycle — tested, described accurately. Local pickup available in Central Florida or ships with tracking.",7.18,USD,Video Games,TRUE,TRUE,TRUE,1
,"MLB 14: The Show (Sony PlayStation 3, 2014)",Default,EB-205268459197,"MLB 14: The Show (Sony PlayStation 3, 2014). Category: Video Games. Sold by OnlineRecycle — tested, described accurately. Local pickup available in Central Florida or ships with tracking.",5.86,USD,Video Games,TRUE,TRUE,TRUE,1
,"NHL 18 (Sony PlayStation 4, 2017)",Default,EB-205268489199,"NHL 18 (Sony PlayStation 4, 2017). Category: Video Games. Sold by OnlineRecycle — tested, described accurately. Local pickup available in Central Florida or ships with tracking.",5.62,USD,Video Games,TRUE,TRUE,TRUE,1
,"NHL 2K9 (Nintendo Wii, 2008)",Default,EB-205268502907,"NHL 2K9 (Nintendo Wii, 2008). Category: Video Games. Sold by OnlineRecycle — tested, described accurately. Local pickup available in Central Florida or ships with tracking.",6.98,USD,Video Games,TRUE,TRUE,TRUE,1
,"NHL 10 (Microsoft Xbox 360, 2009)",Default,EB-205268528051,"NHL 10 (Microsoft Xbox 360, 2009). Category: Video Games. Sold by OnlineRecycle — tested, described accurately. Local pickup available in Central Florida or ships with tracking.",7.94,USD,Video Games,TRUE,TRUE,TRUE,1
,"NHL 08 (Microsoft Xbox 360, 2007)",Default,EB-205268537160,"NHL 08 (Microsoft Xbox 360, 2007). Category: Video Games. Sold by OnlineRecycle — tested, described accurately. Local pickup available in Central Florida or ships with tracking.",7.94,USD,Video Games,TRUE,TRUE,TRUE,1
,NHL 07 2007 Xbox 360 Live Multiplayer Game US Version,Default,EB-205268553226,"NHL 07 2007 Xbox 360 Live Multiplayer Game US Version. Category: Collectibles & Antiques. Sold by OnlineRecycle — tested, described accurately. Local pickup available in Central Florida or ships with tracking.",4.99,USD,Collectibles & Antiques,TRUE,TRUE,TRUE,1
,"NBA 2K11 - Michael Jordan Cover (Sony PlayStation 3, 2010)",Default,EB-205268570350,"NBA 2K11 - Michael Jordan Cover (Sony PlayStation 3, 2010). Category: Video Games. Sold by OnlineRecycle — tested, described accurately. Local pickup available in Central Florida or ships with tracking.",9.49,USD,Video Games,TRUE,TRUE,TRUE,1
,"Madden NFL 25 (Microsoft Xbox 360, 2013)",Default,EB-205268573629,"Madden NFL 25 (Microsoft Xbox 360, 2013). Category: Video Games. Sold by OnlineRecycle — tested, described accurately. Local pickup available in Central Florida or ships with tracking.",13.48,USD,Video Games,TRUE,TRUE,TRUE,1
,"Madden NFL 18 - G.O.A.T. Edition, Tom Brady Cover (Microsoft Xbox One)",Default,EB-205268600501,"Madden NFL 18 - G.O.A.T. Edition, Tom Brady Cover (Microsoft Xbox One). Category: Video Games. Sold by OnlineRecycle — tested, described accurately. Local pickup available in Central Florida or ships with tracking.",4.62,USD,Video Games,TRUE,TRUE,TRUE,1
,Madden NFL 2004 - Michael Vick Cover (Sony PlayStation 2),Default,EB-205268605395,"Madden NFL 2004 - Michael Vick Cover (Sony PlayStation 2). Category: Video Games. Sold by OnlineRecycle — tested, described accurately. Local pickup available in Central Florida or ships with tracking.",6.49,USD,Video Games,TRUE,TRUE,TRUE,1
,"FIFA Soccer 11 (Microsoft Xbox 360, 2010)",Default,EB-205268643500,"FIFA Soccer 11 (Microsoft Xbox 360, 2010). Category: Video Games. Sold by OnlineRecycle — tested, described accurately. Local pickup available in Central Florida or ships with tracking.",1.00,USD,Video Games,TRUE,TRUE,TRUE,1
,2010 FIFA World Cup South Africa (Sony PlayStation 3),Default,EB-205268646694,"2010 FIFA World Cup South Africa (Sony PlayStation 3). Category: Video Games. Sold by OnlineRecycle — tested, described accurately. Local pickup available in Central Florida or ships with tracking.",6.94,USD,Video Games,TRUE,TRUE,TRUE,1
,"Madden NFL 20 - Superstar Edition, Patrick Mahomes Cover (Xbox One)",Default,EB-205268704715,"Madden NFL 20 - Superstar Edition, Patrick Mahomes Cover (Xbox One). Category: Video Games. Sold by OnlineRecycle — tested, described accurately. Local pickup available in Central Florida or ships with tracking.",14.98,USD,Video Games,TRUE,TRUE,TRUE,1
,"Sports Champions (Sony PlayStation 3, 2010)",Default,EB-205268738899,"Sports Champions (Sony PlayStation 3, 2010). Category: Video Games. Sold by OnlineRecycle — tested, described accurately. Local pickup available in Central Florida or ships with tracking.",6.78,USD,Video Games,TRUE,TRUE,TRUE,1
,"Uncharted 3: Drake's Deception (Sony PlayStation 3, 2011)",Default,EB-205268761909,"Uncharted 3: Drake's Deception (Sony PlayStation 3, 2011). Category: Video Games. Sold by OnlineRecycle — tested, described accurately. Local pickup available in Central Florida or ships with tracking.",4.98,USD,Video Games,TRUE,TRUE,TRUE,1
,"Dance Dance Revolution MAX 2 (Sony PlayStation 2, 2003)",Default,EB-205268766559,"Dance Dance Revolution MAX 2 (Sony PlayStation 2, 2003). Category: Video Games. Sold by OnlineRecycle — tested, described accurately. Local pickup available in Central Florida or ships with tracking.",3.99,USD,Video Games,TRUE,TRUE,TRUE,1
,"Disney Infinity 2.0 Edition (Microsoft Xbox One, 2014)",Default,EB-205268770310,"Disney Infinity 2.0 Edition (Microsoft Xbox One, 2014). Category: Video Games. Sold by OnlineRecycle — tested, described accurately. Local pickup available in Central Florida or ships with tracking.",4.99,USD,Video Games,TRUE,TRUE,TRUE,1
,"EyeToy: Play 2 (Sony PlayStation 2, 2005)",Default,EB-205268831774,"EyeToy: Play 2 (Sony PlayStation 2, 2005). Category: Video Games. Sold by OnlineRecycle — tested, described accurately. Local pickup available in Central Florida or ships with tracking.",9.99,USD,Video Games,TRUE,TRUE,TRUE,1
,"Disney Sing It: Family Hits (Sony PlayStation 3, 2010)",Default,EB-205268834901,"Disney Sing It: Family Hits (Sony PlayStation 3, 2010). Category: Video Games. Sold by OnlineRecycle — tested, described accurately. Local pickup available in Central Florida or ships with tracking.",9.98,USD,Video Games,TRUE,TRUE,TRUE,1
,Destiny: The Taken King - Legendary Edition (Sony PlayStation 3),Default,EB-205268837742,"Destiny: The Taken King - Legendary Edition (Sony PlayStation 3). Category: Video Games. Sold by OnlineRecycle — tested, described accurately. Local pickup available in Central Florida or ships with tracking.",6.64,USD,Video Games,TRUE,TRUE,TRUE,1
,"Titanfall 2 (Microsoft Xbox One, 2016)",Default,EB-205268843383,"Titanfall 2 (Microsoft Xbox One, 2016). Category: Video Games. Sold by OnlineRecycle — tested, described accurately. Local pickup available in Central Florida or ships with tracking.",5.67,USD,Video Games,TRUE,TRUE,TRUE,1
,Destiny: The Taken King - Legendary Edition (Sony PlayStation 3),Default,EB-205268855483,"Destiny: The Taken King - Legendary Edition (Sony PlayStation 3). Category: Video Games. Sold by OnlineRecycle — tested, described accurately. Local pickup available in Central Florida or ships with tracking.",6.64,USD,Video Games,TRUE,TRUE,TRUE,1
,Lips Xbox 360 - No Mics,Default,EB-205268873207,"Lips Xbox 360 - No Mics. Category: Collectibles & Antiques. Sold by OnlineRecycle — tested, described accurately. Local pickup available in Central Florida or ships with tracking.",11.99,USD,Collectibles & Antiques,TRUE,TRUE,TRUE,1
,NBA 2K17 - Xbox One - Complete CIB,Default,EB-205274256976,"NBA 2K17 - Xbox One - Complete CIB. Category: Collectibles & Antiques. Sold by OnlineRecycle — tested, described accurately. Local pickup available in Central Florida or ships with tracking.",10.48,USD,Collectibles & Antiques,TRUE,TRUE,TRUE,1
,Tiger Woods PGA Tour 09 - Playstation 3 CIB Complete Tested,Default,EB-205274313225,"Tiger Woods PGA Tour 09 - Playstation 3 CIB Complete Tested. Category: Collectibles & Antiques. Sold by OnlineRecycle — tested, described accurately. Local pickup available in Central Florida or ships with tracking.",6.73,USD,Collectibles & Antiques,TRUE,TRUE,TRUE,1
,"Tiger Woods PGA Tour 09 (Sony PlayStation 3, 2008)",Default,EB-205274494299,"Tiger Woods PGA Tour 09 (Sony PlayStation 3, 2008). Category: Video Games. Sold by OnlineRecycle — tested, described accurately. Local pickup available in Central Florida or ships with tracking.",6.73,USD,Video Games,TRUE,TRUE,TRUE,1
,"FIFA Soccer 11 (Sony PlayStation 3, 2010)",Default,EB-205274497441,"FIFA Soccer 11 (Sony PlayStation 3, 2010). Category: Video Games. Sold by OnlineRecycle — tested, described accurately. Local pickup available in Central Florida or ships with tracking.",1.00,USD,Video Games,TRUE,TRUE,TRUE,1
,"FIFA 16 - Standard Edition (Sony PlayStation 3, 2015)",Default,EB-205274503756,"FIFA 16 - Standard Edition (Sony PlayStation 3, 2015). Category: Video Games. Sold by OnlineRecycle — tested, described accurately. Local pickup available in Central Florida or ships with tracking.",4.99,USD,Video Games,TRUE,TRUE,TRUE,2
,"That's You! (Sony PlayStation 4, 2017) - PlayLink",Default,EB-205274510302,"That's You! (Sony PlayStation 4, 2017) - PlayLink. Category: Video Games. Sold by OnlineRecycle — tested, described accurately. Local pickup available in Central Florida or ships with tracking.",5.30,USD,Video Games,TRUE,TRUE,TRUE,1
,"FIFA 19 (Microsoft Xbox One, 2018)",Default,EB-205274523866,"FIFA 19 (Microsoft Xbox One, 2018). Category: Video Games. Sold by OnlineRecycle — tested, described accurately. Local pickup available in Central Florida or ships with tracking.",5.24,USD,Video Games,TRUE,TRUE,TRUE,1
,"Madden NFL 15 (Microsoft Xbox 360, 2014)",Default,EB-205274551670,"Madden NFL 15 (Microsoft Xbox 360, 2014). Category: Video Games. Sold by OnlineRecycle — tested, described accurately. Local pickup available in Central Florida or ships with tracking.",1.00,USD,Video Games,TRUE,TRUE,TRUE,1
,"FIFA Soccer 14 (Microsoft Xbox 360, 2013)",Default,EB-205274594276,"FIFA Soccer 14 (Microsoft Xbox 360, 2013). Category: Video Games. Sold by OnlineRecycle — tested, described accurately. Local pickup available in Central Florida or ships with tracking.",6.73,USD,Video Games,TRUE,TRUE,TRUE,1
,"FIFA Soccer 10 (Microsoft Xbox 360, 2009)",Default,EB-205274607353,"FIFA Soccer 10 (Microsoft Xbox 360, 2009). Category: Video Games. Sold by OnlineRecycle — tested, described accurately. Local pickup available in Central Florida or ships with tracking.",5.23,USD,Video Games,TRUE,TRUE,TRUE,1
,"FIFA Soccer 13 (Microsoft Xbox 360, 2012)",Default,EB-205274613911,"FIFA Soccer 13 (Microsoft Xbox 360, 2012). Category: Video Games. Sold by OnlineRecycle — tested, described accurately. Local pickup available in Central Florida or ships with tracking.",5.98,USD,Video Games,TRUE,TRUE,TRUE,1
,"Madden NFL 15 - Ultimate Edition (Microsoft Xbox 360, 2014)",Default,EB-205274617205,"Madden NFL 15 - Ultimate Edition (Microsoft Xbox 360, 2014). Category: Video Games. Sold by OnlineRecycle — tested, described accurately. Local pickup available in Central Florida or ships with tracking.",1.00,USD,Video Games,TRUE,TRUE,TRUE,1
,NBA 2K21 - Damian Lillard Cover (Sony PlayStation 4),Default,EB-205274628193,"NBA 2K21 - Damian Lillard Cover (Sony PlayStation 4). Category: Video Games. Sold by OnlineRecycle — tested, described accurately. Local pickup available in Central Florida or ships with tracking.",8.19,USD,Video Games,TRUE,TRUE,TRUE,1
,Anthem (Sony PlayStation 4),Default,EB-205274631165,"Anthem (Sony PlayStation 4). Category: Video Games. Sold by OnlineRecycle — tested, described accurately. Local pickup available in Central Florida or ships with tracking.",2.98,USD,Video Games,TRUE,TRUE,TRUE,1
,"Madden NFL 18 - Tom Brady Cover (Microsoft Xbox One, 2017)",Default,EB-205274689494,"Madden NFL 18 - Tom Brady Cover (Microsoft Xbox One, 2017). Category: Video Games. Sold by OnlineRecycle — tested, described accurately. Local pickup available in Central Florida or ships with tracking.",4.62,USD,Video Games,TRUE,TRUE,TRUE,1
,"NBA 2K18 - Early Tip-Off Weekend Edition (Microsoft Xbox One, 2017)",Default,EB-205274734438,"NBA 2K18 - Early Tip-Off Weekend Edition (Microsoft Xbox One, 2017). Category: Video Games. Sold by OnlineRecycle — tested, described accurately. Local pickup available in Central Florida or ships with tracking.",5.96,USD,Video Games,TRUE,TRUE,TRUE,1
,"Destiny (Sony PlayStation 4, 2014)",Default,EB-205274786497,"Destiny (Sony PlayStation 4, 2014). Category: Video Games. Sold by OnlineRecycle — tested, described accurately. Local pickup available in Central Florida or ships with tracking.",3.49,USD,Video Games,TRUE,TRUE,TRUE,1
,High School Musical: Sing It! (Nintendo Wii),Default,EB-205274813977,"High School Musical: Sing It! (Nintendo Wii). Category: Video Games. Sold by OnlineRecycle — tested, described accurately. Local pickup available in Central Florida or ships with tracking.",5.89,USD,Video Games,TRUE,TRUE,TRUE,1
,"Zumba Fitness 2 (Nintendo Wii, 2011)",Default,EB-205274823982,"Zumba Fitness 2 (Nintendo Wii, 2011). Category: Video Games. Sold by OnlineRecycle — tested, described accurately. Local pickup available in Central Florida or ships with tracking.",1.00,USD,Video Games,TRUE,TRUE,TRUE,1
,"EyeToy: Play 2 (Sony PlayStation 2, 2005)",Default,EB-205274828350,"EyeToy: Play 2 (Sony PlayStation 2, 2005). Category: Video Games. Sold by OnlineRecycle — tested, described accurately. Local pickup available in Central Florida or ships with tracking.",9.99,USD,Video Games,TRUE,TRUE,TRUE,2
,"Disney Sing It: Pop Hits (Nintendo Wii, 2009)",Default,EB-205274830456,"Disney Sing It: Pop Hits (Nintendo Wii, 2009). Category: Video Games. Sold by OnlineRecycle — tested, described accurately. Local pickup available in Central Florida or ships with tracking.",4.19,USD,Video Games,TRUE,TRUE,TRUE,1
,"SingStar Amped (Sony PlayStation 2, 2007) - with Manual",Default,EB-205274833266,"SingStar Amped (Sony PlayStation 2, 2007) - with Manual. Category: Video Games. Sold by OnlineRecycle — tested, described accurately. Local pickup available in Central Florida or ships with tracking.",3.99,USD,Video Games,TRUE,TRUE,TRUE,1
,"Overwatch: Origins Edition (Sony PlayStation 4, 2016)",Default,EB-205274843070,"Overwatch: Origins Edition (Sony PlayStation 4, 2016). Category: Video Games. Sold by OnlineRecycle — tested, described accurately. Local pickup available in Central Florida or ships with tracking.",2.99,USD,Video Games,TRUE,TRUE,TRUE,1
,"Boogie Superstar (Nintendo Wii, 2008)",Default,EB-205274865490,"Boogie Superstar (Nintendo Wii, 2008). Category: Video Games. Sold by OnlineRecycle — tested, described accurately. Local pickup available in Central Florida or ships with tracking.",6.28,USD,Video Games,TRUE,TRUE,TRUE,1
,"MLB The Show 18 (PlayStation 4, 2018) Ps4",Default,EB-205275103078,"MLB The Show 18 (PlayStation 4, 2018) Ps4. Category: Video Games. Sold by OnlineRecycle — tested, described accurately. Local pickup available in Central Florida or ships with tracking.",5.99,USD,Video Games,TRUE,TRUE,TRUE,1
,"MLB: The Show 16 (Sony PlayStation 4, 2016) Ps4",Default,EB-205275104995,"MLB: The Show 16 (Sony PlayStation 4, 2016) Ps4. Category: Video Games. Sold by OnlineRecycle — tested, described accurately. Local pickup available in Central Florida or ships with tracking.",7.55,USD,Video Games,TRUE,TRUE,TRUE,1
,Madden NFL 17 - Sony PlayStation 4 Ps4,Default,EB-205275108271,"Madden NFL 17 - Sony PlayStation 4 Ps4. Category: Video Games. Sold by OnlineRecycle — tested, described accurately. Local pickup available in Central Florida or ships with tracking.",5.05,USD,Video Games,TRUE,TRUE,TRUE,1
,"Madden NFL 10 (Sony PlayStation 2, 2009)",Default,EB-205275127994,"Madden NFL 10 (Sony PlayStation 2, 2009). Category: Video Games. Sold by OnlineRecycle — tested, described accurately. Local pickup available in Central Florida or ships with tracking.",2.49,USD,Video Games,TRUE,TRUE,TRUE,1
,Major League Baseball 2K6 - Microsoft Xbox 360,Default,EB-205275135333,"Major League Baseball 2K6 - Microsoft Xbox 360. Category: Video Games. Sold by OnlineRecycle — tested, described accurately. Local pickup available in Central Florida or ships with tracking.",3.50,USD,Video Games,TRUE,TRUE,TRUE,1
,Madden NFL 08 - Microsoft Xbox 360,Default,EB-205275136664,"Madden NFL 08 - Microsoft Xbox 360. Category: Video Games. Sold by OnlineRecycle — tested, described accurately. Local pickup available in Central Florida or ships with tracking.",6.84,USD,Video Games,TRUE,TRUE,TRUE,1
,"Madden NFL 08 (Sony PlayStation 3, 2007) Ps3",Default,EB-205275139401,"Madden NFL 08 (Sony PlayStation 3, 2007) Ps3. Category: Video Games. Sold by OnlineRecycle — tested, described accurately. Local pickup available in Central Florida or ships with tracking.",6.38,USD,Video Games,TRUE,TRUE,TRUE,1
,"Disney Infinity (3.0 Edition) (Microsoft Xbox 360, 2015)",Default,EB-205275140129,"Disney Infinity (3.0 Edition) (Microsoft Xbox 360, 2015). Category: Video Games. Sold by OnlineRecycle — tested, described accurately. Local pickup available in Central Florida or ships with tracking.",7.00,USD,Video Games,TRUE,TRUE,TRUE,1
,Nintendo Wii - Tony Hawk Ride (NFR) - Game Only Goat,Default,EB-205275150359,"Nintendo Wii - Tony Hawk Ride (NFR) - Game Only Goat. Category: Collectibles & Antiques. Sold by OnlineRecycle — tested, described accurately. Local pickup available in Central Florida or ships with tracking.",14.99,USD,Collectibles & Antiques,TRUE,TRUE,TRUE,1
,"FIFA 15 (Microsoft Xbox 360, 2014) Tested And Working",Default,EB-205275173622,"FIFA 15 (Microsoft Xbox 360, 2014) Tested And Working. Category: Video Games. Sold by OnlineRecycle — tested, described accurately. Local pickup available in Central Florida or ships with tracking.",3.47,USD,Video Games,TRUE,TRUE,TRUE,1
,"NBA 2K13 (Sony PlayStation 3, 2012) Ps3",Default,EB-205275180391,"NBA 2K13 (Sony PlayStation 3, 2012) Ps3. Category: Video Games. Sold by OnlineRecycle — tested, described accurately. Local pickup available in Central Florida or ships with tracking.",6.77,USD,Video Games,TRUE,TRUE,TRUE,1
,Nba 2K12 - Sony PlayStation 3 3D COMPATIBLE Ps3 Jordan Goat Michael Jordan,Default,EB-205275190121,"Nba 2K12 - Sony PlayStation 3 3D COMPATIBLE Ps3 Jordan Goat Michael Jordan. Category: Video Games. Sold by OnlineRecycle — tested, described accurately. Local pickup available in Central Florida or ships with tracking.",4.50,USD,Video Games,TRUE,TRUE,TRUE,1
,"31229 Air Texture Gun with 1.32 Gallon Hopper, 3 Nozzles 4.0mm 6.0mm 8.0mm ♻HPR",Default,EB-205284390993,"31229 Air Texture Gun with 1.32 Gallon Hopper, 3 Nozzles 4.0mm 6.0mm 8.0mm ♻HPR. Category: Collectibles & Antiques. Sold by OnlineRecycle — tested, described accurately. Local pickup available in Central Florida or ships with tracking.",35.99,USD,Collectibles & Antiques,TRUE,TRUE,TRUE,1
,NHL 2002 - Sony PlayStation 2 PS2 Hockey,Default,EB-205294012931,"NHL 2002 - Sony PlayStation 2 PS2 Hockey. Category: Video Games. Sold by OnlineRecycle — tested, described accurately. Local pickup available in Central Florida or ships with tracking.",8.99,USD,Video Games,TRUE,TRUE,TRUE,1
,"All-Star Baseball 2002 (Sony PlayStation 2, 2001) MLB Jeter Cover Yankees",Default,EB-205294028622,"All-Star Baseball 2002 (Sony PlayStation 2, 2001) MLB Jeter Cover Yankees. Category: Video Games. Sold by OnlineRecycle — tested, described accurately. Local pickup available in Central Florida or ships with tracking.",6.98,USD,Video Games,TRUE,TRUE,TRUE,1
,"MVP Baseball 2004 (Sony PlayStation 2, 2004) MLB Pujols Cover",Default,EB-205294030453,"MVP Baseball 2004 (Sony PlayStation 2, 2004) MLB Pujols Cover. Category: Video Games. Sold by OnlineRecycle — tested, described accurately. Local pickup available in Central Florida or ships with tracking.",3.53,USD,Video Games,TRUE,TRUE,TRUE,1
,NBA 2K20 - Sony PlayStation 4 PS4 Davis Cover,Default,EB-205296654223,"NBA 2K20 - Sony PlayStation 4 PS4 Davis Cover. Category: Video Games. Sold by OnlineRecycle — tested, described accurately. Local pickup available in Central Florida or ships with tracking.",5.92,USD,Video Games,TRUE,TRUE,TRUE,1
,NHL 08 - Sony PlayStation 3 PS3 Hockey,Default,EB-205296660116,"NHL 08 - Sony PlayStation 3 PS3 Hockey. Category: Video Games. Sold by OnlineRecycle — tested, described accurately. Local pickup available in Central Florida or ships with tracking.",3.00,USD,Video Games,TRUE,TRUE,TRUE,1
,Nba Live 2002 - Sony PlayStation 2 PS2 Jordan Playable,Default,EB-205296669651,"Nba Live 2002 - Sony PlayStation 2 PS2 Jordan Playable. Category: Video Games. Sold by OnlineRecycle — tested, described accurately. Local pickup available in Central Florida or ships with tracking.",8.99,USD,Video Games,TRUE,TRUE,TRUE,1
,NCAA Football 2003 - Sony PlayStation 2 PS2 College Football,Default,EB-205296674022,"NCAA Football 2003 - Sony PlayStation 2 PS2 College Football. Category: Video Games. Sold by OnlineRecycle — tested, described accurately. Local pickup available in Central Florida or ships with tracking.",8.00,USD,Video Games,TRUE,TRUE,TRUE,1
,"Madden NFL 2002 (Nintendo GameCube, 2001) Football",Default,EB-205296680368,"Madden NFL 2002 (Nintendo GameCube, 2001) Football. Category: Video Games. Sold by OnlineRecycle — tested, described accurately. Local pickup available in Central Florida or ships with tracking.",5.75,USD,Video Games,TRUE,TRUE,TRUE,1
,"Madden NFL 2005 (Nintendo GameCube, 2004) Lewis Cover Football",Default,EB-205296690354,"Madden NFL 2005 (Nintendo GameCube, 2004) Lewis Cover Football. Category: Video Games. Sold by OnlineRecycle — tested, described accurately. Local pickup available in Central Florida or ships with tracking.",4.60,USD,Video Games,TRUE,TRUE,TRUE,1
,Nba 2K10 - Sony PlayStation 3 PS3 Kobe Cover Lakers Goat Basketball,Default,EB-205296833949,"Nba 2K10 - Sony PlayStation 3 PS3 Kobe Cover Lakers Goat Basketball. Category: Video Games. Sold by OnlineRecycle — tested, described accurately. Local pickup available in Central Florida or ships with tracking.",14.99,USD,Video Games,TRUE,TRUE,TRUE,1
,NBA 2K11 (3D Compatible Version) Jordan Cover Bulls Goat Basketball,Default,EB-205296840830,"NBA 2K11 (3D Compatible Version) Jordan Cover Bulls Goat Basketball. Category: Collectibles & Antiques. Sold by OnlineRecycle — tested, described accurately. Local pickup available in Central Florida or ships with tracking.",7.98,USD,Collectibles & Antiques,TRUE,TRUE,TRUE,1
,"MLB 10: The Show (Sony PlayStation 3, 2010) PS3 Baseball",Default,EB-205296843604,"MLB 10: The Show (Sony PlayStation 3, 2010) PS3 Baseball. Category: Video Games. Sold by OnlineRecycle — tested, described accurately. Local pickup available in Central Florida or ships with tracking.",7.12,USD,Video Games,TRUE,TRUE,TRUE,1
,"Madden NFL 10 (Sony PlayStation 3, 2009) PS3",Default,EB-205296845385,"Madden NFL 10 (Sony PlayStation 3, 2009) PS3. Category: Video Games. Sold by OnlineRecycle — tested, described accurately. Local pickup available in Central Florida or ships with tracking.",5.99,USD,Video Games,TRUE,TRUE,TRUE,1
,Madden NFL 11 - Sony PlayStation 3 PS3 Drew Breese Cover Football,Default,EB-205296854902,"Madden NFL 11 - Sony PlayStation 3 PS3 Drew Breese Cover Football. Category: Video Games. Sold by OnlineRecycle — tested, described accurately. Local pickup available in Central Florida or ships with tracking.",5.92,USD,Video Games,TRUE,TRUE,TRUE,1
,Madden NFL 12 - Sony PlayStation 3 PS3 Football,Default,EB-205296870834,"Madden NFL 12 - Sony PlayStation 3 PS3 Football. Category: Video Games. Sold by OnlineRecycle — tested, described accurately. Local pickup available in Central Florida or ships with tracking.",5.50,USD,Video Games,TRUE,TRUE,TRUE,1
,Madden NFL 17 - Sony PlayStation 4 PS4 Gronk Cover Goat,Default,EB-205296874992,"Madden NFL 17 - Sony PlayStation 4 PS4 Gronk Cover Goat. Category: Video Games. Sold by OnlineRecycle — tested, described accurately. Local pickup available in Central Florida or ships with tracking.",3.99,USD,Video Games,TRUE,TRUE,TRUE,1
,Madden NFL 16 - Microsoft Xbox One Football,Default,EB-205297039311,"Madden NFL 16 - Microsoft Xbox One Football. Category: Video Games. Sold by OnlineRecycle — tested, described accurately. Local pickup available in Central Florida or ships with tracking.",6.23,USD,Video Games,TRUE,TRUE,TRUE,1
,"Madden NFL 06 (Microsoft Xbox, 2005) Football Eagles Cover",Default,EB-205297044011,"Madden NFL 06 (Microsoft Xbox, 2005) Football Eagles Cover. Category: Video Games. Sold by OnlineRecycle — tested, described accurately. Local pickup available in Central Florida or ships with tracking.",8.95,USD,Video Games,TRUE,TRUE,TRUE,1
,MLB 06: The Show - Sony PlayStation 2 Ortiz Cover Baseball Sox,Default,EB-205297051941,"MLB 06: The Show - Sony PlayStation 2 Ortiz Cover Baseball Sox. Category: Video Games. Sold by OnlineRecycle — tested, described accurately. Local pickup available in Central Florida or ships with tracking.",7.90,USD,Video Games,TRUE,TRUE,TRUE,1
,Firestarter (VHS) 1984 Classic Vintage STEPHEN KING j,Default,EB-205297385356,"Firestarter (VHS) 1984 Classic Vintage STEPHEN KING j. Category: General Merchandise. Sold by OnlineRecycle — tested, described accurately. Local pickup available in Central Florida or ships with tracking.",14.99,USD,General Merchandise,TRUE,TRUE,TRUE,1
,✝Vintage Rare 1962 Bible - Bible Readings For The Home Color Hard Back ✝J,Default,EB-205297841517,"✝Vintage Rare 1962 Bible - Bible Readings For The Home Color Hard Back ✝J. Category: Collectibles & Antiques. Sold by OnlineRecycle — tested, described accurately. Local pickup available in Central Florida or ships with tracking.",19.99,USD,Collectibles & Antiques,TRUE,TRUE,TRUE,1
,HOLY BIBLE Placed by the GIDEONS in Memory Blue 1978 HARDCOVER Christian ✝j,Default,EB-205298383517,"HOLY BIBLE Placed by the GIDEONS in Memory Blue 1978 HARDCOVER Christian ✝j. Category: Collectibles & Antiques. Sold by OnlineRecycle — tested, described accurately. Local pickup available in Central Florida or ships with tracking.",8.00,USD,Collectibles & Antiques,TRUE,TRUE,TRUE,1
,"How to Do Everything with Your eBay Business,Greg Holden- 783254042155j",Default,EB-205298392436,"How to Do Everything with Your eBay Business,Greg Holden- 783254042155j. Category: Books. Sold by OnlineRecycle — tested, described accurately. Local pickup available in Central Florida or ships with tracking.",19.99,USD,Books,TRUE,TRUE,TRUE,1
,"Ostwin LED Downlight 4inch Square w/ junction box Canless model LDL-0BS, 10Wk",Default,EB-205305532006,"Ostwin LED Downlight 4inch Square w/ junction box Canless model LDL-0BS, 10Wk. Category: Collectibles & Antiques. Sold by OnlineRecycle — tested, described accurately. Local pickup available in Central Florida or ships with tracking.",12.00,USD,Collectibles & Antiques,TRUE,TRUE,TRUE,1
,HALCO 99633 4” Pro LED ECO DL4FR10/927/ECO/LED2 120V Dimmablek,Default,EB-205305552373,"HALCO 99633 4” Pro LED ECO DL4FR10/927/ECO/LED2 120V Dimmablek. Category: Collectibles & Antiques. Sold by OnlineRecycle — tested, described accurately. Local pickup available in Central Florida or ships with tracking.",19.99,USD,Collectibles & Antiques,TRUE,TRUE,TRUE,1
,"Utilitech 2700K 85w Equivalent LED Recessed Retrofit Downlight 4"" Inch Opening",Default,EB-205305554330,"Utilitech 2700K 85w Equivalent LED Recessed Retrofit Downlight 4"" Inch Opening. Category: Collectibles & Antiques. Sold by OnlineRecycle — tested, described accurately. Local pickup available in Central Florida or ships with tracking.",16.95,USD,Collectibles & Antiques,TRUE,TRUE,TRUE,1
,"Greatest Hits by Bangles (CD, 1990)",Default,EB-205305774505,"Greatest Hits by Bangles (CD, 1990). Category: Music & Audio. Sold by OnlineRecycle — tested, described accurately. Local pickup available in Central Florida or ships with tracking.",4.99,USD,Music & Audio,TRUE,TRUE,TRUE,1
,No Alternative By Various Artists 1993 Arista Records,Default,EB-205305787696,"No Alternative By Various Artists 1993 Arista Records. Category: Collectibles & Antiques. Sold by OnlineRecycle — tested, described accurately. Local pickup available in Central Florida or ships with tracking.",4.75,USD,Collectibles & Antiques,TRUE,TRUE,TRUE,1
,"This Is...24-7 Spyz! [EP] by 24-7 Spyz (CD, Nov-1991, EastWest)",Default,EB-205305792542,"This Is...24-7 Spyz! [EP] by 24-7 Spyz (CD, Nov-1991, EastWest). Category: Music & Audio. Sold by OnlineRecycle — tested, described accurately. Local pickup available in Central Florida or ships with tracking.",3.50,USD,Music & Audio,TRUE,TRUE,TRUE,1
,"Scream Dracula Scream by Rocket from the Crypt (CD, Jan-1997, Uni)",Default,EB-205305800338,"Scream Dracula Scream by Rocket from the Crypt (CD, Jan-1997, Uni). Category: Music & Audio. Sold by OnlineRecycle — tested, described accurately. Local pickup available in Central Florida or ships with tracking.",6.46,USD,Music & Audio,TRUE,TRUE,TRUE,1
,"Contraband by Velvet Revolver (CD, 2004)",Default,EB-205305803706,"Contraband by Velvet Revolver (CD, 2004). Category: Music & Audio. Sold by OnlineRecycle — tested, described accurately. Local pickup available in Central Florida or ships with tracking.",4.13,USD,Music & Audio,TRUE,TRUE,TRUE,1
,"Lawn Boy by Phish (CD, Jun-1992, Elektra (Label))",Default,EB-205305832546,"Lawn Boy by Phish (CD, Jun-1992, Elektra (Label)). Category: Music & Audio. Sold by OnlineRecycle — tested, described accurately. Local pickup available in Central Florida or ships with tracking.",9.99,USD,Music & Audio,TRUE,TRUE,TRUE,1
,"Back to Back Hits by Blondie (CD, 1996)",Default,EB-205305835336,"Back to Back Hits by Blondie (CD, 1996). Category: Music & Audio. Sold by OnlineRecycle — tested, described accurately. Local pickup available in Central Florida or ships with tracking.",3.42,USD,Music & Audio,TRUE,TRUE,TRUE,1
,"Beyond Good & Evil by The Cult (CD, 2001)",Default,EB-205305840359,"Beyond Good & Evil by The Cult (CD, 2001). Category: Music & Audio. Sold by OnlineRecycle — tested, described accurately. Local pickup available in Central Florida or ships with tracking.",7.00,USD,Music & Audio,TRUE,TRUE,TRUE,1
,Microsoft Works Suite 2003 (Retail) - Full Version for Windows,Default,EB-205305857820,"Microsoft Works Suite 2003 (Retail) - Full Version for Windows. Category: Collectibles & Antiques. Sold by OnlineRecycle — tested, described accurately. Local pickup available in Central Florida or ships with tracking.",11.00,USD,Collectibles & Antiques,TRUE,TRUE,TRUE,1
,"White Christmas by Presley, Elvis (CD, 2000)",Default,EB-205305873983,"White Christmas by Presley, Elvis (CD, 2000). Category: Music & Audio. Sold by OnlineRecycle — tested, described accurately. Local pickup available in Central Florida or ships with tracking.",5.38,USD,Music & Audio,TRUE,TRUE,TRUE,1
,Vintage Comptons Interactive World Atlas PC CD-ROM 1997 Edition Software -,Default,EB-205305881561,"Vintage Comptons Interactive World Atlas PC CD-ROM 1997 Edition Software -. Category: Collectibles & Antiques. Sold by OnlineRecycle — tested, described accurately. Local pickup available in Central Florida or ships with tracking.",9.99,USD,Collectibles & Antiques,TRUE,TRUE,TRUE,1
,"Charlie Brown Christmas by Guaraldi, Vince (CD, 2000)",Default,EB-205305884924,"Charlie Brown Christmas by Guaraldi, Vince (CD, 2000). Category: Music & Audio. Sold by OnlineRecycle — tested, described accurately. Local pickup available in Central Florida or ships with tracking.",2.90,USD,Music & Audio,TRUE,TRUE,TRUE,1
,"Rock-Train Kept a Rollin' by Various (CD, 1999)",Default,EB-205305888785,"Rock-Train Kept a Rollin' by Various (CD, 1999). Category: Music & Audio. Sold by OnlineRecycle — tested, described accurately. Local pickup available in Central Florida or ships with tracking.",5.05,USD,Music & Audio,TRUE,TRUE,TRUE,1
,"Tie One on Live by Bouncing Souls (CD, 1998)",Default,EB-205305890403,"Tie One on Live by Bouncing Souls (CD, 1998). Category: Music & Audio. Sold by OnlineRecycle — tested, described accurately. Local pickup available in Central Florida or ships with tracking.",5.79,USD,Music & Audio,TRUE,TRUE,TRUE,1
,Thrall: Demonsweatlive Cd Danzig,Default,EB-205305899844,"Thrall: Demonsweatlive Cd Danzig. Category: Collectibles & Antiques. Sold by OnlineRecycle — tested, described accurately. Local pickup available in Central Florida or ships with tracking.",4.63,USD,Collectibles & Antiques,TRUE,TRUE,TRUE,1
,DeLorme Mapping Street Atlas USA 2.0 For MAC 1993,Default,EB-205306169114,"DeLorme Mapping Street Atlas USA 2.0 For MAC 1993. Category: Collectibles & Antiques. Sold by OnlineRecycle — tested, described accurately. Local pickup available in Central Florida or ships with tracking.",14.99,USD,Collectibles & Antiques,TRUE,TRUE,TRUE,1
,Stanley Pushbutton Key Lock Conversion Kit Black #22-0843h,Default,EB-205312976683,"Stanley Pushbutton Key Lock Conversion Kit Black #22-0843h. Category: Collectibles & Antiques. Sold by OnlineRecycle — tested, described accurately. Local pickup available in Central Florida or ships with tracking.",10.00,USD,Collectibles & Antiques,TRUE,TRUE,TRUE,1
,"Premier Martial Arts: White Belt Curriculum, DVDh",Default,EB-205312979016,"Premier Martial Arts: White Belt Curriculum, DVDh. Category: Movies & Entertainment. Sold by OnlineRecycle — tested, described accurately. Local pickup available in Central Florida or ships with tracking.",29.99,USD,Movies & Entertainment,TRUE,TRUE,TRUE,1
,Marijuana Is Safer : So Why Are We Driving People to Drink? hpr,Default,EB-205312984796,"Marijuana Is Safer : So Why Are We Driving People to Drink? hpr. Category: Books. Sold by OnlineRecycle — tested, described accurately. Local pickup available in Central Florida or ships with tracking.",19.99,USD,Books,TRUE,TRUE,TRUE,1
,"Camino Winds : A Novel by John Grisham (2021, Trade Paperback)hpr",Default,EB-205312990025,"Camino Winds : A Novel by John Grisham (2021, Trade Paperback)hpr. Category: Books. Sold by OnlineRecycle — tested, described accurately. Local pickup available in Central Florida or ships with tracking.",3.78,USD,Books,TRUE,TRUE,TRUE,1
,Recovery Options : The Complete Guide hpr,Default,EB-205312995988,"Recovery Options : The Complete Guide hpr. Category: Books. Sold by OnlineRecycle — tested, described accurately. Local pickup available in Central Florida or ships with tracking.",9.99,USD,Books,TRUE,TRUE,TRUE,1
,TIME Magazine Abe Lincoln - An Illustrated History of His Life and Times 2012H,Default,EB-205313005037,"TIME Magazine Abe Lincoln - An Illustrated History of His Life and Times 2012H. Category: Collectibles & Antiques. Sold by OnlineRecycle — tested, described accurately. Local pickup available in Central Florida or ships with tracking.",7.00,USD,Collectibles & Antiques,TRUE,TRUE,TRUE,1
,Steve Jobs TIME Magazine Special Commemorative Issue 2012 Collectors 300h,Default,EB-205313007904,"Steve Jobs TIME Magazine Special Commemorative Issue 2012 Collectors 300h. Category: Collectibles & Antiques. Sold by OnlineRecycle — tested, described accurately. Local pickup available in Central Florida or ships with tracking.",15.00,USD,Collectibles & Antiques,TRUE,TRUE,TRUE,1
,Complete Tiling by Stanley Complete Projects Staff and Ken Sidey 2004 H,Default,EB-205313043659,"Complete Tiling by Stanley Complete Projects Staff and Ken Sidey 2004 H. Category: Books. Sold by OnlineRecycle — tested, described accurately. Local pickup available in Central Florida or ships with tracking.",3.73,USD,Books,TRUE,TRUE,TRUE,1
,"Cat's Cradle, Owl's Eyes: A Book Of String Games By Camilla Gryski 1983H",Default,EB-205313049100,"Cat's Cradle, Owl's Eyes: A Book Of String Games By Camilla Gryski 1983H. Category: Collectibles & Antiques. Sold by OnlineRecycle — tested, described accurately. Local pickup available in Central Florida or ships with tracking.",6.04,USD,Collectibles & Antiques,TRUE,TRUE,TRUE,1
,Fifa 16 - Microsoft Xbox One Soccer Football,Default,EB-205313073034,"Fifa 16 - Microsoft Xbox One Soccer Football. Category: Video Games. Sold by OnlineRecycle — tested, described accurately. Local pickup available in Central Florida or ships with tracking.",4.97,USD,Video Games,TRUE,TRUE,TRUE,1
,"High Heat Major League Baseball 2004 (Sony PlayStation 2, 2003)MLB",Default,EB-205313077932,"High Heat Major League Baseball 2004 (Sony PlayStation 2, 2003)MLB. Category: Video Games. Sold by OnlineRecycle — tested, described accurately. Local pickup available in Central Florida or ships with tracking.",5.40,USD,Video Games,TRUE,TRUE,TRUE,1
,"Madden NFL 2004 (Sony PlayStation 2, 2003)Vick Cover",Default,EB-205313085659,"Madden NFL 2004 (Sony PlayStation 2, 2003)Vick Cover. Category: Video Games. Sold by OnlineRecycle — tested, described accurately. Local pickup available in Central Florida or ships with tracking.",14.95,USD,Video Games,TRUE,TRUE,TRUE,1
,Nba Live 09 - Sony PlayStation 2 Basketball,Default,EB-205313088923,"Nba Live 09 - Sony PlayStation 2 Basketball. Category: Video Games. Sold by OnlineRecycle — tested, described accurately. Local pickup available in Central Florida or ships with tracking.",4.87,USD,Video Games,TRUE,TRUE,TRUE,1
,"Professor and the Madman : A Tale of Murder, Making Of Dictionary hpr",Default,EB-205313096911,"Professor and the Madman : A Tale of Murder, Making Of Dictionary hpr. Category: Books. Sold by OnlineRecycle — tested, described accurately. Local pickup available in Central Florida or ships with tracking.",3.36,USD,Books,TRUE,TRUE,TRUE,1
,Make Mead Like a Viking : Traditional Techniques for Brewing hpr,Default,EB-205313099213,"Make Mead Like a Viking : Traditional Techniques for Brewing hpr. Category: Books. Sold by OnlineRecycle — tested, described accurately. Local pickup available in Central Florida or ships with tracking.",18.99,USD,Books,TRUE,TRUE,TRUE,1
,"(America's) Dirty Little Secret by Schleprock (CD, Aug-1996, Warner Bros.)",Default,EB-205313104888,"(America's) Dirty Little Secret by Schleprock (CD, Aug-1996, Warner Bros.). Category: Music & Audio. Sold by OnlineRecycle — tested, described accurately. Local pickup available in Central Florida or ships with tracking.",9.99,USD,Music & Audio,TRUE,TRUE,TRUE,1
,NEW G&G NE-T0481 Bk black Ink cartridge Epson Stylus Photo R300 R300M RX500j,Default,EB-205313117940,"NEW G&G NE-T0481 Bk black Ink cartridge Epson Stylus Photo R300 R300M RX500j. Category: Collectibles & Antiques. Sold by OnlineRecycle — tested, described accurately. Local pickup available in Central Florida or ships with tracking.",5.99,USD,Collectibles & Antiques,TRUE,TRUE,TRUE,1
,CANNERY ROW: A PICTORIAL HISTORY By John Hicks Hpr,Default,EB-205313143510,"CANNERY ROW: A PICTORIAL HISTORY By John Hicks Hpr. Category: Books. Sold by OnlineRecycle — tested, described accurately. Local pickup available in Central Florida or ships with tracking.",19.99,USD,Books,TRUE,TRUE,TRUE,1
,Teachers Discovering Computers : Integrating Technology in the Classroomhpr,Default,EB-205313148601,"Teachers Discovering Computers : Integrating Technology in the Classroomhpr. Category: Books. Sold by OnlineRecycle — tested, described accurately. Local pickup available in Central Florida or ships with tracking.",5.44,USD,Books,TRUE,TRUE,TRUE,1
,"Phaidon Book on JFK, John F. Kennedy Life In Pictures Bookhpr",Default,EB-205313156229,"Phaidon Book on JFK, John F. Kennedy Life In Pictures Bookhpr. Category: Books. Sold by OnlineRecycle — tested, described accurately. Local pickup available in Central Florida or ships with tracking.",9.99,USD,Books,TRUE,TRUE,TRUE,1
,"Bakery Boxes w/ Windows 3- 2 pk Fall Design 10X10X3 Great for Pies, Cupcakes,k",Default,EB-205313157631,"Bakery Boxes w/ Windows 3- 2 pk Fall Design 10X10X3 Great for Pies, Cupcakes,k. Category: Collectibles & Antiques. Sold by OnlineRecycle — tested, described accurately. Local pickup available in Central Florida or ships with tracking.",4.99,USD,Collectibles & Antiques,TRUE,TRUE,TRUE,1
,Photo Album With Digital Voice Recorder Dolgen Corp. No Batteries Open Boxk,Default,EB-205313174357,"Photo Album With Digital Voice Recorder Dolgen Corp. No Batteries Open Boxk. Category: Collectibles & Antiques. Sold by OnlineRecycle — tested, described accurately. Local pickup available in Central Florida or ships with tracking.",14.99,USD,Collectibles & Antiques,TRUE,TRUE,TRUE,1
,Destiny - Microsoft Xbox One,Default,EB-205314261940,"Destiny - Microsoft Xbox One. Category: Video Games. Sold by OnlineRecycle — tested, described accurately. Local pickup available in Central Florida or ships with tracking.",3.99,USD,Video Games,TRUE,TRUE,TRUE,1
,"Kinect Adventures (Microsoft Xbox 360, 2010)",Default,EB-205314267189,"Kinect Adventures (Microsoft Xbox 360, 2010). Category: Collectibles & Antiques. Sold by OnlineRecycle — tested, described accurately. Local pickup available in Central Florida or ships with tracking.",2.99,USD,Collectibles & Antiques,TRUE,TRUE,TRUE,2
,"Madden NFL 09 (Microsoft Xbox 360, 2008) Brett Favre Football",Default,EB-205314279550,"Madden NFL 09 (Microsoft Xbox 360, 2008) Brett Favre Football. Category: Video Games. Sold by OnlineRecycle — tested, described accurately. Local pickup available in Central Florida or ships with tracking.",5.03,USD,Video Games,TRUE,TRUE,TRUE,1
,Xbox 360: Madden NFL 12 - Microsoft Xbox 360 Browns Football,Default,EB-205314314822,"Xbox 360: Madden NFL 12 - Microsoft Xbox 360 Browns Football. Category: Video Games. Sold by OnlineRecycle — tested, described accurately. Local pickup available in Central Florida or ships with tracking.",4.67,USD,Video Games,TRUE,TRUE,TRUE,1
,"Madden NFL 16 (Microsoft Xbox 360, 2015) Giants Cover",Default,EB-205314332190,"Madden NFL 16 (Microsoft Xbox 360, 2015) Giants Cover. Category: Video Games. Sold by OnlineRecycle — tested, described accurately. Local pickup available in Central Florida or ships with tracking.",6.49,USD,Video Games,TRUE,TRUE,TRUE,3
,Magnesium WATERPROOF Flint Fire Starter Striker Camping Off Grid Survival 🔥ℹ,Default,EB-205314407581,"Magnesium WATERPROOF Flint Fire Starter Striker Camping Off Grid Survival 🔥ℹ. Category: Collectibles & Antiques. Sold by OnlineRecycle — tested, described accurately. Local pickup available in Central Florida or ships with tracking.",6.45,USD,Collectibles & Antiques,TRUE,TRUE,TRUE,1
,niohura wireless lavalier microphone Type Ci,Default,EB-205314467982,"niohura wireless lavalier microphone Type Ci. Category: Collectibles & Antiques. Sold by OnlineRecycle — tested, described accurately. Local pickup available in Central Florida or ships with tracking.",15.99,USD,Collectibles & Antiques,TRUE,TRUE,TRUE,1
,Disney Infinity Microsoft Xbox 360 Video Game 2004 Avalanche Software Tested,Default,EB-205316748908,"Disney Infinity Microsoft Xbox 360 Video Game 2004 Avalanche Software Tested. Category: Collectibles & Antiques. Sold by OnlineRecycle — tested, described accurately. Local pickup available in Central Florida or ships with tracking.",6.58,USD,Collectibles & Antiques,TRUE,TRUE,TRUE,1
,"Tiger Woods PGA Tour 2002 (Sony PlayStation 2, 2002)",Default,EB-205316750973,"Tiger Woods PGA Tour 2002 (Sony PlayStation 2, 2002). Category: Video Games. Sold by OnlineRecycle — tested, described accurately. Local pickup available in Central Florida or ships with tracking.",6.00,USD,Video Games,TRUE,TRUE,TRUE,1
,Madden NFL 20 - Microsoft Xbox One Patrick Mahommes Chiefs Cover,Default,EB-205316756774,"Madden NFL 20 - Microsoft Xbox One Patrick Mahommes Chiefs Cover. Category: Video Games. Sold by OnlineRecycle — tested, described accurately. Local pickup available in Central Florida or ships with tracking.",3.49,USD,Video Games,TRUE,TRUE,TRUE,1
,"NBA Live 06 (Sony PlayStation 2, 2005) Dwayne Wade Heat Cover Flash",Default,EB-205316811151,"NBA Live 06 (Sony PlayStation 2, 2005) Dwayne Wade Heat Cover Flash. Category: Video Games. Sold by OnlineRecycle — tested, described accurately. Local pickup available in Central Florida or ships with tracking.",4.89,USD,Video Games,TRUE,TRUE,TRUE,1
,Fifa Soccer 12 - Microsoft Xbox 360 Football,Default,EB-205316826464,"Fifa Soccer 12 - Microsoft Xbox 360 Football. Category: Video Games. Sold by OnlineRecycle — tested, described accurately. Local pickup available in Central Florida or ships with tracking.",2.89,USD,Video Games,TRUE,TRUE,TRUE,1
,"ESPN NBA 2K5 (Microsoft Xbox, 2004) NBA Basketball Pistons Cover",Default,EB-205316910805,"ESPN NBA 2K5 (Microsoft Xbox, 2004) NBA Basketball Pistons Cover. Category: Video Games. Sold by OnlineRecycle — tested, described accurately. Local pickup available in Central Florida or ships with tracking.",4.74,USD,Video Games,TRUE,TRUE,TRUE,1
,"LEGO Star Wars II: The Original Trilogy (Microsoft Xbox, 2006)",Default,EB-205317006966,"LEGO Star Wars II: The Original Trilogy (Microsoft Xbox, 2006). Category: Video Games. Sold by OnlineRecycle — tested, described accurately. Local pickup available in Central Florida or ships with tracking.",7.93,USD,Video Games,TRUE,TRUE,TRUE,1
,"Scooby-Doo!: Wrestlemania Mystery (DVD, 2014) Wrestling",Default,EB-205317028479,"Scooby-Doo!: Wrestlemania Mystery (DVD, 2014) Wrestling. Category: Movies & Entertainment. Sold by OnlineRecycle — tested, described accurately. Local pickup available in Central Florida or ships with tracking.",4.15,USD,Movies & Entertainment,TRUE,TRUE,TRUE,1
,"SingStar Rocks (Sony PlayStation 2, 2006) CIB Please See My Store I combine Ship",Default,EB-205317069838,"SingStar Rocks (Sony PlayStation 2, 2006) CIB Please See My Store I combine Ship. Category: Video Games. Sold by OnlineRecycle — tested, described accurately. Local pickup available in Central Florida or ships with tracking.",7.00,USD,Video Games,TRUE,TRUE,TRUE,1
,"Madden NFL 08 (Microsoft Xbox 360, 2007) Vince Young Cover Titans",Default,EB-205317167604,"Madden NFL 08 (Microsoft Xbox 360, 2007) Vince Young Cover Titans. Category: Video Games. Sold by OnlineRecycle — tested, described accurately. Local pickup available in Central Florida or ships with tracking.",4.99,USD,Video Games,TRUE,TRUE,TRUE,1
,"NHL 2001 (Sony PlayStation 2, 2000)",Default,EB-205317175852,"NHL 2001 (Sony PlayStation 2, 2000). Category: Video Games. Sold by OnlineRecycle — tested, described accurately. Local pickup available in Central Florida or ships with tracking.",2.70,USD,Video Games,TRUE,TRUE,TRUE,1
,Madden NFL 15 - Sony PlayStation 3 Football Seahawks Cover,Default,EB-205317184503,"Madden NFL 15 - Sony PlayStation 3 Football Seahawks Cover. Category: Video Games. Sold by OnlineRecycle — tested, described accurately. Local pickup available in Central Florida or ships with tracking.",6.50,USD,Video Games,TRUE,TRUE,TRUE,1
,Madden NFL 09 - PlayStation 3 PS3 Game - Complete w/ Manual - Tested Working,Default,EB-205317185653,"Madden NFL 09 - PlayStation 3 PS3 Game - Complete w/ Manual - Tested Working. Category: Video Games. Sold by OnlineRecycle — tested, described accurately. Local pickup available in Central Florida or ships with tracking.",7.00,USD,Video Games,TRUE,TRUE,TRUE,1
,"NHL 2003 (Sony PlayStation 2, 2002) Hockey Vintage",Default,EB-205317190035,"NHL 2003 (Sony PlayStation 2, 2002) Hockey Vintage. Category: Video Games. Sold by OnlineRecycle — tested, described accurately. Local pickup available in Central Florida or ships with tracking.",5.48,USD,Video Games,TRUE,TRUE,TRUE,1
,Nba Live 2004 - Sony PlayStation 2 Basketball Vince Carter Toronto Raptors Cover,Default,EB-205317194140,"Nba Live 2004 - Sony PlayStation 2 Basketball Vince Carter Toronto Raptors Cover. Category: Video Games. Sold by OnlineRecycle — tested, described accurately. Local pickup available in Central Florida or ships with tracking.",4.99,USD,Video Games,TRUE,TRUE,TRUE,1
,NHL 12 - Sony PlayStation 3 Hocky CiB Tampa Cover,Default,EB-205317205071,"NHL 12 - Sony PlayStation 3 Hocky CiB Tampa Cover. Category: Video Games. Sold by OnlineRecycle — tested, described accurately. Local pickup available in Central Florida or ships with tracking.",4.08,USD,Video Games,TRUE,TRUE,TRUE,1
,"Tiger Woods PGA Tour 10 (Sony PlayStation 2, 2009)",Default,EB-205317206955,"Tiger Woods PGA Tour 10 (Sony PlayStation 2, 2009). Category: Video Games. Sold by OnlineRecycle — tested, described accurately. Local pickup available in Central Florida or ships with tracking.",7.97,USD,Video Games,TRUE,TRUE,TRUE,1
,"NHL 2005 (Sony PlayStation 2, 2004) Hockey",Default,EB-205317208701,"NHL 2005 (Sony PlayStation 2, 2004) Hockey. Category: Video Games. Sold by OnlineRecycle — tested, described accurately. Local pickup available in Central Florida or ships with tracking.",3.47,USD,Video Games,TRUE,TRUE,TRUE,1
,Singstar Pop - Sony PlayStation 2,Default,EB-205317211711,"Singstar Pop - Sony PlayStation 2. Category: Video Games. Sold by OnlineRecycle — tested, described accurately. Local pickup available in Central Florida or ships with tracking.",9.99,USD,Video Games,TRUE,TRUE,TRUE,1
,"Triple Play 2002 (Sony PlayStation 2, 2002) Baseball MLB Vintage",Default,EB-205317224480,"Triple Play 2002 (Sony PlayStation 2, 2002) Baseball MLB Vintage. Category: Video Games. Sold by OnlineRecycle — tested, described accurately. Local pickup available in Central Florida or ships with tracking.",2.79,USD,Video Games,TRUE,TRUE,TRUE,2
,"NCAA March Madness 06 (Sony PlayStation 2, 2005) Basketball 🏀 College Basketbal",Default,EB-205317237428,"NCAA March Madness 06 (Sony PlayStation 2, 2005) Basketball 🏀 College Basketbal. Category: Video Games. Sold by OnlineRecycle — tested, described accurately. Local pickup available in Central Florida or ships with tracking.",6.25,USD,Video Games,TRUE,TRUE,TRUE,1
,"NCAA Football 2003 (Sony PlayStation 2, 2002) Oregon On Cover College Football",Default,EB-205317325105,"NCAA Football 2003 (Sony PlayStation 2, 2002) Oregon On Cover College Football. Category: Video Games. Sold by OnlineRecycle — tested, described accurately. Local pickup available in Central Florida or ships with tracking.",6.24,USD,Video Games,TRUE,TRUE,TRUE,1
,"Madden NFL 10 (Sony PlayStation 3, 2009) Football CIB",Default,EB-205317364943,"Madden NFL 10 (Sony PlayStation 3, 2009) Football CIB. Category: Video Games. Sold by OnlineRecycle — tested, described accurately. Local pickup available in Central Florida or ships with tracking.",7.00,USD,Video Games,TRUE,TRUE,TRUE,1
,"R.B.I. Baseball 18 (Microsoft Xbox One, 2018) MLB Cleveland Indians Cover",Default,EB-205317380913,"R.B.I. Baseball 18 (Microsoft Xbox One, 2018) MLB Cleveland Indians Cover. Category: Video Games. Sold by OnlineRecycle — tested, described accurately. Local pickup available in Central Florida or ships with tracking.",6.51,USD,Video Games,TRUE,TRUE,TRUE,1
,NBA 2K18 - Microsoft Xbox One Basketball Kyrie Irving Boston Celtics Cover,Default,EB-205317390873,"NBA 2K18 - Microsoft Xbox One Basketball Kyrie Irving Boston Celtics Cover. Category: Video Games. Sold by OnlineRecycle — tested, described accurately. Local pickup available in Central Florida or ships with tracking.",2.83,USD,Video Games,TRUE,TRUE,TRUE,1
,"R.B.I. Baseball 17 (Microsoft Xbox One, 2017) MLB LA Los Angeles Dodgers Cover",Default,EB-205317392796,"R.B.I. Baseball 17 (Microsoft Xbox One, 2017) MLB LA Los Angeles Dodgers Cover. Category: Video Games. Sold by OnlineRecycle — tested, described accurately. Local pickup available in Central Florida or ships with tracking.",4.99,USD,Video Games,TRUE,TRUE,TRUE,1
,"Madden NFL 18 (Microsoft Xbox One, 2017) Football Tom Brady Patriots Goat",Default,EB-205317401045,"Madden NFL 18 (Microsoft Xbox One, 2017) Football Tom Brady Patriots Goat. Category: Video Games. Sold by OnlineRecycle — tested, described accurately. Local pickup available in Central Florida or ships with tracking.",4.93,USD,Video Games,TRUE,TRUE,TRUE,2
,"NBA 2K16 (Microsoft Xbox One, 2015) Basketball 🏀 James Hardin Houston Rockets",Default,EB-205317408967,"NBA 2K16 (Microsoft Xbox One, 2015) Basketball 🏀 James Hardin Houston Rockets. Category: Video Games. Sold by OnlineRecycle — tested, described accurately. Local pickup available in Central Florida or ships with tracking.",6.95,USD,Video Games,TRUE,TRUE,TRUE,1
,NBA 2K19 - Microsoft Xbox One Basketball Giannis Antetokounmpo Bucks,Default,EB-205317415586,"NBA 2K19 - Microsoft Xbox One Basketball Giannis Antetokounmpo Bucks. Category: Video Games. Sold by OnlineRecycle — tested, described accurately. Local pickup available in Central Florida or ships with tracking.",3.64,USD,Video Games,TRUE,TRUE,TRUE,1
,"Madden NFL 16 (Microsoft Xbox One, 2015) Football",Default,EB-205317517357,"Madden NFL 16 (Microsoft Xbox One, 2015) Football. Category: Video Games. Sold by OnlineRecycle — tested, described accurately. Local pickup available in Central Florida or ships with tracking.",6.23,USD,Video Games,TRUE,TRUE,TRUE,2
,"Madden NFL 15 (Microsoft Xbox One, 2014) Football Seahawks Seattle Cover",Default,EB-205317518466,"Madden NFL 15 (Microsoft Xbox One, 2014) Football Seahawks Seattle Cover. Category: Video Games. Sold by OnlineRecycle — tested, described accurately. Local pickup available in Central Florida or ships with tracking.",4.98,USD,Video Games,TRUE,TRUE,TRUE,1
,"NCAA Football 08 (Microsoft Xbox 360, 2007) College Boise State Tebow Back Cover",Default,EB-205317523372,"NCAA Football 08 (Microsoft Xbox 360, 2007) College Boise State Tebow Back Cover. Category: Video Games. Sold by OnlineRecycle — tested, described accurately. Local pickup available in Central Florida or ships with tracking.",8.00,USD,Video Games,TRUE,TRUE,TRUE,1
,"Kinect Sports (Xbox 360, 2010) Complete CiB",Default,EB-205317526331,"Kinect Sports (Xbox 360, 2010) Complete CiB. Category: Video Games. Sold by OnlineRecycle — tested, described accurately. Local pickup available in Central Florida or ships with tracking.",5.55,USD,Video Games,TRUE,TRUE,TRUE,1
,"Madden NFL 16 (Microsoft Xbox One, 2015) New York Giants Cover Football",Default,EB-205322192922,"Madden NFL 16 (Microsoft Xbox One, 2015) New York Giants Cover Football. Category: Video Games. Sold by OnlineRecycle — tested, described accurately. Local pickup available in Central Florida or ships with tracking.",1.97,USD,Video Games,TRUE,TRUE,TRUE,1
,🎸Rocksmith 2014 Edition - Microsoft Xbox 360 Learn Guitar Easy 🎸,Default,EB-205322195151,"🎸Rocksmith 2014 Edition - Microsoft Xbox 360 Learn Guitar Easy 🎸. Category: Video Games. Sold by OnlineRecycle — tested, described accurately. Local pickup available in Central Florida or ships with tracking.",14.99,USD,Video Games,TRUE,TRUE,TRUE,1
,Fail Sade Thermostat Part Number 7335-192k,Default,EB-205322532364,"Fail Sade Thermostat Part Number 7335-192k. Category: General Merchandise. Sold by OnlineRecycle — tested, described accurately. Local pickup available in Central Florida or ships with tracking.",17.99,USD,General Merchandise,TRUE,TRUE,TRUE,1
,John Grisham a time to kill paperback book Dell USA 1992,Default,EB-205322607398,"John Grisham a time to kill paperback book Dell USA 1992. Category: Collectibles & Antiques. Sold by OnlineRecycle — tested, described accurately. Local pickup available in Central Florida or ships with tracking.",3.78,USD,Collectibles & Antiques,TRUE,TRUE,TRUE,1
,Cruiser 81200 Locking Fastener Anti Theft Star Pin Stainless Steel Screws k,Default,EB-205322769276,"Cruiser 81200 Locking Fastener Anti Theft Star Pin Stainless Steel Screws k. Category: General Merchandise. Sold by OnlineRecycle — tested, described accurately. Local pickup available in Central Florida or ships with tracking.",6.50,USD,General Merchandise,TRUE,TRUE,TRUE,1
,"Pet Sematary (DVD, 1989) Stephen King Original Movie Not Remake",Default,EB-205322799481,"Pet Sematary (DVD, 1989) Stephen King Original Movie Not Remake. Category: Movies & Entertainment. Sold by OnlineRecycle — tested, described accurately. Local pickup available in Central Florida or ships with tracking.",7.72,USD,Movies & Entertainment,TRUE,TRUE,TRUE,1
,"Star Wars: The Force Unleashed (Nintendo Wii, 2008) CiB",Default,EB-205322804308,"Star Wars: The Force Unleashed (Nintendo Wii, 2008) CiB. Category: Video Games. Sold by OnlineRecycle — tested, described accurately. Local pickup available in Central Florida or ships with tracking.",5.34,USD,Video Games,TRUE,TRUE,TRUE,1
,"LEGO Star Wars - The Complete Saga (Wii, 2007) CiB",Default,EB-205322808461,"LEGO Star Wars - The Complete Saga (Wii, 2007) CiB. Category: Video Games. Sold by OnlineRecycle — tested, described accurately. Local pickup available in Central Florida or ships with tracking.",9.95,USD,Video Games,TRUE,TRUE,TRUE,1
,"NASCAR 2005: Chase for the Cup (Sony PlayStation 2, 2004) CiB",Default,EB-205322815229,"NASCAR 2005: Chase for the Cup (Sony PlayStation 2, 2004) CiB. Category: Video Games. Sold by OnlineRecycle — tested, described accurately. Local pickup available in Central Florida or ships with tracking.",9.50,USD,Video Games,TRUE,TRUE,TRUE,1
,"NHL 2002 (Sony PlayStation 2, 2001) Hockey 🏒",Default,EB-205322830596,"NHL 2002 (Sony PlayStation 2, 2001) Hockey 🏒. Category: Video Games. Sold by OnlineRecycle — tested, described accurately. Local pickup available in Central Florida or ships with tracking.",1.97,USD,Video Games,TRUE,TRUE,TRUE,1
,"MLB 2006 (Sony PlayStation 2, 2005) PS2 Baseball St Louis Cover",Default,EB-205322834713,"MLB 2006 (Sony PlayStation 2, 2005) PS2 Baseball St Louis Cover. Category: Video Games. Sold by OnlineRecycle — tested, described accurately. Local pickup available in Central Florida or ships with tracking.",2.95,USD,Video Games,TRUE,TRUE,TRUE,1
,"NCAA March Madness 2002 (Sony PlayStation 2, 2002) College Basketball Duke Cover",Default,EB-205322841068,"NCAA March Madness 2002 (Sony PlayStation 2, 2002) College Basketball Duke Cover. Category: Video Games. Sold by OnlineRecycle — tested, described accurately. Local pickup available in Central Florida or ships with tracking.",9.99,USD,Video Games,TRUE,TRUE,TRUE,1
,"NBA ShootOut 2003 (Sony PlayStation 2, 2002) CiB Bucks Cover Basketball",Default,EB-205322844548,"NBA ShootOut 2003 (Sony PlayStation 2, 2002) CiB Bucks Cover Basketball. Category: Video Games. Sold by OnlineRecycle — tested, described accurately. Local pickup available in Central Florida or ships with tracking.",8.99,USD,Video Games,TRUE,TRUE,TRUE,1
,Destiny (Sony PlayStation 4 PS4) DISC ONLY PS4,Default,EB-205322847962,"Destiny (Sony PlayStation 4 PS4) DISC ONLY PS4. Category: Video Games. Sold by OnlineRecycle — tested, described accurately. Local pickup available in Central Florida or ships with tracking.",4.43,USD,Video Games,TRUE,TRUE,TRUE,1
,"Blood Diamond (DVD, 2007, Full Frame)",Default,EB-205322852220,"Blood Diamond (DVD, 2007, Full Frame). Category: Movies & Entertainment. Sold by OnlineRecycle — tested, described accurately. Local pickup available in Central Florida or ships with tracking.",2.50,USD,Movies & Entertainment,TRUE,TRUE,TRUE,1
,"Swordfish (DVD, 2001) Travolta Halle Berry Hugh Jackman",Default,EB-205322856911,"Swordfish (DVD, 2001) Travolta Halle Berry Hugh Jackman. Category: Movies & Entertainment. Sold by OnlineRecycle — tested, described accurately. Local pickup available in Central Florida or ships with tracking.",1.00,USD,Movies & Entertainment,TRUE,TRUE,TRUE,1
,"Breakfast Club (DVD, 1985)",Default,EB-205322861111,"Breakfast Club (DVD, 1985). Category: Movies & Entertainment. Sold by OnlineRecycle — tested, described accurately. Local pickup available in Central Florida or ships with tracking.",2.58,USD,Movies & Entertainment,TRUE,TRUE,TRUE,1
,"Milk (DVD, 2008) Sean Penn Classic",Default,EB-205322868209,"Milk (DVD, 2008) Sean Penn Classic. Category: Movies & Entertainment. Sold by OnlineRecycle — tested, described accurately. Local pickup available in Central Florida or ships with tracking.",9.00,USD,Movies & Entertainment,TRUE,TRUE,TRUE,1
,"Legend of the Black Scorpion (DVD, 2006)",Default,EB-205322870319,"Legend of the Black Scorpion (DVD, 2006). Category: Movies & Entertainment. Sold by OnlineRecycle — tested, described accurately. Local pickup available in Central Florida or ships with tracking.",3.78,USD,Movies & Entertainment,TRUE,TRUE,TRUE,1
,"Barbarella (DVD, 1968) Jane Fonda",Default,EB-205322875171,"Barbarella (DVD, 1968) Jane Fonda. Category: Movies & Entertainment. Sold by OnlineRecycle — tested, described accurately. Local pickup available in Central Florida or ships with tracking.",9.99,USD,Movies & Entertainment,TRUE,TRUE,TRUE,1
,"Conspiracy Theory (DVD, 1997) Mel Gibson Julia Roberts",Default,EB-205322880578,"Conspiracy Theory (DVD, 1997) Mel Gibson Julia Roberts. Category: Movies & Entertainment. Sold by OnlineRecycle — tested, described accurately. Local pickup available in Central Florida or ships with tracking.",3.70,USD,Movies & Entertainment,TRUE,TRUE,TRUE,1
,"Hustle & Flow (DVD, 2005)",Default,EB-205322884198,"Hustle & Flow (DVD, 2005). Category: Movies & Entertainment. Sold by OnlineRecycle — tested, described accurately. Local pickup available in Central Florida or ships with tracking.",3.26,USD,Movies & Entertainment,TRUE,TRUE,TRUE,1
,Visions : How Science Will Revolutionize the 21st Century and Beyond by...,Default,EB-205328906384,"Visions : How Science Will Revolutionize the 21st Century and Beyond by.... Category: Books. Sold by OnlineRecycle — tested, described accurately. Local pickup available in Central Florida or ships with tracking.",14.99,USD,Books,TRUE,TRUE,TRUE,1
,JESUS OF NAZARETH By Gunther Bornkamm - 1960,Default,EB-205329002980,"JESUS OF NAZARETH By Gunther Bornkamm - 1960. Category: Collectibles & Antiques. Sold by OnlineRecycle — tested, described accurately. Local pickup available in Central Florida or ships with tracking.",9.00,USD,Collectibles & Antiques,TRUE,TRUE,TRUE,1
,Superior Walls by Weaver ProcastMULTI-FAMILY DVD 📀,Default,EB-205334590419,"Superior Walls by Weaver ProcastMULTI-FAMILY DVD 📀. Category: Movies & Entertainment. Sold by OnlineRecycle — tested, described accurately. Local pickup available in Central Florida or ships with tracking.",14.99,USD,Movies & Entertainment,TRUE,TRUE,TRUE,1
,Adams Contractor Forms on CD SS4301 Windows & Macintosh PDF And Excel Sealed,Default,EB-205334595913,"Adams Contractor Forms on CD SS4301 Windows & Macintosh PDF And Excel Sealed. Category: Collectibles & Antiques. Sold by OnlineRecycle — tested, described accurately. Local pickup available in Central Florida or ships with tracking.",7.17,USD,Collectibles & Antiques,TRUE,TRUE,TRUE,1
,H & R Block Tax cut Basic Software On DVD Windows Mac,Default,EB-205334620085,"H & R Block Tax cut Basic Software On DVD Windows Mac. Category: Collectibles & Antiques. Sold by OnlineRecycle — tested, described accurately. Local pickup available in Central Florida or ships with tracking.",12.88,USD,Collectibles & Antiques,TRUE,TRUE,TRUE,1
,"Writer's Reference by Diana T. Hacker (1995, Trade Paperback)",Default,EB-205334695851,"Writer's Reference by Diana T. Hacker (1995, Trade Paperback). Category: Books. Sold by OnlineRecycle — tested, described accurately. Local pickup available in Central Florida or ships with tracking.",12.99,USD,Books,TRUE,TRUE,TRUE,1
,"Heidi by Random House Value Publishing Staff and Johanna Spyri (1998, Hardcover)",Default,EB-205334699047,"Heidi by Random House Value Publishing Staff and Johanna Spyri (1998, Hardcover). Category: Books. Sold by OnlineRecycle — tested, described accurately. Local pickup available in Central Florida or ships with tracking.",4.76,USD,Books,TRUE,TRUE,TRUE,1
,Legend of Sleepy Hollow and Other Stories by Washington. Irving 1999 Book,Default,EB-205334701760,"Legend of Sleepy Hollow and Other Stories by Washington. Irving 1999 Book. Category: Books. Sold by OnlineRecycle — tested, described accurately. Local pickup available in Central Florida or ships with tracking.",7.57,USD,Books,TRUE,TRUE,TRUE,1
,Chicken Soup for the Soul Ser.: Chicken Soup for the Teenage Soul II : 101 More,Default,EB-205334704436,"Chicken Soup for the Soul Ser.: Chicken Soup for the Teenage Soul II : 101 More. Category: Books. Sold by OnlineRecycle — tested, described accurately. Local pickup available in Central Florida or ships with tracking.",2.84,USD,Books,TRUE,TRUE,TRUE,1
,Saying Yes : In Defense of Drug Use by Jacob Sullum 2004 Book,Default,EB-205334710920,"Saying Yes : In Defense of Drug Use by Jacob Sullum 2004 Book. Category: Books. Sold by OnlineRecycle — tested, described accurately. Local pickup available in Central Florida or ships with tracking.",7.50,USD,Books,TRUE,TRUE,TRUE,1
,Dear Mr. Henshaw By Beverly Cleary (2000) Paperback Book - Newberry Medal,Default,EB-205334717196,"Dear Mr. Henshaw By Beverly Cleary (2000) Paperback Book - Newberry Medal. Category: Books. Sold by OnlineRecycle — tested, described accurately. Local pickup available in Central Florida or ships with tracking.",2.98,USD,Books,TRUE,TRUE,TRUE,1
,101 Experiments in Photography First Edition Richard D. Zakia and Hollis N Todd,Default,EB-205334723991,"101 Experiments in Photography First Edition Richard D. Zakia and Hollis N Todd. Category: Books. Sold by OnlineRecycle — tested, described accurately. Local pickup available in Central Florida or ships with tracking.",5.47,USD,Books,TRUE,TRUE,TRUE,1
,"You and the Police! by Boston T. Party (2005, Trade Paperback)",Default,EB-205334784728,"You and the Police! by Boston T. Party (2005, Trade Paperback). Category: Books. Sold by OnlineRecycle — tested, described accurately. Local pickup available in Central Florida or ships with tracking.",9.95,USD,Books,TRUE,TRUE,TRUE,1
,Low-Carb Recipes Favorite Brand Name Cookbook Hardcover Spiral Bindinghpr,Default,EB-205334785330,"Low-Carb Recipes Favorite Brand Name Cookbook Hardcover Spiral Bindinghpr. Category: Collectibles & Antiques. Sold by OnlineRecycle — tested, described accurately. Local pickup available in Central Florida or ships with tracking.",6.78,USD,Collectibles & Antiques,TRUE,TRUE,TRUE,1
,Worlds Simplest French Cook Book 1996 Hard Cover Spiral,Default,EB-205334797205,"Worlds Simplest French Cook Book 1996 Hard Cover Spiral. Category: Collectibles & Antiques. Sold by OnlineRecycle — tested, described accurately. Local pickup available in Central Florida or ships with tracking.",6.00,USD,Collectibles & Antiques,TRUE,TRUE,TRUE,1
,Volkswagen Station Wagon/Bus: Official Service Manual 1968-1979,Default,EB-205334871699,"Volkswagen Station Wagon/Bus: Official Service Manual 1968-1979. Category: Collectibles & Antiques. Sold by OnlineRecycle — tested, described accurately. Local pickup available in Central Florida or ships with tracking.",59.99,USD,Collectibles & Antiques,TRUE,TRUE,TRUE,1
,"Harry Potter and the Prisoner of Azkaban by J. K. Rowling (1999, Hardcover)",Default,EB-205334877270,"Harry Potter and the Prisoner of Azkaban by J. K. Rowling (1999, Hardcover). Category: Books. Sold by OnlineRecycle — tested, described accurately. Local pickup available in Central Florida or ships with tracking.",7.87,USD,Books,TRUE,TRUE,TRUE,1
,"Templar Salvation by Raymond Khoury (2010, Hardcover)",Default,EB-205334879450,"Templar Salvation by Raymond Khoury (2010, Hardcover). Category: Books. Sold by OnlineRecycle — tested, described accurately. Local pickup available in Central Florida or ships with tracking.",3.73,USD,Books,TRUE,TRUE,TRUE,1
,Say it with a SMILE! cut or copy clip art book Dianne Hook Willis,Default,EB-205334897215,"Say it with a SMILE! cut or copy clip art book Dianne Hook Willis. Category: Collectibles & Antiques. Sold by OnlineRecycle — tested, described accurately. Local pickup available in Central Florida or ships with tracking.",9.99,USD,Collectibles & Antiques,TRUE,TRUE,TRUE,1
,Mother's Manual for Schoolday Survival by Joy Mahaffey and Kathy Peel (1990),Default,EB-205334900543,"Mother's Manual for Schoolday Survival by Joy Mahaffey and Kathy Peel (1990). Category: Books. Sold by OnlineRecycle — tested, described accurately. Local pickup available in Central Florida or ships with tracking.",4.99,USD,Books,TRUE,TRUE,TRUE,1
,The New Illustrated Science and Invention Encyclopedia 1989 Volume 12,Default,EB-205334906851,"The New Illustrated Science and Invention Encyclopedia 1989 Volume 12. Category: Collectibles & Antiques. Sold by OnlineRecycle — tested, described accurately. Local pickup available in Central Florida or ships with tracking.",13.95,USD,Collectibles & Antiques,TRUE,TRUE,TRUE,1
,"Florida Law : A Layman's Guide by Gerald B. Keane (1991, Trade Paperback)",Default,EB-205334927687,"Florida Law : A Layman's Guide by Gerald B. Keane (1991, Trade Paperback). Category: Books. Sold by OnlineRecycle — tested, described accurately. Local pickup available in Central Florida or ships with tracking.",11.08,USD,Books,TRUE,TRUE,TRUE,1
,Un souffle du ciel by Ardis Stenbakken,Default,EB-205334938339,"Un souffle du ciel by Ardis Stenbakken. Category: Collectibles & Antiques. Sold by OnlineRecycle — tested, described accurately. Local pickup available in Central Florida or ships with tracking.",14.99,USD,Collectibles & Antiques,TRUE,TRUE,TRUE,1
,Networking Essentials:Second Edition Hardcover Book with CD-ROM,Default,EB-205339355434,"Networking Essentials:Second Edition Hardcover Book with CD-ROM. Category: Books. Sold by OnlineRecycle — tested, described accurately. Local pickup available in Central Florida or ships with tracking.",24.99,USD,Books,TRUE,TRUE,TRUE,1
,"PCs by Dan Gookin (1999, Trade Paperback)",Default,EB-205339362836,"PCs by Dan Gookin (1999, Trade Paperback). Category: Books. Sold by OnlineRecycle — tested, described accurately. Local pickup available in Central Florida or ships with tracking.",15.99,USD,Books,TRUE,TRUE,TRUE,1
,"Schwinn 26x1.75"" 26x1.95"" 26x2.125"" Bike Bicycle Inner Tube Schrader Cruiseri",Default,EB-205340473090,"Schwinn 26x1.75"" 26x1.95"" 26x2.125"" Bike Bicycle Inner Tube Schrader Cruiseri. Category: Collectibles & Antiques. Sold by OnlineRecycle — tested, described accurately. Local pickup available in Central Florida or ships with tracking.",8.00,USD,Collectibles & Antiques,TRUE,TRUE,TRUE,1
,Tp Lnk Model: Archer A7AC1750 Wireless Dual Band Gigabit Routeri,Default,EB-205340608070,"Tp Lnk Model: Archer A7AC1750 Wireless Dual Band Gigabit Routeri. Category: Collectibles & Antiques. Sold by OnlineRecycle — tested, described accurately. Local pickup available in Central Florida or ships with tracking.",30.00,USD,Collectibles & Antiques,TRUE,TRUE,TRUE,1
,Cisco Linksys EA4500 N900 Dual Band Wi-Fi Wireless Routeri,Default,EB-205340624291,"Cisco Linksys EA4500 N900 Dual Band Wi-Fi Wireless Routeri. Category: Movies & Entertainment. Sold by OnlineRecycle — tested, described accurately. Local pickup available in Central Florida or ships with tracking.",10.00,USD,Movies & Entertainment,TRUE,TRUE,TRUE,1
,"Squeeze Me : A Novel by Carl Hiaasen (2020, Hardcover)",Default,EB-205344231571,"Squeeze Me : A Novel by Carl Hiaasen (2020, Hardcover). Category: Books. Sold by OnlineRecycle — tested, described accurately. Local pickup available in Central Florida or ships with tracking.",5.00,USD,Books,TRUE,TRUE,TRUE,1
,Sew Easy Embellishments - Hardcover By Nancy Zieman - like new,Default,EB-205344258871,"Sew Easy Embellishments - Hardcover By Nancy Zieman - like new. Category: Books. Sold by OnlineRecycle — tested, described accurately. Local pickup available in Central Florida or ships with tracking.",5.00,USD,Books,TRUE,TRUE,TRUE,1
,"Pearson Chemistry by Edward Waterman, Antony Wilbraham, Michael Matta and Dennis",Default,EB-205344378807,"Pearson Chemistry by Edward Waterman, Antony Wilbraham, Michael Matta and Dennis. Category: Books. Sold by OnlineRecycle — tested, described accurately. Local pickup available in Central Florida or ships with tracking.",13.99,USD,Books,TRUE,TRUE,TRUE,1
,Cristo Es La Solucion (Spanish) by unknown author,Default,EB-205344468488,"Cristo Es La Solucion (Spanish) by unknown author. Category: Collectibles & Antiques. Sold by OnlineRecycle — tested, described accurately. Local pickup available in Central Florida or ships with tracking.",12.00,USD,Collectibles & Antiques,TRUE,TRUE,TRUE,1
,Super PDR Hot Glue Gun 40W 12V For 11mm Sticks Sealing Dent Repair Off grid i,Default,EB-205344485913,"Super PDR Hot Glue Gun 40W 12V For 11mm Sticks Sealing Dent Repair Off grid i. Category: Collectibles & Antiques. Sold by OnlineRecycle — tested, described accurately. Local pickup available in Central Florida or ships with tracking.",14.99,USD,Collectibles & Antiques,TRUE,TRUE,TRUE,1
,DIARY OF A WIMPY KID - DOG DAYS Book - Hardcover - Yellow - Excellent Condition,Default,EB-205344496022,"DIARY OF A WIMPY KID - DOG DAYS Book - Hardcover - Yellow - Excellent Condition. Category: Collectibles & Antiques. Sold by OnlineRecycle — tested, described accurately. Local pickup available in Central Florida or ships with tracking.",4.00,USD,Collectibles & Antiques,TRUE,TRUE,TRUE,1
,"Ecstasy Unveiled by Larissa Ione (2010, Mass Market)",Default,EB-205344535537,"Ecstasy Unveiled by Larissa Ione (2010, Mass Market). Category: Books. Sold by OnlineRecycle — tested, described accurately. Local pickup available in Central Florida or ships with tracking.",2.59,USD,Books,TRUE,TRUE,TRUE,1
,"Spongebob Squarepants ""Serving Up Smiles"" A Joke Book Nickelodeon 2010",Default,EB-205344538928,"Spongebob Squarepants ""Serving Up Smiles"" A Joke Book Nickelodeon 2010. Category: Collectibles & Antiques. Sold by OnlineRecycle — tested, described accurately. Local pickup available in Central Florida or ships with tracking.",4.50,USD,Collectibles & Antiques,TRUE,TRUE,TRUE,1
,Kodak Color Dataguide Reference Book Photo 1971 4th Edition Plus Bonus Guide ✌,Default,EB-205344552255,"Kodak Color Dataguide Reference Book Photo 1971 4th Edition Plus Bonus Guide ✌. Category: Collectibles & Antiques. Sold by OnlineRecycle — tested, described accurately. Local pickup available in Central Florida or ships with tracking.",24.99,USD,Collectibles & Antiques,TRUE,TRUE,TRUE,1
,Quicken User's Guide for Macintosh Performa Users Version 4 1993 Vintage Apple,Default,EB-205344558791,"Quicken User's Guide for Macintosh Performa Users Version 4 1993 Vintage Apple. Category: Collectibles & Antiques. Sold by OnlineRecycle — tested, described accurately. Local pickup available in Central Florida or ships with tracking.",4.99,USD,Collectibles & Antiques,TRUE,TRUE,TRUE,1
,El Camino a Cristo Ilustrado by Ellen G. White (Paperback) Spanish,Default,EB-205344561016,"El Camino a Cristo Ilustrado by Ellen G. White (Paperback) Spanish. Category: Collectibles & Antiques. Sold by OnlineRecycle — tested, described accurately. Local pickup available in Central Florida or ships with tracking.",16.19,USD,Collectibles & Antiques,TRUE,TRUE,TRUE,1
,"This Side of Paradise by F. Scott Fitzgerald (2009, Trade Paperback)",Default,EB-205344570410,"This Side of Paradise by F. Scott Fitzgerald (2009, Trade Paperback). Category: Books. Sold by OnlineRecycle — tested, described accurately. Local pickup available in Central Florida or ships with tracking.",4.09,USD,Books,TRUE,TRUE,TRUE,1
,"Fault in Our Stars by John Green (2014, Trade Paperback)",Default,EB-205344580437,"Fault in Our Stars by John Green (2014, Trade Paperback). Category: Books. Sold by OnlineRecycle — tested, described accurately. Local pickup available in Central Florida or ships with tracking.",3.29,USD,Books,TRUE,TRUE,TRUE,1
,"Economics, Florida : Concepts and Choices by Holt McDougal (2012, Hardcover)",Default,EB-205346041917,"Economics, Florida : Concepts and Choices by Holt McDougal (2012, Hardcover). Category: Books. Sold by OnlineRecycle — tested, described accurately. Local pickup available in Central Florida or ships with tracking.",5.34,USD,Books,TRUE,TRUE,TRUE,1
,C8721WN HP 02 Black Ink Cartridge for HP Photosmart 8250 i,Default,EB-205347235258,"C8721WN HP 02 Black Ink Cartridge for HP Photosmart 8250 i. Category: Collectibles & Antiques. Sold by OnlineRecycle — tested, described accurately. Local pickup available in Central Florida or ships with tracking.",8.00,USD,Collectibles & Antiques,TRUE,TRUE,TRUE,1
,Kitty Hawk Models F9f-8 F9f8p Assembled Plus 2 More Large Modelsatk,Default,EB-205348844141,"Kitty Hawk Models F9f-8 F9f8p Assembled Plus 2 More Large Modelsatk. Category: Collectibles & Antiques. Sold by OnlineRecycle — tested, described accurately. Local pickup available in Central Florida or ships with tracking.",79.99,USD,Collectibles & Antiques,TRUE,TRUE,TRUE,1
,"Vintage 1981 ""Advanced Woodworking"" Home Repair & Improvement By Time Life Books",Default,EB-205348855214,"Vintage 1981 ""Advanced Woodworking"" Home Repair & Improvement By Time Life Books. Category: Collectibles & Antiques. Sold by OnlineRecycle — tested, described accurately. Local pickup available in Central Florida or ships with tracking.",6.60,USD,Collectibles & Antiques,TRUE,TRUE,TRUE,1
,FIRESTARTER 1980 by STEPHEN KING Viking Hard Cover 1st Edition,Default,EB-205349064812,"FIRESTARTER 1980 by STEPHEN KING Viking Hard Cover 1st Edition. Category: Collectibles & Antiques. Sold by OnlineRecycle — tested, described accurately. Local pickup available in Central Florida or ships with tracking.",6.99,USD,Collectibles & Antiques,TRUE,TRUE,TRUE,1
,"Practical Problem Solver: Substitutes, Shortcuts, and Ingenious Solu - VERY GOOD",Default,EB-205349070469,"Practical Problem Solver: Substitutes, Shortcuts, and Ingenious Solu - VERY GOOD. Category: Books. Sold by OnlineRecycle — tested, described accurately. Local pickup available in Central Florida or ships with tracking.",12.99,USD,Books,TRUE,TRUE,TRUE,1
,"Angels and Demons by Dan Brown (2006, Us-Tall Rack Paperback)",Default,EB-205349094923,"Angels and Demons by Dan Brown (2006, Us-Tall Rack Paperback). Category: Books. Sold by OnlineRecycle — tested, described accurately. Local pickup available in Central Florida or ships with tracking.",3.00,USD,Books,TRUE,TRUE,TRUE,1
,Beautiful Bible Stories Southwestern 1964 Illustrated Hardcover...,Default,EB-205349102154,"Beautiful Bible Stories Southwestern 1964 Illustrated Hardcover.... Category: Collectibles & Antiques. Sold by OnlineRecycle — tested, described accurately. Local pickup available in Central Florida or ships with tracking.",9.99,USD,Collectibles & Antiques,TRUE,TRUE,TRUE,1
,1992 Charlotte's Web Hardcover Book Classic Vintage Children's Book,Default,EB-205349110929,"1992 Charlotte's Web Hardcover Book Classic Vintage Children's Book. Category: Collectibles & Antiques. Sold by OnlineRecycle — tested, described accurately. Local pickup available in Central Florida or ships with tracking.",7.00,USD,Collectibles & Antiques,TRUE,TRUE,TRUE,1
,"Waiting to Exhale by Terry McMillan (1993, Mass Market)",Default,EB-205349126316,"Waiting to Exhale by Terry McMillan (1993, Mass Market). Category: Books. Sold by OnlineRecycle — tested, described accurately. Local pickup available in Central Florida or ships with tracking.",3.00,USD,Books,TRUE,TRUE,TRUE,1
,Othello (The Annotated Shakespeare) book Good classic,Default,EB-205351259895,"Othello (The Annotated Shakespeare) book Good classic. Category: Books. Sold by OnlineRecycle — tested, described accurately. Local pickup available in Central Florida or ships with tracking.",5.00,USD,Books,TRUE,TRUE,TRUE,1
,"Webster's New Spanish Dictionary: Spanish/English English/Spanish, Dictionary",Default,EB-205351280982,"Webster's New Spanish Dictionary: Spanish/English English/Spanish, Dictionary. Category: Collectibles & Antiques. Sold by OnlineRecycle — tested, described accurately. Local pickup available in Central Florida or ships with tracking.",3.45,USD,Collectibles & Antiques,TRUE,TRUE,TRUE,1
,Diary of a Wimpy Kid Cabin Fever,Default,EB-205351286900,"Diary of a Wimpy Kid Cabin Fever. Category: Books. Sold by OnlineRecycle — tested, described accurately. Local pickup available in Central Florida or ships with tracking.",4.00,USD,Books,TRUE,TRUE,TRUE,1
,"RS Medical 2"" Square Double Sided Neurostimulation Electrodes Part # 180-0005-00",Default,EB-205357591358,"RS Medical 2"" Square Double Sided Neurostimulation Electrodes Part # 180-0005-00. Category: Collectibles & Antiques. Sold by OnlineRecycle — tested, described accurately. Local pickup available in Central Florida or ships with tracking.",9.99,USD,Collectibles & Antiques,TRUE,TRUE,TRUE,40
,5 Pcs Stainless Steel Round Cookie Biscuit Cutters Set for Pastries Baking,Default,EB-205357696748,"5 Pcs Stainless Steel Round Cookie Biscuit Cutters Set for Pastries Baking. Category: Collectibles & Antiques. Sold by OnlineRecycle — tested, described accurately. Local pickup available in Central Florida or ships with tracking.",9.99,USD,Collectibles & Antiques,TRUE,TRUE,TRUE,1
,Srimad Bhagavatam : Second Canto Hardcover A. C. Bhaktivedanta,Default,EB-205357909242,"Srimad Bhagavatam : Second Canto Hardcover A. C. Bhaktivedanta. Category: Books. Sold by OnlineRecycle — tested, described accurately. Local pickup available in Central Florida or ships with tracking.",7.99,USD,Books,TRUE,TRUE,TRUE,1
,"The Life You Want : Get Motivated, Lose Weight, and Be Happy - Bob Greene",Default,EB-205357929412,"The Life You Want : Get Motivated, Lose Weight, and Be Happy - Bob Greene. Category: Books. Sold by OnlineRecycle — tested, described accurately. Local pickup available in Central Florida or ships with tracking.",6.99,USD,Books,TRUE,TRUE,TRUE,1
,Do Pirates Take Baths? Book by Kathy Tucker,Default,EB-205357940420,"Do Pirates Take Baths? Book by Kathy Tucker. Category: Collectibles & Antiques. Sold by OnlineRecycle — tested, described accurately. Local pickup available in Central Florida or ships with tracking.",4.99,USD,Collectibles & Antiques,TRUE,TRUE,TRUE,1
,MADELINE'S RESCUE BOOK 1981 Vintage LUDWIG BEMELMANS Childrens Story HARDCOVER,Default,EB-205358087661,"MADELINE'S RESCUE BOOK 1981 Vintage LUDWIG BEMELMANS Childrens Story HARDCOVER. Category: Books. Sold by OnlineRecycle — tested, described accurately. Local pickup available in Central Florida or ships with tracking.",6.99,USD,Books,TRUE,TRUE,TRUE,1
,Arthur's Boo-Boo Book Hardcover Book,Default,EB-205358092304,"Arthur's Boo-Boo Book Hardcover Book. Category: Collectibles & Antiques. Sold by OnlineRecycle — tested, described accurately. Local pickup available in Central Florida or ships with tracking.",9.99,USD,Collectibles & Antiques,TRUE,TRUE,TRUE,1
,"In Easy Steps Ser.: Building a PC by Stuart Yarnold 2013, Trade Paperback",Default,EB-205358107125,"In Easy Steps Ser.: Building a PC by Stuart Yarnold 2013, Trade Paperback. Category: Books. Sold by OnlineRecycle — tested, described accurately. Local pickup available in Central Florida or ships with tracking.",9.00,USD,Books,TRUE,TRUE,TRUE,1
,Modern Photography Magazine April 1982 Kodak Disc Camera System Canon Pentax 1,Default,EB-205362170104,"Modern Photography Magazine April 1982 Kodak Disc Camera System Canon Pentax 1. Category: Collectibles & Antiques. Sold by OnlineRecycle — tested, described accurately. Local pickup available in Central Florida or ships with tracking.",9.50,USD,Collectibles & Antiques,TRUE,TRUE,TRUE,1
,"Nikon D5500 For Dummies - Paperback By King, Julie Adair",Default,EB-205364221412,"Nikon D5500 For Dummies - Paperback By King, Julie Adair. Category: Books. Sold by OnlineRecycle — tested, described accurately. Local pickup available in Central Florida or ships with tracking.",9.00,USD,Books,TRUE,TRUE,TRUE,9
,"Flood by William C. Dietz (2003, Mass Market)",Default,EB-205364383425,"Flood by William C. Dietz (2003, Mass Market). Category: Books. Sold by OnlineRecycle — tested, described accurately. Local pickup available in Central Florida or ships with tracking.",4.88,USD,Books,TRUE,TRUE,TRUE,1
,"Dinosaurs by Neil Clark, William Lindsay and Dorling Kindersley Publishing Staff",Default,EB-205364384347,"Dinosaurs by Neil Clark, William Lindsay and Dorling Kindersley Publishing Staff. Category: Books. Sold by OnlineRecycle — tested, described accurately. Local pickup available in Central Florida or ships with tracking.",3.98,USD,Books,TRUE,TRUE,TRUE,1
,"Hard Evidence by John Lescroart (2002, Mass Market)",Default,EB-205364385405,"Hard Evidence by John Lescroart (2002, Mass Market). Category: Books. Sold by OnlineRecycle — tested, described accurately. Local pickup available in Central Florida or ships with tracking.",3.50,USD,Books,TRUE,TRUE,TRUE,1
,"Resumes for the Health Care Professional by Kim Marino (2000, Trade Paperback)",Default,EB-205364386907,"Resumes for the Health Care Professional by Kim Marino (2000, Trade Paperback). Category: Books. Sold by OnlineRecycle — tested, described accurately. Local pickup available in Central Florida or ships with tracking.",3.27,USD,Books,TRUE,TRUE,TRUE,1
,"Peter Pan by James Matthew Barrie (1999, Hardcover)",Default,EB-205364394895,"Peter Pan by James Matthew Barrie (1999, Hardcover). Category: Books. Sold by OnlineRecycle — tested, described accurately. Local pickup available in Central Florida or ships with tracking.",6.02,USD,Books,TRUE,TRUE,TRUE,1
,"Series of Unfortunate Events #12: the Penultimate Peril by Lemony Snicket 2005,",Default,EB-205364399121,"Series of Unfortunate Events #12: the Penultimate Peril by Lemony Snicket 2005,. Category: Books. Sold by OnlineRecycle — tested, described accurately. Local pickup available in Central Florida or ships with tracking.",4.24,USD,Books,TRUE,TRUE,TRUE,1
,All-In-One Ser. CompTIA a+ Certification All-In-One Exam Guide 7th Edition NoCd,Default,EB-205364406968,"All-In-One Ser. CompTIA a+ Certification All-In-One Exam Guide 7th Edition NoCd. Category: Books. Sold by OnlineRecycle — tested, described accurately. Local pickup available in Central Florida or ships with tracking.",10.99,USD,Books,TRUE,TRUE,TRUE,1
,"Healing Power of Essential Oils : Soothe Inflammation, Boost Mood, Prevention",Default,EB-205364409018,"Healing Power of Essential Oils : Soothe Inflammation, Boost Mood, Prevention. Category: Books. Sold by OnlineRecycle — tested, described accurately. Local pickup available in Central Florida or ships with tracking.",5.17,USD,Books,TRUE,TRUE,TRUE,1
,"Dave Barry's Greatest Hits by Dave Barry (1989, Trade Paperback)",Default,EB-205364411890,"Dave Barry's Greatest Hits by Dave Barry (1989, Trade Paperback). Category: Books. Sold by OnlineRecycle — tested, described accurately. Local pickup available in Central Florida or ships with tracking.",3.48,USD,Books,TRUE,TRUE,TRUE,1
,"Disclosure by Michael Crichton (1994, Hardcover)1",Default,EB-205366227481,"Disclosure by Michael Crichton (1994, Hardcover)1. Category: Books. Sold by OnlineRecycle — tested, described accurately. Local pickup available in Central Florida or ships with tracking.",3.80,USD,Books,TRUE,TRUE,TRUE,1
,"Christine by Stephen King (1983, Hardcover) Book Horror",Default,EB-205366722649,"Christine by Stephen King (1983, Hardcover) Book Horror. Category: Books. Sold by OnlineRecycle — tested, described accurately. Local pickup available in Central Florida or ships with tracking.",12.00,USD,Books,TRUE,TRUE,TRUE,1
,Reebok Slide Girl Size 1 Slip On Sandal Shoe Lightweight Black Plum Pink NWT🆕S2,Default,EB-205381678230,"Reebok Slide Girl Size 1 Slip On Sandal Shoe Lightweight Black Plum Pink NWT🆕S2. Category: Collectibles & Antiques. Sold by OnlineRecycle — tested, described accurately. Local pickup available in Central Florida or ships with tracking.",11.50,USD,Collectibles & Antiques,TRUE,TRUE,TRUE,4
,NWT Girls Dual Density Slip On Reebok Pink Black Slides Size 2,Default,EB-205381720693,"NWT Girls Dual Density Slip On Reebok Pink Black Slides Size 2. Category: Collectibles & Antiques. Sold by OnlineRecycle — tested, described accurately. Local pickup available in Central Florida or ships with tracking.",9.95,USD,Collectibles & Antiques,TRUE,TRUE,TRUE,4
,Reebok Girls Dual Density Slide Flip Flop Sandals Orchid/White,Default,EB-205381746992,"Reebok Girls Dual Density Slide Flip Flop Sandals Orchid/White. Category: Collectibles & Antiques. Sold by OnlineRecycle — tested, described accurately. Local pickup available in Central Florida or ships with tracking.",10.00,USD,Collectibles & Antiques,TRUE,TRUE,TRUE,2
,New Reebok Slides Girl Size 1 Purple Slip On Sandals Shoe Lightweight Beach NWT,Default,EB-205381774138,"New Reebok Slides Girl Size 1 Purple Slip On Sandals Shoe Lightweight Beach NWT. Category: Collectibles & Antiques. Sold by OnlineRecycle — tested, described accurately. Local pickup available in Central Florida or ships with tracking.",8.00,USD,Collectibles & Antiques,TRUE,TRUE,TRUE,2
,Justice Girls Sneakers Size 4 Silver Sparkle Black Low Court Athletic Shoes Nwt,Default,EB-205381801040,"Justice Girls Sneakers Size 4 Silver Sparkle Black Low Court Athletic Shoes Nwt. Category: Collectibles & Antiques. Sold by OnlineRecycle — tested, described accurately. Local pickup available in Central Florida or ships with tracking.",15.00,USD,Collectibles & Antiques,TRUE,TRUE,TRUE,2
,Girls memory Foam Reebok Flip Flops Slides Size 1 Nwt Black Pink,Default,EB-205381840262,"Girls memory Foam Reebok Flip Flops Slides Size 1 Nwt Black Pink. Category: Collectibles & Antiques. Sold by OnlineRecycle — tested, described accurately. Local pickup available in Central Florida or ships with tracking.",14.99,USD,Collectibles & Antiques,TRUE,TRUE,TRUE,1
,"Robert B. Parker's Damned If You Do by Michael Brandman (2013, Hardcover)",Default,EB-205385641872,"Robert B. Parker's Damned If You Do by Michael Brandman (2013, Hardcover). Category: Books. Sold by OnlineRecycle — tested, described accurately. Local pickup available in Central Florida or ships with tracking.",8.95,USD,Books,TRUE,TRUE,TRUE,1
,In the Event of My Death - Carlene Thompson - hardcover - Good,Default,EB-205385648046,"In the Event of My Death - Carlene Thompson - hardcover - Good. Category: Collectibles & Antiques. Sold by OnlineRecycle — tested, described accurately. Local pickup available in Central Florida or ships with tracking.",5.53,USD,Collectibles & Antiques,TRUE,TRUE,TRUE,1
,"Spider-Man: Into the Spider-Verse (DVD, 2018) Marvel Comics DVD",Default,EB-205389694309,"Spider-Man: Into the Spider-Verse (DVD, 2018) Marvel Comics DVD. Category: Movies & Entertainment. Sold by OnlineRecycle — tested, described accurately. Local pickup available in Central Florida or ships with tracking.",14.53,USD,Movies & Entertainment,TRUE,TRUE,TRUE,1
,Bad Boys: 3-Movie Collection (DVD) Classics Action DVD Sealed,Default,EB-205389711406,"Bad Boys: 3-Movie Collection (DVD) Classics Action DVD Sealed. Category: Movies & Entertainment. Sold by OnlineRecycle — tested, described accurately. Local pickup available in Central Florida or ships with tracking.",10.99,USD,Movies & Entertainment,TRUE,TRUE,TRUE,1
,Godzilla & Godzilla King Of The Monsters DVD 2 Film Collection NEW & SEALED,Default,EB-205389714819,"Godzilla & Godzilla King Of The Monsters DVD 2 Film Collection NEW & SEALED. Category: Movies & Entertainment. Sold by OnlineRecycle — tested, described accurately. Local pickup available in Central Florida or ships with tracking.",6.98,USD,Movies & Entertainment,TRUE,TRUE,TRUE,1
,Journey to the Center Of the Earth / Journey 2: the Mysterious Island DVD Sealed,Default,EB-205389808915,"Journey to the Center Of the Earth / Journey 2: the Mysterious Island DVD Sealed. Category: Movies & Entertainment. Sold by OnlineRecycle — tested, described accurately. Local pickup available in Central Florida or ships with tracking.",7.27,USD,Movies & Entertainment,TRUE,TRUE,TRUE,1
,The Lego Movie & The Second Part (DVD) 2 Film Collection NEW/SEALED!!,Default,EB-205389811944,"The Lego Movie & The Second Part (DVD) 2 Film Collection NEW/SEALED!!. Category: Movies & Entertainment. Sold by OnlineRecycle — tested, described accurately. Local pickup available in Central Florida or ships with tracking.",1.99,USD,Movies & Entertainment,TRUE,TRUE,TRUE,1
,50 First Dates European Gigolo Click That's My Boy Zohan House Bunny DVD Sealed,Default,EB-205389813444,"50 First Dates European Gigolo Click That's My Boy Zohan House Bunny DVD Sealed. Category: Movies & Entertainment. Sold by OnlineRecycle — tested, described accurately. Local pickup available in Central Florida or ships with tracking.",4.99,USD,Movies & Entertainment,TRUE,TRUE,TRUE,1
,Grownups 2 Here Comes the Boom Joe Dirt2 Mall Cop 2 Pixels DVD Sealed Classic,Default,EB-205389819052,"Grownups 2 Here Comes the Boom Joe Dirt2 Mall Cop 2 Pixels DVD Sealed Classic. Category: Movies & Entertainment. Sold by OnlineRecycle — tested, described accurately. Local pickup available in Central Florida or ships with tracking.",4.31,USD,Movies & Entertainment,TRUE,TRUE,TRUE,1
,How To Train Your Dragon 1 & 2 (DVD) DreamWorks BRAND NEW FACTORY SEALED,Default,EB-205389840697,"How To Train Your Dragon 1 & 2 (DVD) DreamWorks BRAND NEW FACTORY SEALED. Category: Movies & Entertainment. Sold by OnlineRecycle — tested, described accurately. Local pickup available in Central Florida or ships with tracking.",7.00,USD,Movies & Entertainment,TRUE,TRUE,TRUE,1
,"Dexter: the Fourth Season (DVD, 2009) Classic Sealed Unopened",Default,EB-205391094530,"Dexter: the Fourth Season (DVD, 2009) Classic Sealed Unopened. Category: Movies & Entertainment. Sold by OnlineRecycle — tested, described accurately. Local pickup available in Central Florida or ships with tracking.",6.42,USD,Movies & Entertainment,TRUE,TRUE,TRUE,1
,"Gangs of New York (DVD, 2003, 2-Disc Set)",Default,EB-205391102620,"Gangs of New York (DVD, 2003, 2-Disc Set). Category: Movies & Entertainment. Sold by OnlineRecycle — tested, described accurately. Local pickup available in Central Florida or ships with tracking.",4.56,USD,Movies & Entertainment,TRUE,TRUE,TRUE,1
,"The Matrix Revolutions (DVD, 2004, 2-Disc Set)",Default,EB-205391104141,"The Matrix Revolutions (DVD, 2004, 2-Disc Set). Category: Movies & Entertainment. Sold by OnlineRecycle — tested, described accurately. Local pickup available in Central Florida or ships with tracking.",3.33,USD,Movies & Entertainment,TRUE,TRUE,TRUE,1
,"Scarface (DVD, 2003, Full Frame Anniversary Edition)",Default,EB-205391105773,"Scarface (DVD, 2003, Full Frame Anniversary Edition). Category: Movies & Entertainment. Sold by OnlineRecycle — tested, described accurately. Local pickup available in Central Florida or ships with tracking.",6.00,USD,Movies & Entertainment,TRUE,TRUE,TRUE,1
,"Saw (DVD, 2004) DVD Classic Movie",Default,EB-205391106646,"Saw (DVD, 2004) DVD Classic Movie. Category: Movies & Entertainment. Sold by OnlineRecycle — tested, described accurately. Local pickup available in Central Florida or ships with tracking.",6.46,USD,Movies & Entertainment,TRUE,TRUE,TRUE,1
,"Blade II (DVD, 2002) Classic Movie Wesley Snopes Marvel Comic",Default,EB-205391108199,"Blade II (DVD, 2002) Classic Movie Wesley Snopes Marvel Comic. Category: Movies & Entertainment. Sold by OnlineRecycle — tested, described accurately. Local pickup available in Central Florida or ships with tracking.",2.84,USD,Movies & Entertainment,TRUE,TRUE,TRUE,1
,"Spider-Man 3 (DVD, 2007) Marvel Comic Classic",Default,EB-205391109484,"Spider-Man 3 (DVD, 2007) Marvel Comic Classic. Category: Movies & Entertainment. Sold by OnlineRecycle — tested, described accurately. Local pickup available in Central Florida or ships with tracking.",2.94,USD,Movies & Entertainment,TRUE,TRUE,TRUE,1
,"Harry Potter and the Goblet of Fire (DVD, 2006, 2-Disc Set, Special Edition)",Default,EB-205391110351,"Harry Potter and the Goblet of Fire (DVD, 2006, 2-Disc Set, Special Edition). Category: Movies & Entertainment. Sold by OnlineRecycle — tested, described accurately. Local pickup available in Central Florida or ships with tracking.",2.34,USD,Movies & Entertainment,TRUE,TRUE,TRUE,1
,"The Matrix Reloaded (DVD, 2003) Classic Movie",Default,EB-205391112848,"The Matrix Reloaded (DVD, 2003) Classic Movie. Category: Movies & Entertainment. Sold by OnlineRecycle — tested, described accurately. Local pickup available in Central Florida or ships with tracking.",2.91,USD,Movies & Entertainment,TRUE,TRUE,TRUE,1
,"The Matrix (DVD, 1999) Classic Movie Action",Default,EB-205391115749,"The Matrix (DVD, 1999) Classic Movie Action. Category: Movies & Entertainment. Sold by OnlineRecycle — tested, described accurately. Local pickup available in Central Florida or ships with tracking.",2.12,USD,Movies & Entertainment,TRUE,TRUE,TRUE,1
,"Blade: Trinity (DVD, 2004) Classic Marvel Comic Movie Action",Default,EB-205391117869,"Blade: Trinity (DVD, 2004) Classic Marvel Comic Movie Action. Category: Movies & Entertainment. Sold by OnlineRecycle — tested, described accurately. Local pickup available in Central Florida or ships with tracking.",5.99,USD,Movies & Entertainment,TRUE,TRUE,TRUE,1
,"Dexter: the Fifth Season (DVD, 2010)",Default,EB-205391122163,"Dexter: the Fifth Season (DVD, 2010). Category: Movies & Entertainment. Sold by OnlineRecycle — tested, described accurately. Local pickup available in Central Florida or ships with tracking.",4.40,USD,Movies & Entertainment,TRUE,TRUE,TRUE,1
,"Dexter: the Second Season (DVD, 2007)",Default,EB-205391124315,"Dexter: the Second Season (DVD, 2007). Category: Movies & Entertainment. Sold by OnlineRecycle — tested, described accurately. Local pickup available in Central Florida or ships with tracking.",4.40,USD,Movies & Entertainment,TRUE,TRUE,TRUE,1
,"Winning the Clutter War by Sandra Felton (2010, Uk- a Format Paperback)",Default,EB-205391132074,"Winning the Clutter War by Sandra Felton (2010, Uk- a Format Paperback). Category: Books. Sold by OnlineRecycle — tested, described accurately. Local pickup available in Central Florida or ships with tracking.",3.00,USD,Books,TRUE,TRUE,TRUE,1
,Harry Potter Boxed Set: From the Library of Hogwarts : Fantastic Beasts and...,Default,EB-205391141451,"Harry Potter Boxed Set: From the Library of Hogwarts : Fantastic Beasts and.... Category: Books. Sold by OnlineRecycle — tested, described accurately. Local pickup available in Central Florida or ships with tracking.",5.21,USD,Books,TRUE,TRUE,TRUE,1
,Contagious Optimism: Uplifting - Hardcover - VERY GOOD,Default,EB-205391163313,"Contagious Optimism: Uplifting - Hardcover - VERY GOOD. Category: Collectibles & Antiques. Sold by OnlineRecycle — tested, described accurately. Local pickup available in Central Florida or ships with tracking.",4.67,USD,Collectibles & Antiques,TRUE,TRUE,TRUE,1
,"Battle Ready by Tony Zinni, Tom Clancy and Tony Koltz (2004, Hardcover)",Default,EB-205391170544,"Battle Ready by Tony Zinni, Tom Clancy and Tony Koltz (2004, Hardcover). Category: Books. Sold by OnlineRecycle — tested, described accurately. Local pickup available in Central Florida or ships with tracking.",25.00,USD,Books,TRUE,TRUE,TRUE,1
,"Demons Don't Dream by Piers Anthony (1993, Hardcover)",Default,EB-205391173060,"Demons Don't Dream by Piers Anthony (1993, Hardcover). Category: Books. Sold by OnlineRecycle — tested, described accurately. Local pickup available in Central Florida or ships with tracking.",5.59,USD,Books,TRUE,TRUE,TRUE,1
,Seize the Moment America's Challenge in a One Superpower World by Richard Nixon,Default,EB-205391183457,"Seize the Moment America's Challenge in a One Superpower World by Richard Nixon. Category: Books. Sold by OnlineRecycle — tested, described accurately. Local pickup available in Central Florida or ships with tracking.",5.05,USD,Books,TRUE,TRUE,TRUE,1
,"The Broker : A Novel by John Grisham (2005, Hardcover) Book",Default,EB-205391456050,"The Broker : A Novel by John Grisham (2005, Hardcover) Book. Category: Books. Sold by OnlineRecycle — tested, described accurately. Local pickup available in Central Florida or ships with tracking.",3.08,USD,Books,TRUE,TRUE,TRUE,1
,"Vampire Armand by Anne Rice (1999, Trade Paperback)Book",Default,EB-205391460632,"Vampire Armand by Anne Rice (1999, Trade Paperback)Book. Category: Books. Sold by OnlineRecycle — tested, described accurately. Local pickup available in Central Florida or ships with tracking.",4.42,USD,Books,TRUE,TRUE,TRUE,1
,"Arthritis Cure : The Medical Miracle That Can Halt, Reverse, and May Even...",Default,EB-205391461085,"Arthritis Cure : The Medical Miracle That Can Halt, Reverse, and May Even.... Category: Books. Sold by OnlineRecycle — tested, described accurately. Local pickup available in Central Florida or ships with tracking.",4.24,USD,Books,TRUE,TRUE,TRUE,1
,Wiring Simplified : Based Off 2002 National Electrical Code 40th Edition Book,Default,EB-205391461438,"Wiring Simplified : Based Off 2002 National Electrical Code 40th Edition Book. Category: Books. Sold by OnlineRecycle — tested, described accurately. Local pickup available in Central Florida or ships with tracking.",2.08,USD,Books,TRUE,TRUE,TRUE,1
,"It's Not Easy Being Mean by Lisi Harrison (2007, Perfect)",Default,EB-205391461984,"It's Not Easy Being Mean by Lisi Harrison (2007, Perfect). Category: Books. Sold by OnlineRecycle — tested, described accurately. Local pickup available in Central Florida or ships with tracking.",3.12,USD,Books,TRUE,TRUE,TRUE,1
,"Tuesdays with Morrie : An Old Man, a Young Man, and Life's Greatest Lesson Book",Default,EB-205391512945,"Tuesdays with Morrie : An Old Man, a Young Man, and Life's Greatest Lesson Book. Category: Books. Sold by OnlineRecycle — tested, described accurately. Local pickup available in Central Florida or ships with tracking.",3.84,USD,Books,TRUE,TRUE,TRUE,1
,The Outsiders by S.E. Hinton - Paperback Book,Default,EB-205391515192,"The Outsiders by S.E. Hinton - Paperback Book. Category: Collectibles & Antiques. Sold by OnlineRecycle — tested, described accurately. Local pickup available in Central Florida or ships with tracking.",4.29,USD,Collectibles & Antiques,TRUE,TRUE,TRUE,1
,"The Gene Stories (the Micro Ranger T-Cells, Volume 1) Comic book",Default,EB-205391528031,"The Gene Stories (the Micro Ranger T-Cells, Volume 1) Comic book. Category: Collectibles & Antiques. Sold by OnlineRecycle — tested, described accurately. Local pickup available in Central Florida or ships with tracking.",14.99,USD,Collectibles & Antiques,TRUE,TRUE,TRUE,1
,"ESV Economy Bible by Not Available (2010, Trade Paperback)",Default,EB-205391557242,"ESV Economy Bible by Not Available (2010, Trade Paperback). Category: Books. Sold by OnlineRecycle — tested, described accurately. Local pickup available in Central Florida or ships with tracking.",4.18,USD,Books,TRUE,TRUE,TRUE,1
,New Roget's Thesaurus 1990 Edition (Ex Library Book),Default,EB-205391558064,"New Roget's Thesaurus 1990 Edition (Ex Library Book). Category: Collectibles & Antiques. Sold by OnlineRecycle — tested, described accurately. Local pickup available in Central Florida or ships with tracking.",5.00,USD,Collectibles & Antiques,TRUE,TRUE,TRUE,1
,Kodak Basic Guide - Developing/Printing/Enlarging - 1972 Booklet Vintage Rare,Default,EB-205391571944,"Kodak Basic Guide - Developing/Printing/Enlarging - 1972 Booklet Vintage Rare. Category: Collectibles & Antiques. Sold by OnlineRecycle — tested, described accurately. Local pickup available in Central Florida or ships with tracking.",9.99,USD,Collectibles & Antiques,TRUE,TRUE,TRUE,1
,Steps to Christ : Newsprint-Special White by Ellen Gould Harmon White Book,Default,EB-205391572770,"Steps to Christ : Newsprint-Special White by Ellen Gould Harmon White Book. Category: Books. Sold by OnlineRecycle — tested, described accurately. Local pickup available in Central Florida or ships with tracking.",4.41,USD,Books,TRUE,TRUE,TRUE,1
,"We Are Not Alone, James Hilton, HC, 1937 1st Edition, Vintage Rare",Default,EB-205391577834,"We Are Not Alone, James Hilton, HC, 1937 1st Edition, Vintage Rare. Category: Collectibles & Antiques. Sold by OnlineRecycle — tested, described accurately. Local pickup available in Central Florida or ships with tracking.",19.99,USD,Collectibles & Antiques,TRUE,TRUE,TRUE,1
,"Guide to Growing Kratom Plants by Thomas Longe (2016, Trade Paperback)",Default,EB-205391578832,"Guide to Growing Kratom Plants by Thomas Longe (2016, Trade Paperback). Category: Books. Sold by OnlineRecycle — tested, described accurately. Local pickup available in Central Florida or ships with tracking.",7.71,USD,Books,TRUE,TRUE,TRUE,1
,"Little Black, a Pony by Walter Farley (Hardcover)",Default,EB-205391582568,"Little Black, a Pony by Walter Farley (Hardcover). Category: Books. Sold by OnlineRecycle — tested, described accurately. Local pickup available in Central Florida or ships with tracking.",3.38,USD,Books,TRUE,TRUE,TRUE,1
,AMPHOTO Film Processing Data Book Black White John Carroll 1972 First Edition,Default,EB-205392537892,"AMPHOTO Film Processing Data Book Black White John Carroll 1972 First Edition. Category: Collectibles & Antiques. Sold by OnlineRecycle — tested, described accurately. Local pickup available in Central Florida or ships with tracking.",9.00,USD,Collectibles & Antiques,TRUE,TRUE,TRUE,1
,"Goodnight Nobody : A Novel by Jennifer Weiner (2006, Trade Paperback)",Default,EB-205392546175,"Goodnight Nobody : A Novel by Jennifer Weiner (2006, Trade Paperback). Category: Books. Sold by OnlineRecycle — tested, described accurately. Local pickup available in Central Florida or ships with tracking.",3.15,USD,Books,TRUE,TRUE,TRUE,1
,"150 Best Donut Recipes : Fried or Baked by George Geary (2012, Trade Paperback)",Default,EB-205392560307,"150 Best Donut Recipes : Fried or Baked by George Geary (2012, Trade Paperback). Category: Books. Sold by OnlineRecycle — tested, described accurately. Local pickup available in Central Florida or ships with tracking.",11.13,USD,Books,TRUE,TRUE,TRUE,1
,"One Flew over the Cuckoo's Nest by Ken Kesey (2002, Trade Paperback)",Default,EB-205392569194,"One Flew over the Cuckoo's Nest by Ken Kesey (2002, Trade Paperback). Category: Books. Sold by OnlineRecycle — tested, described accurately. Local pickup available in Central Florida or ships with tracking.",3.95,USD,Books,TRUE,TRUE,TRUE,1
,El Deseado De Todas Las Gentes Elena G. De White Not English Text,Default,EB-205392573930,"El Deseado De Todas Las Gentes Elena G. De White Not English Text. Category: Collectibles & Antiques. Sold by OnlineRecycle — tested, described accurately. Local pickup available in Central Florida or ships with tracking.",4.08,USD,Collectibles & Antiques,TRUE,TRUE,TRUE,1
,"The Pelican Brief by John Grisham (2006, Trade Paperback)",Default,EB-205393168280,"The Pelican Brief by John Grisham (2006, Trade Paperback). Category: Books. Sold by OnlineRecycle — tested, described accurately. Local pickup available in Central Florida or ships with tracking.",4.10,USD,Books,TRUE,TRUE,TRUE,1
,What Not to Do at Work! by Linda J. Beam (Trade Paperback),Default,EB-205393169838,"What Not to Do at Work! by Linda J. Beam (Trade Paperback). Category: Books. Sold by OnlineRecycle — tested, described accurately. Local pickup available in Central Florida or ships with tracking.",4.52,USD,Books,TRUE,TRUE,TRUE,1
,Seven Seasons of the Man in the Mirror By Patrick Morley Vintage Paperback 1997,Default,EB-205393175133,"Seven Seasons of the Man in the Mirror By Patrick Morley Vintage Paperback 1997. Category: Collectibles & Antiques. Sold by OnlineRecycle — tested, described accurately. Local pickup available in Central Florida or ships with tracking.",5.00,USD,Collectibles & Antiques,TRUE,TRUE,TRUE,1
,"Prayer for Owen Meany by John Irving (1990, Mass Market)",Default,EB-205393175944,"Prayer for Owen Meany by John Irving (1990, Mass Market). Category: Books. Sold by OnlineRecycle — tested, described accurately. Local pickup available in Central Florida or ships with tracking.",3.89,USD,Books,TRUE,TRUE,TRUE,1
,Book of Execution : An Encyclopedia of Methods of Judicial Execution by Geoffrey,Default,EB-205393200685,"Book of Execution : An Encyclopedia of Methods of Judicial Execution by Geoffrey. Category: Books. Sold by OnlineRecycle — tested, described accurately. Local pickup available in Central Florida or ships with tracking.",9.55,USD,Books,TRUE,TRUE,TRUE,1
,The American Heritage Dictionary by Houghton Mifflin Company Staff 2001,Default,EB-205393205317,"The American Heritage Dictionary by Houghton Mifflin Company Staff 2001. Category: General Merchandise. Sold by OnlineRecycle — tested, described accurately. Local pickup available in Central Florida or ships with tracking.",3.64,USD,General Merchandise,TRUE,TRUE,TRUE,1
,"Bleachers by John Grisham (2004, Mass Market)",Default,EB-205393206508,"Bleachers by John Grisham (2004, Mass Market). Category: Books. Sold by OnlineRecycle — tested, described accurately. Local pickup available in Central Florida or ships with tracking.",3.20,USD,Books,TRUE,TRUE,TRUE,1
,7 Tools to Beat Addiction : A New Path to Recovery from Addictions of Any Kind:,Default,EB-205393208188,"7 Tools to Beat Addiction : A New Path to Recovery from Addictions of Any Kind:. Category: Books. Sold by OnlineRecycle — tested, described accurately. Local pickup available in Central Florida or ships with tracking.",5.50,USD,Books,TRUE,TRUE,TRUE,1
,"Kindle Fire for Dummies by Nancy C. Muir (2012, Trade Paperback)",Default,EB-205393239512,"Kindle Fire for Dummies by Nancy C. Muir (2012, Trade Paperback). Category: Books. Sold by OnlineRecycle — tested, described accurately. Local pickup available in Central Florida or ships with tracking.",7.66,USD,Books,TRUE,TRUE,TRUE,1
,"Photoshop CS5: the Missing Manual by Lesa Snider (2010, Trade Paperback)",Default,EB-205393247750,"Photoshop CS5: the Missing Manual by Lesa Snider (2010, Trade Paperback). Category: Books. Sold by OnlineRecycle — tested, described accurately. Local pickup available in Central Florida or ships with tracking.",5.20,USD,Books,TRUE,TRUE,TRUE,1
,"Amazon Fire TV for Dummies by Paul McFedries (2020, Trade Paperback)",Default,EB-205393254002,"Amazon Fire TV for Dummies by Paul McFedries (2020, Trade Paperback). Category: Books. Sold by OnlineRecycle — tested, described accurately. Local pickup available in Central Florida or ships with tracking.",7.24,USD,Books,TRUE,TRUE,TRUE,1
,Fast and Easy Ser.: Adobe Photoshop 7 Fast and Easy by Lisa A. Bucki 2002,Default,EB-205393258395,"Fast and Easy Ser.: Adobe Photoshop 7 Fast and Easy by Lisa A. Bucki 2002. Category: Books. Sold by OnlineRecycle — tested, described accurately. Local pickup available in Central Florida or ships with tracking.",5.62,USD,Books,TRUE,TRUE,TRUE,1
,Adam CASH GUERILLA CAPITALISM How to Practice Free Enterprise in an Unfree H/BL,Default,EB-205396949682,"Adam CASH GUERILLA CAPITALISM How to Practice Free Enterprise in an Unfree H/BL. Category: Collectibles & Antiques. Sold by OnlineRecycle — tested, described accurately. Local pickup available in Central Florida or ships with tracking.",4.00,USD,Collectibles & Antiques,TRUE,TRUE,TRUE,1
,"Hatfields & McCoys (DVD, 2012) Kevin Costner Bill Paxton Movie Action Sealed",Default,EB-205398976294,"Hatfields & McCoys (DVD, 2012) Kevin Costner Bill Paxton Movie Action Sealed. Category: Movies & Entertainment. Sold by OnlineRecycle — tested, described accurately. Local pickup available in Central Florida or ships with tracking.",8.09,USD,Movies & Entertainment,TRUE,TRUE,TRUE,1
,47 Ronin DVD With Keanu Reeves Movie Brand New & Sealed,Default,EB-205398978552,"47 Ronin DVD With Keanu Reeves Movie Brand New & Sealed. Category: Movies & Entertainment. Sold by OnlineRecycle — tested, described accurately. Local pickup available in Central Florida or ships with tracking.",6.99,USD,Movies & Entertainment,TRUE,TRUE,TRUE,1
,JOKER DVD 2019 BRAND NEW SEALED Joaquin Phoenix Robert De Niro Zazie Beetz,Default,EB-205398980421,"JOKER DVD 2019 BRAND NEW SEALED Joaquin Phoenix Robert De Niro Zazie Beetz. Category: Movies & Entertainment. Sold by OnlineRecycle — tested, described accurately. Local pickup available in Central Florida or ships with tracking.",9.99,USD,Movies & Entertainment,TRUE,TRUE,TRUE,1
,"The Family Man (DVD, 2001) Nicolas Cage Tea Leoni Sealed",Default,EB-205398981637,"The Family Man (DVD, 2001) Nicolas Cage Tea Leoni Sealed. Category: Movies & Entertainment. Sold by OnlineRecycle — tested, described accurately. Local pickup available in Central Florida or ships with tracking.",6.22,USD,Movies & Entertainment,TRUE,TRUE,TRUE,1
,The Munsters: Family Portrait (DVD) In Color Sealed Classic Movie,Default,EB-205398984089,"The Munsters: Family Portrait (DVD) In Color Sealed Classic Movie. Category: Movies & Entertainment. Sold by OnlineRecycle — tested, described accurately. Local pickup available in Central Florida or ships with tracking.",15.60,USD,Movies & Entertainment,TRUE,TRUE,TRUE,1
,"Shrek (DVD, 2001) Brand New Sealed!! Classic Movie",Default,EB-205398988214,"Shrek (DVD, 2001) Brand New Sealed!! Classic Movie. Category: Movies & Entertainment. Sold by OnlineRecycle — tested, described accurately. Local pickup available in Central Florida or ships with tracking.",11.88,USD,Movies & Entertainment,TRUE,TRUE,TRUE,1
,"Chapman Piloting, Seamanship and Small Boat Handling: New 58th Edition 1",Default,EB-205399113651,"Chapman Piloting, Seamanship and Small Boat Handling: New 58th Edition 1. Category: Books. Sold by OnlineRecycle — tested, described accurately. Local pickup available in Central Florida or ships with tracking.",6.64,USD,Books,TRUE,TRUE,TRUE,1
,"Clarinet by Bruce Pearson (1996, Soft Cover) Music Vintage Classic 1",Default,EB-205399115624,"Clarinet by Bruce Pearson (1996, Soft Cover) Music Vintage Classic 1. Category: Books. Sold by OnlineRecycle — tested, described accurately. Local pickup available in Central Florida or ships with tracking.",14.63,USD,Books,TRUE,TRUE,TRUE,1
,The Pen Pals Friends Forever By Susan Marino 1989 Hardcover1,Default,EB-205399118681,"The Pen Pals Friends Forever By Susan Marino 1989 Hardcover1. Category: Collectibles & Antiques. Sold by OnlineRecycle — tested, described accurately. Local pickup available in Central Florida or ships with tracking.",3.64,USD,Collectibles & Antiques,TRUE,TRUE,TRUE,1
,Nikon Handbook Series. Close-up Photography... Cooper and Abbott. 1979 Vintage1,Default,EB-205399126687,"Nikon Handbook Series. Close-up Photography... Cooper and Abbott. 1979 Vintage1. Category: Collectibles & Antiques. Sold by OnlineRecycle — tested, described accurately. Local pickup available in Central Florida or ships with tracking.",11.95,USD,Collectibles & Antiques,TRUE,TRUE,TRUE,1
,Pretty Committee Strikes Back by Lisi Harrison (2006) 1,Default,EB-205399132469,"Pretty Committee Strikes Back by Lisi Harrison (2006) 1. Category: Books. Sold by OnlineRecycle — tested, described accurately. Local pickup available in Central Florida or ships with tracking.",2.63,USD,Books,TRUE,TRUE,TRUE,1
,Living His Love (2017 Women's Devotional) French Sealed New,Default,EB-205402821878,"Living His Love (2017 Women's Devotional) French Sealed New. Category: Collectibles & Antiques. Sold by OnlineRecycle — tested, described accurately. Local pickup available in Central Florida or ships with tracking.",10.49,USD,Collectibles & Antiques,TRUE,TRUE,TRUE,1
,1988 book Why Do Birds Sing Children's Book Vintage Classic,Default,EB-205402828761,"1988 book Why Do Birds Sing Children's Book Vintage Classic. Category: Collectibles & Antiques. Sold by OnlineRecycle — tested, described accurately. Local pickup available in Central Florida or ships with tracking.",8.72,USD,Collectibles & Antiques,TRUE,TRUE,TRUE,1
,"Woman's Journey to the Heart of God by Cynthia Heald (1997, Hardcover) Book",Default,EB-205402829666,"Woman's Journey to the Heart of God by Cynthia Heald (1997, Hardcover) Book. Category: Books. Sold by OnlineRecycle — tested, described accurately. Local pickup available in Central Florida or ships with tracking.",6.43,USD,Books,TRUE,TRUE,TRUE,1
,Berenstain Bears Go to the Doctor by Jan Berenstain and Stan Berenstain...,Default,EB-205402832990,"Berenstain Bears Go to the Doctor by Jan Berenstain and Stan Berenstain.... Category: Books. Sold by OnlineRecycle — tested, described accurately. Local pickup available in Central Florida or ships with tracking.",5.34,USD,Books,TRUE,TRUE,TRUE,1
,Unofficial Harry Potter Cookbook : Dinah Bucholz New York Times Best Seller,Default,EB-205402840522,"Unofficial Harry Potter Cookbook : Dinah Bucholz New York Times Best Seller. Category: Books. Sold by OnlineRecycle — tested, described accurately. Local pickup available in Central Florida or ships with tracking.",4.39,USD,Books,TRUE,TRUE,TRUE,1
,Vintage Photoshop 7 for Dummies by Deke McClelland and Barbara Obermeier 2002,Default,EB-205402848442,"Vintage Photoshop 7 for Dummies by Deke McClelland and Barbara Obermeier 2002. Category: Books. Sold by OnlineRecycle — tested, described accurately. Local pickup available in Central Florida or ships with tracking.",5.55,USD,Books,TRUE,TRUE,TRUE,1
,"RED (DVD, 2010) DVD Bruce Willis Morgan Freeman Classic Action Movie",Default,EB-205402852187,"RED (DVD, 2010) DVD Bruce Willis Morgan Freeman Classic Action Movie. Category: Movies & Entertainment. Sold by OnlineRecycle — tested, described accurately. Local pickup available in Central Florida or ships with tracking.",3.00,USD,Movies & Entertainment,TRUE,TRUE,TRUE,1
,"Vtg HC, The Bridges of Madison County by Robert James Waller, 1992 1st print",Default,EB-205402856994,"Vtg HC, The Bridges of Madison County by Robert James Waller, 1992 1st print. Category: Collectibles & Antiques. Sold by OnlineRecycle — tested, described accurately. Local pickup available in Central Florida or ships with tracking.",4.00,USD,Collectibles & Antiques,TRUE,TRUE,TRUE,1
,Kindle Fire HDX and HD User's Guide Book: Unleash the Power of Your Tablet!,Default,EB-205402933203,"Kindle Fire HDX and HD User's Guide Book: Unleash the Power of Your Tablet!. Category: Books. Sold by OnlineRecycle — tested, described accurately. Local pickup available in Central Florida or ships with tracking.",7.99,USD,Books,TRUE,TRUE,TRUE,1
,"The Ear, the Eye, and the Arm ISBN 0-590-60513-5 By Daniel Farmer 1994 Vintage",Default,EB-205402943521,"The Ear, the Eye, and the Arm ISBN 0-590-60513-5 By Daniel Farmer 1994 Vintage. Category: Collectibles & Antiques. Sold by OnlineRecycle — tested, described accurately. Local pickup available in Central Florida or ships with tracking.",3.99,USD,Collectibles & Antiques,TRUE,TRUE,TRUE,1
,1997 THE BERENSTAIN BEAR SCOUTS AND THE SINISTER SMOKE RING CHILDREN'S BOOK Vtg,Default,EB-205402954843,"1997 THE BERENSTAIN BEAR SCOUTS AND THE SINISTER SMOKE RING CHILDREN'S BOOK Vtg. Category: Books. Sold by OnlineRecycle — tested, described accurately. Local pickup available in Central Florida or ships with tracking.",4.67,USD,Books,TRUE,TRUE,TRUE,1
,10 2010 HYUNDAI ELANTRA TOURING OWNERS MANUAL / HANDBOOK / GUIDE PACKAGE,Default,EB-205403002687,"10 2010 HYUNDAI ELANTRA TOURING OWNERS MANUAL / HANDBOOK / GUIDE PACKAGE. Category: General Merchandise. Sold by OnlineRecycle — tested, described accurately. Local pickup available in Central Florida or ships with tracking.",9.99,USD,General Merchandise,TRUE,TRUE,TRUE,1
,"Transformers (DVD, 2007)",Default,EB-205403004430,"Transformers (DVD, 2007). Category: Movies & Entertainment. Sold by OnlineRecycle — tested, described accurately. Local pickup available in Central Florida or ships with tracking.",3.99,USD,Movies & Entertainment,TRUE,TRUE,TRUE,1
,The Someday Syndrome By Rod Parsley Vintage,Default,EB-205403010328,"The Someday Syndrome By Rod Parsley Vintage. Category: Books. Sold by OnlineRecycle — tested, described accurately. Local pickup available in Central Florida or ships with tracking.",9.99,USD,Books,TRUE,TRUE,TRUE,1
,"Spider-Man: Five-Movie Collection (DVD, 2014) 5 DVD Action Movie Marvel Comic",Default,EB-205403021991,"Spider-Man: Five-Movie Collection (DVD, 2014) 5 DVD Action Movie Marvel Comic. Category: Movies & Entertainment. Sold by OnlineRecycle — tested, described accurately. Local pickup available in Central Florida or ships with tracking.",17.00,USD,Movies & Entertainment,TRUE,TRUE,TRUE,1
,"Boyz N The Hood/Baby Boy/Poetic Justice - Box Set (DVD, 2005, 3-Disc Set)",Default,EB-205403024441,"Boyz N The Hood/Baby Boy/Poetic Justice - Box Set (DVD, 2005, 3-Disc Set). Category: Movies & Entertainment. Sold by OnlineRecycle — tested, described accurately. Local pickup available in Central Florida or ships with tracking.",5.12,USD,Movies & Entertainment,TRUE,TRUE,TRUE,1
,3 Film Collection: the Intern / Tammy / Blended (DVD) Movie Comedy,Default,EB-205403027002,"3 Film Collection: the Intern / Tammy / Blended (DVD) Movie Comedy. Category: Movies & Entertainment. Sold by OnlineRecycle — tested, described accurately. Local pickup available in Central Florida or ships with tracking.",1.99,USD,Movies & Entertainment,TRUE,TRUE,TRUE,1
,You Can Be the Wife of a Happy Husband Cooper 30th Printing 1984 Paperback,Default,EB-205403028711,"You Can Be the Wife of a Happy Husband Cooper 30th Printing 1984 Paperback. Category: Books. Sold by OnlineRecycle — tested, described accurately. Local pickup available in Central Florida or ships with tracking.",4.17,USD,Books,TRUE,TRUE,TRUE,1
,"Angel Child, Dragon Child by Michele Maria Surat (1989, Trade Paperback)",Default,EB-205403030295,"Angel Child, Dragon Child by Michele Maria Surat (1989, Trade Paperback). Category: Books. Sold by OnlineRecycle — tested, described accurately. Local pickup available in Central Florida or ships with tracking.",3.75,USD,Books,TRUE,TRUE,TRUE,1
,F9 The Fast Saga Fast And The Furious Vin Diesel DVD New Sealed Action Movie,Default,EB-205403032613,"F9 The Fast Saga Fast And The Furious Vin Diesel DVD New Sealed Action Movie. Category: Movies & Entertainment. Sold by OnlineRecycle — tested, described accurately. Local pickup available in Central Florida or ships with tracking.",9.00,USD,Movies & Entertainment,TRUE,TRUE,TRUE,1
,"Mission: Impossible - Collectors Set (DVD, 2006, 2-Disc Set) Action Movie Cruise",Default,EB-205403037490,"Mission: Impossible - Collectors Set (DVD, 2006, 2-Disc Set) Action Movie Cruise. Category: Movies & Entertainment. Sold by OnlineRecycle — tested, described accurately. Local pickup available in Central Florida or ships with tracking.",9.00,USD,Movies & Entertainment,TRUE,TRUE,TRUE,1
,"Pitch Black (DVD, 2004, Full Frame Edition) Action Movie",Default,EB-205403041180,"Pitch Black (DVD, 2004, Full Frame Edition) Action Movie. Category: Movies & Entertainment. Sold by OnlineRecycle — tested, described accurately. Local pickup available in Central Florida or ships with tracking.",2.73,USD,Movies & Entertainment,TRUE,TRUE,TRUE,1
,"Goodfellas / Ws (DVD, 1990) Classic Movie",Default,EB-205403046582,"Goodfellas / Ws (DVD, 1990) Classic Movie. Category: Movies & Entertainment. Sold by OnlineRecycle — tested, described accurately. Local pickup available in Central Florida or ships with tracking.",4.17,USD,Movies & Entertainment,TRUE,TRUE,TRUE,1
,"Final Destination (DVD, 2000) Movie",Default,EB-205403053986,"Final Destination (DVD, 2000) Movie. Category: Movies & Entertainment. Sold by OnlineRecycle — tested, described accurately. Local pickup available in Central Florida or ships with tracking.",6.00,USD,Movies & Entertainment,TRUE,TRUE,TRUE,1
,"Final Destination 2 (DVD, 2003, Infinifilm Widescreen Full Frame) Movie",Default,EB-205403056906,"Final Destination 2 (DVD, 2003, Infinifilm Widescreen Full Frame) Movie. Category: Movies & Entertainment. Sold by OnlineRecycle — tested, described accurately. Local pickup available in Central Florida or ships with tracking.",2.70,USD,Movies & Entertainment,TRUE,TRUE,TRUE,1
,"The Sopranos - The Complete First Season (DVD, 2000, 4-Disc Set, DVD Collection)",Default,EB-205403063896,"The Sopranos - The Complete First Season (DVD, 2000, 4-Disc Set, DVD Collection). Category: Movies & Entertainment. Sold by OnlineRecycle — tested, described accurately. Local pickup available in Central Florida or ships with tracking.",4.00,USD,Movies & Entertainment,TRUE,TRUE,TRUE,1
,"softcover book titled ""Money Power"" published by Keystone Publishing",Default,EB-205403209327,"softcover book titled ""Money Power"" published by Keystone Publishing. Category: Collectibles & Antiques. Sold by OnlineRecycle — tested, described accurately. Local pickup available in Central Florida or ships with tracking.",5.18,USD,Collectibles & Antiques,TRUE,TRUE,TRUE,1
,No Place to Hide by David Bradley 1948 First Edition Vintage Rare,Default,EB-205403215420,"No Place to Hide by David Bradley 1948 First Edition Vintage Rare. Category: Collectibles & Antiques. Sold by OnlineRecycle — tested, described accurately. Local pickup available in Central Florida or ships with tracking.",5.99,USD,Collectibles & Antiques,TRUE,TRUE,TRUE,1
,Balloons by William K. Durr Vintage Rare Classic Children's Books 1983,Default,EB-205403230988,"Balloons by William K. Durr Vintage Rare Classic Children's Books 1983. Category: Collectibles & Antiques. Sold by OnlineRecycle — tested, described accurately. Local pickup available in Central Florida or ships with tracking.",19.00,USD,Collectibles & Antiques,TRUE,TRUE,TRUE,1
,Pearson Custom Librar Chemistry: A Molecular Approach General Chemistry 1,Default,EB-205403274009,"Pearson Custom Librar Chemistry: A Molecular Approach General Chemistry 1. Category: Collectibles & Antiques. Sold by OnlineRecycle — tested, described accurately. Local pickup available in Central Florida or ships with tracking.",9.02,USD,Collectibles & Antiques,TRUE,TRUE,TRUE,1
,When Helping Hurts : How to Alleviate Poverty Without Hurting the Poor Hurts....,Default,EB-205403277596,"When Helping Hurts : How to Alleviate Poverty Without Hurting the Poor Hurts..... Category: Books. Sold by OnlineRecycle — tested, described accurately. Local pickup available in Central Florida or ships with tracking.",5.98,USD,Books,TRUE,TRUE,TRUE,1
,"Florida Firearms -- Law, Use and Ownership : 9th Edition by Jon Gutmacher",Default,EB-205403299180,"Florida Firearms -- Law, Use and Ownership : 9th Edition by Jon Gutmacher. Category: Books. Sold by OnlineRecycle — tested, described accurately. Local pickup available in Central Florida or ships with tracking.",59.49,USD,Books,TRUE,TRUE,TRUE,1
,"The Twilight Saga: New Moon (DVD, 2009)",Default,EB-205403367302,"The Twilight Saga: New Moon (DVD, 2009). Category: Movies & Entertainment. Sold by OnlineRecycle — tested, described accurately. Local pickup available in Central Florida or ships with tracking.",5.80,USD,Movies & Entertainment,TRUE,TRUE,TRUE,1
,"The Twilight Saga: Eclipse (DVD, 2010) Movie",Default,EB-205403372448,"The Twilight Saga: Eclipse (DVD, 2010) Movie. Category: Movies & Entertainment. Sold by OnlineRecycle — tested, described accurately. Local pickup available in Central Florida or ships with tracking.",4.24,USD,Movies & Entertainment,TRUE,TRUE,TRUE,1
,"Casino Royale (DVD, 2007, 2-Disc Set, Widescreen) Action Movie",Default,EB-205403374256,"Casino Royale (DVD, 2007, 2-Disc Set, Widescreen) Action Movie. Category: Movies & Entertainment. Sold by OnlineRecycle — tested, described accurately. Local pickup available in Central Florida or ships with tracking.",3.98,USD,Movies & Entertainment,TRUE,TRUE,TRUE,1
,"2 Fast 2 Furious (DVD, 2003, Widescreen)",Default,EB-205403391703,"2 Fast 2 Furious (DVD, 2003, Widescreen). Category: Movies & Entertainment. Sold by OnlineRecycle — tested, described accurately. Local pickup available in Central Florida or ships with tracking.",3.95,USD,Movies & Entertainment,TRUE,TRUE,TRUE,1
,"Fast & Furious: Tokyo Drift (DVD, 2006)",Default,EB-205403402457,"Fast & Furious: Tokyo Drift (DVD, 2006). Category: Movies & Entertainment. Sold by OnlineRecycle — tested, described accurately. Local pickup available in Central Florida or ships with tracking.",3.00,USD,Movies & Entertainment,TRUE,TRUE,TRUE,1
,"The Fast and the Furious (DVD, 2003, Tricked Out Edition Full Frame)",Default,EB-205403404617,"The Fast and the Furious (DVD, 2003, Tricked Out Edition Full Frame). Category: Movies & Entertainment. Sold by OnlineRecycle — tested, described accurately. Local pickup available in Central Florida or ships with tracking.",2.64,USD,Movies & Entertainment,TRUE,TRUE,TRUE,1
,"The Chronicles of Riddick (DVD, 2004)",Default,EB-205403406170,"The Chronicles of Riddick (DVD, 2004). Category: Movies & Entertainment. Sold by OnlineRecycle — tested, described accurately. Local pickup available in Central Florida or ships with tracking.",2.53,USD,Movies & Entertainment,TRUE,TRUE,TRUE,1
,"The Lord of the Rings: The Two Towers (DVD, 2002)",Default,EB-205403407282,"The Lord of the Rings: The Two Towers (DVD, 2002). Category: Movies & Entertainment. Sold by OnlineRecycle — tested, described accurately. Local pickup available in Central Florida or ships with tracking.",7.19,USD,Movies & Entertainment,TRUE,TRUE,TRUE,1
,"The Lord of the Rings: The Return of the King (DVD, 2003)",Default,EB-205403409185,"The Lord of the Rings: The Return of the King (DVD, 2003). Category: Movies & Entertainment. Sold by OnlineRecycle — tested, described accurately. Local pickup available in Central Florida or ships with tracking.",5.00,USD,Movies & Entertainment,TRUE,TRUE,TRUE,1
,Firehouse Grilling Cookbook : 150 Great Grilling Recipes Plus Safety Tips,Default,EB-205412507070,"Firehouse Grilling Cookbook : 150 Great Grilling Recipes Plus Safety Tips. Category: Books. Sold by OnlineRecycle — tested, described accurately. Local pickup available in Central Florida or ships with tracking.",12.73,USD,Books,TRUE,TRUE,TRUE,1
,Famous Brands Chicken & Poultry Vol.5 Cook Book BBQ Chef,Default,EB-205412517473,"Famous Brands Chicken & Poultry Vol.5 Cook Book BBQ Chef. Category: Collectibles & Antiques. Sold by OnlineRecycle — tested, described accurately. Local pickup available in Central Florida or ships with tracking.",5.00,USD,Collectibles & Antiques,TRUE,TRUE,TRUE,1
,Every Day with the Savior: Daily Devotions Large-Print Edition by R Norden Book,Default,EB-205412522181,"Every Day with the Savior: Daily Devotions Large-Print Edition by R Norden Book. Category: Books. Sold by OnlineRecycle — tested, described accurately. Local pickup available in Central Florida or ships with tracking.",6.86,USD,Books,TRUE,TRUE,TRUE,1
,Cultural Atlas of the Viking Student World Atlas ISBN 0-670-81122-X Hard Cover,Default,EB-205412550980,"Cultural Atlas of the Viking Student World Atlas ISBN 0-670-81122-X Hard Cover. Category: General Merchandise. Sold by OnlineRecycle — tested, described accurately. Local pickup available in Central Florida or ships with tracking.",12.99,USD,General Merchandise,TRUE,TRUE,TRUE,1
,Famous Brands Pasta Dishes hardback cookbook 1985 Chef,Default,EB-205412558007,"Famous Brands Pasta Dishes hardback cookbook 1985 Chef. Category: Collectibles & Antiques. Sold by OnlineRecycle — tested, described accurately. Local pickup available in Central Florida or ships with tracking.",6.78,USD,Collectibles & Antiques,TRUE,TRUE,TRUE,1
,Perfect Storm : A True Story of Men Against the Sea by Sebastian Junger Book,Default,EB-205412594298,"Perfect Storm : A True Story of Men Against the Sea by Sebastian Junger Book. Category: Books. Sold by OnlineRecycle — tested, described accurately. Local pickup available in Central Florida or ships with tracking.",3.72,USD,Books,TRUE,TRUE,TRUE,1
,"The Penguin Family By Robert Newell Paperback, 2004 Houghton Mifflin Co.",Default,EB-205412599850,"The Penguin Family By Robert Newell Paperback, 2004 Houghton Mifflin Co.. Category: Collectibles & Antiques. Sold by OnlineRecycle — tested, described accurately. Local pickup available in Central Florida or ships with tracking.",7.17,USD,Collectibles & Antiques,TRUE,TRUE,TRUE,1
,"Prophecy Foundations by Doug Batchelor (2010, Compact Disc / Only Dvd Audiobooks",Default,EB-205412601442,"Prophecy Foundations by Doug Batchelor (2010, Compact Disc / Only Dvd Audiobooks. Category: General Merchandise. Sold by OnlineRecycle — tested, described accurately. Local pickup available in Central Florida or ships with tracking.",9.00,USD,General Merchandise,TRUE,TRUE,TRUE,1
,TechTV's Microsoft® Windows® XP for Home Users by Michael Miller 2003 Book,Default,EB-205412610476,"TechTV's Microsoft® Windows® XP for Home Users by Michael Miller 2003 Book. Category: Books. Sold by OnlineRecycle — tested, described accurately. Local pickup available in Central Florida or ships with tracking.",5.48,USD,Books,TRUE,TRUE,TRUE,1
,How to Live in the New America Paperback Bill Kaysing Textbook Book,Default,EB-205412639132,"How to Live in the New America Paperback Bill Kaysing Textbook Book. Category: Books. Sold by OnlineRecycle — tested, described accurately. Local pickup available in Central Florida or ships with tracking.",3.42,USD,Books,TRUE,TRUE,TRUE,1
,The Homeowner's Handbook of Solar Water Heating Systems Hardcover,Default,EB-205412645282,"The Homeowner's Handbook of Solar Water Heating Systems Hardcover. Category: Books. Sold by OnlineRecycle — tested, described accurately. Local pickup available in Central Florida or ships with tracking.",6.04,USD,Books,TRUE,TRUE,TRUE,1
,On Cooking A Textbook of Culinary Fundamentals Sarah Labensky 4th Edition,Default,EB-205412671298,"On Cooking A Textbook of Culinary Fundamentals Sarah Labensky 4th Edition. Category: Collectibles & Antiques. Sold by OnlineRecycle — tested, described accurately. Local pickup available in Central Florida or ships with tracking.",9.99,USD,Collectibles & Antiques,TRUE,TRUE,TRUE,1
,Growing under glass The Simon and Schuster encyclopedia of practical Gardening,Default,EB-205412673296,"Growing under glass The Simon and Schuster encyclopedia of practical Gardening. Category: Books. Sold by OnlineRecycle — tested, described accurately. Local pickup available in Central Florida or ships with tracking.",4.47,USD,Books,TRUE,TRUE,TRUE,1
,mirrors of mind humanities book Roberts Schlegel Trachy Twiggy Vandermast,Default,EB-205412681388,"mirrors of mind humanities book Roberts Schlegel Trachy Twiggy Vandermast. Category: Collectibles & Antiques. Sold by OnlineRecycle — tested, described accurately. Local pickup available in Central Florida or ships with tracking.",5.00,USD,Collectibles & Antiques,TRUE,TRUE,TRUE,1
,Arco Resumes For Executives And Professionals Book Guide,Default,EB-205412691738,"Arco Resumes For Executives And Professionals Book Guide. Category: Books. Sold by OnlineRecycle — tested, described accurately. Local pickup available in Central Florida or ships with tracking.",2.92,USD,Books,TRUE,TRUE,TRUE,1
,How to Create Photographic Special Effects Paperback Allan Horvat,Default,EB-205412698771,"How to Create Photographic Special Effects Paperback Allan Horvat. Category: Books. Sold by OnlineRecycle — tested, described accurately. Local pickup available in Central Florida or ships with tracking.",4.93,USD,Books,TRUE,TRUE,TRUE,1
,Special Effects Petersen's How-to Photographic Library Ken Biggs Paperback 295,Default,EB-205412700484,"Special Effects Petersen's How-to Photographic Library Ken Biggs Paperback 295. Category: Collectibles & Antiques. Sold by OnlineRecycle — tested, described accurately. Local pickup available in Central Florida or ships with tracking.",4.89,USD,Collectibles & Antiques,TRUE,TRUE,TRUE,1
,Children's Toys and Furniture by Monte Burch and U Bild Editors 1983 Vintage,Default,EB-205412708765,"Children's Toys and Furniture by Monte Burch and U Bild Editors 1983 Vintage. Category: Books. Sold by OnlineRecycle — tested, described accurately. Local pickup available in Central Florida or ships with tracking.",6.48,USD,Books,TRUE,TRUE,TRUE,1
,Vintage Apple Macintosh User's Guide for Performa Computers 1993 030-4693-A,Default,EB-205412720360,"Vintage Apple Macintosh User's Guide for Performa Computers 1993 030-4693-A. Category: Collectibles & Antiques. Sold by OnlineRecycle — tested, described accurately. Local pickup available in Central Florida or ships with tracking.",14.99,USD,Collectibles & Antiques,TRUE,TRUE,TRUE,1
,Kodak Data Book O-16 Studio Lighting for Product Photography 1964 Vintage,Default,EB-205412724315,"Kodak Data Book O-16 Studio Lighting for Product Photography 1964 Vintage. Category: Collectibles & Antiques. Sold by OnlineRecycle — tested, described accurately. Local pickup available in Central Florida or ships with tracking.",9.00,USD,Collectibles & Antiques,TRUE,TRUE,TRUE,1
,"Gift of the Magi and Other Short Stories by O. Henry (1992, Trade Paperback)",Default,EB-205412725304,"Gift of the Magi and Other Short Stories by O. Henry (1992, Trade Paperback). Category: Books. Sold by OnlineRecycle — tested, described accurately. Local pickup available in Central Florida or ships with tracking.",2.93,USD,Books,TRUE,TRUE,TRUE,1
,"Lake Wobegon Days by Garrison Keillor (1990, Uk-B Format Paperback)",Default,EB-205412726652,"Lake Wobegon Days by Garrison Keillor (1990, Uk-B Format Paperback). Category: Books. Sold by OnlineRecycle — tested, described accurately. Local pickup available in Central Florida or ships with tracking.",3.84,USD,Books,TRUE,TRUE,TRUE,1
,"All We Hold Dear by Kathryn L. Davis (1995, Hardcover)",Default,EB-205412729069,"All We Hold Dear by Kathryn L. Davis (1995, Hardcover). Category: Books. Sold by OnlineRecycle — tested, described accurately. Local pickup available in Central Florida or ships with tracking.",5.00,USD,Books,TRUE,TRUE,TRUE,1
,"God and Donald Trump by Stephen E. Strang (2017, Hardcover)",Default,EB-205412731383,"God and Donald Trump by Stephen E. Strang (2017, Hardcover). Category: Books. Sold by OnlineRecycle — tested, described accurately. Local pickup available in Central Florida or ships with tracking.",14.00,USD,Books,TRUE,TRUE,TRUE,1
,Successrul Gardening GROW YOUR OWN Encyclopedia 1 Through 5 hardcovers,Default,EB-205412741807,"Successrul Gardening GROW YOUR OWN Encyclopedia 1 Through 5 hardcovers. Category: Collectibles & Antiques. Sold by OnlineRecycle — tested, described accurately. Local pickup available in Central Florida or ships with tracking.",29.99,USD,Collectibles & Antiques,TRUE,TRUE,TRUE,1
,Wherever You Are: My Love Will Find You by Nancy Tillman (Goodreads Author),Default,EB-205412868530,"Wherever You Are: My Love Will Find You by Nancy Tillman (Goodreads Author). Category: Collectibles & Antiques. Sold by OnlineRecycle — tested, described accurately. Local pickup available in Central Florida or ships with tracking.",3.25,USD,Collectibles & Antiques,TRUE,TRUE,TRUE,1
,A Taste of Chicken Soup for the Christian Soul Soft Cover Book,Default,EB-205412870370,"A Taste of Chicken Soup for the Christian Soul Soft Cover Book. Category: Collectibles & Antiques. Sold by OnlineRecycle — tested, described accurately. Local pickup available in Central Florida or ships with tracking.",3.45,USD,Collectibles & Antiques,TRUE,TRUE,TRUE,1
,"Neighborhood by Paulette Bourgeois (1999, Trade Paperback) Lot Of 11 Books Total",Default,EB-205412876656,"Neighborhood by Paulette Bourgeois (1999, Trade Paperback) Lot Of 11 Books Total. Category: Books. Sold by OnlineRecycle — tested, described accurately. Local pickup available in Central Florida or ships with tracking.",24.99,USD,Books,TRUE,TRUE,TRUE,1
,Jazzshots: A Photographic Essay Oversize PaperBack Author Signed David D Spitzer,Default,EB-205412901916,"Jazzshots: A Photographic Essay Oversize PaperBack Author Signed David D Spitzer. Category: Collectibles & Antiques. Sold by OnlineRecycle — tested, described accurately. Local pickup available in Central Florida or ships with tracking.",99.00,USD,Collectibles & Antiques,TRUE,TRUE,TRUE,1
,Fitting Finesse by Nancy Zieman 1994 Paperback Sewing Book - Good Condition,Default,EB-205412905640,"Fitting Finesse by Nancy Zieman 1994 Paperback Sewing Book - Good Condition. Category: Books. Sold by OnlineRecycle — tested, described accurately. Local pickup available in Central Florida or ships with tracking.",4.92,USD,Books,TRUE,TRUE,TRUE,1
,Age of Kings Time Life Great Ages of Man Hardcover Illustrated 1974,Default,EB-205412922372,"Age of Kings Time Life Great Ages of Man Hardcover Illustrated 1974. Category: Collectibles & Antiques. Sold by OnlineRecycle — tested, described accurately. Local pickup available in Central Florida or ships with tracking.",7.69,USD,Collectibles & Antiques,TRUE,TRUE,TRUE,1
,Rose Book How to Grow Roses Organically and Use Them in over 50 Beautiful Crafts,Default,EB-205412932660,"Rose Book How to Grow Roses Organically and Use Them in over 50 Beautiful Crafts. Category: Books. Sold by OnlineRecycle — tested, described accurately. Local pickup available in Central Florida or ships with tracking.",5.46,USD,Books,TRUE,TRUE,TRUE,1
,Planets Life Science Library Planets Hardcover Vintage,Default,EB-205412940254,"Planets Life Science Library Planets Hardcover Vintage. Category: Collectibles & Antiques. Sold by OnlineRecycle — tested, described accurately. Local pickup available in Central Florida or ships with tracking.",7.40,USD,Collectibles & Antiques,TRUE,TRUE,TRUE,1
,Foundations of Multinational Financial Management by Alan C. Shapiro 1998 Vtg,Default,EB-205415896534,"Foundations of Multinational Financial Management by Alan C. Shapiro 1998 Vtg. Category: Books. Sold by OnlineRecycle — tested, described accurately. Local pickup available in Central Florida or ships with tracking.",7.10,USD,Books,TRUE,TRUE,TRUE,1
,"Financial Markets and Institutions by Madura (2000, Hardcover) Vintage Finance",Default,EB-205415900106,"Financial Markets and Institutions by Madura (2000, Hardcover) Vintage Finance. Category: Books. Sold by OnlineRecycle — tested, described accurately. Local pickup available in Central Florida or ships with tracking.",5.51,USD,Books,TRUE,TRUE,TRUE,1
,Foundations of Financial Management Stanley B. Block and Geoffrey A. Hirt W/DVD,Default,EB-205415908032,"Foundations of Financial Management Stanley B. Block and Geoffrey A. Hirt W/DVD. Category: Books. Sold by OnlineRecycle — tested, described accurately. Local pickup available in Central Florida or ships with tracking.",52.71,USD,Books,TRUE,TRUE,TRUE,1
,BIBLE COLORING ACTIVITY PAGES-Stories Coloring Pages & Activities,Default,EB-205415920913,"BIBLE COLORING ACTIVITY PAGES-Stories Coloring Pages & Activities. Category: Collectibles & Antiques. Sold by OnlineRecycle — tested, described accurately. Local pickup available in Central Florida or ships with tracking.",7.00,USD,Collectibles & Antiques,TRUE,TRUE,TRUE,1
,Maupin House Ser.L Razzle Dazzle Writing Achieving Excellence Through 50 Used,Default,EB-205415925444,"Maupin House Ser.L Razzle Dazzle Writing Achieving Excellence Through 50 Used. Category: Books. Sold by OnlineRecycle — tested, described accurately. Local pickup available in Central Florida or ships with tracking.",5.00,USD,Books,TRUE,TRUE,TRUE,1
,"Best Book of Martial Arts by Lauren Robertson (2002, Hardcover)",Default,EB-205415935563,"Best Book of Martial Arts by Lauren Robertson (2002, Hardcover). Category: Books. Sold by OnlineRecycle — tested, described accurately. Local pickup available in Central Florida or ships with tracking.",6.00,USD,Books,TRUE,TRUE,TRUE,1
,4th Grade BIG Workbook: All Subjects for Kids 9 - 10 includes 220+ Activities,Default,EB-205415940440,"4th Grade BIG Workbook: All Subjects for Kids 9 - 10 includes 220+ Activities. Category: Collectibles & Antiques. Sold by OnlineRecycle — tested, described accurately. Local pickup available in Central Florida or ships with tracking.",6.71,USD,Collectibles & Antiques,TRUE,TRUE,TRUE,1
,"Skating with the Bears by Andrew Breakspeare (2005, Hardcover)",Default,EB-205415946422,"Skating with the Bears by Andrew Breakspeare (2005, Hardcover). Category: Books. Sold by OnlineRecycle — tested, described accurately. Local pickup available in Central Florida or ships with tracking.",17.00,USD,Books,TRUE,TRUE,TRUE,1
,Gravity Falls Gravity Falls Tales of the Strange and Unexplained Bedtime Stories,Default,EB-205415950119,"Gravity Falls Gravity Falls Tales of the Strange and Unexplained Bedtime Stories. Category: Books. Sold by OnlineRecycle — tested, described accurately. Local pickup available in Central Florida or ships with tracking.",4.89,USD,Books,TRUE,TRUE,TRUE,1
,"Daily Walk Bible New International Version Explore God's Path to Life, Paperback",Default,EB-205415959069,"Daily Walk Bible New International Version Explore God's Path to Life, Paperback. Category: Books. Sold by OnlineRecycle — tested, described accurately. Local pickup available in Central Florida or ships with tracking.",11.94,USD,Books,TRUE,TRUE,TRUE,1
,Bible Stories for Curious Kids : 800+ Questions to Explore! by Paul J. Loth,Default,EB-205415965929,"Bible Stories for Curious Kids : 800+ Questions to Explore! by Paul J. Loth. Category: Books. Sold by OnlineRecycle — tested, described accurately. Local pickup available in Central Florida or ships with tracking.",4.14,USD,Books,TRUE,TRUE,TRUE,1
,"Hands-On Bible : Updated Edition(2010) NLT Translation, Paperback",Default,EB-205415973977,"Hands-On Bible : Updated Edition(2010) NLT Translation, Paperback. Category: Books. Sold by OnlineRecycle — tested, described accurately. Local pickup available in Central Florida or ships with tracking.",10.00,USD,Books,TRUE,TRUE,TRUE,1
,Walk Two Moons by Sharon Creech Pre Owned Paperback 1994,Default,EB-205415976775,"Walk Two Moons by Sharon Creech Pre Owned Paperback 1994. Category: Books. Sold by OnlineRecycle — tested, described accurately. Local pickup available in Central Florida or ships with tracking.",3.98,USD,Books,TRUE,TRUE,TRUE,1
,"No Talking (Thorndike Literacy Bridge Middle Reader) by Clements, Andrew HardC",Default,EB-205415977797,"No Talking (Thorndike Literacy Bridge Middle Reader) by Clements, Andrew HardC. Category: Collectibles & Antiques. Sold by OnlineRecycle — tested, described accurately. Local pickup available in Central Florida or ships with tracking.",3.09,USD,Collectibles & Antiques,TRUE,TRUE,TRUE,1
,NEW! Sewing For Beginners Magazine Issue 16 UK Magazine,Default,EB-205415980243,"NEW! Sewing For Beginners Magazine Issue 16 UK Magazine. Category: Collectibles & Antiques. Sold by OnlineRecycle — tested, described accurately. Local pickup available in Central Florida or ships with tracking.",7.95,USD,Collectibles & Antiques,TRUE,TRUE,TRUE,1
,ABC Mouse The Boy Who Cried Wolf Aesop's Fables Series Hardcover Book,Default,EB-205415995656,"ABC Mouse The Boy Who Cried Wolf Aesop's Fables Series Hardcover Book. Category: Collectibles & Antiques. Sold by OnlineRecycle — tested, described accurately. Local pickup available in Central Florida or ships with tracking.",15.99,USD,Collectibles & Antiques,TRUE,TRUE,TRUE,1
,"Grandma, What Is Prayer? by Katherine Bohlmann (2003, Hardcover)",Default,EB-205415996326,"Grandma, What Is Prayer? by Katherine Bohlmann (2003, Hardcover). Category: Books. Sold by OnlineRecycle — tested, described accurately. Local pickup available in Central Florida or ships with tracking.",4.79,USD,Books,TRUE,TRUE,TRUE,1
,"Sea Life Games and Puzzles by Cindy A. Littlefield (2006, Trade Paperback) Used",Default,EB-205415997577,"Sea Life Games and Puzzles by Cindy A. Littlefield (2006, Trade Paperback) Used. Category: Books. Sold by OnlineRecycle — tested, described accurately. Local pickup available in Central Florida or ships with tracking.",4.89,USD,Books,TRUE,TRUE,TRUE,1
,Stunt Planes - VERY GOOD Paper Construction Guide Kids Activity,Default,EB-205415999437,"Stunt Planes - VERY GOOD Paper Construction Guide Kids Activity. Category: Collectibles & Antiques. Sold by OnlineRecycle — tested, described accurately. Local pickup available in Central Florida or ships with tracking.",3.53,USD,Collectibles & Antiques,TRUE,TRUE,TRUE,1
,"The Extraordinary Adventures of Alfred Kropp by Rick Yancey, Softcover",Default,EB-205416011819,"The Extraordinary Adventures of Alfred Kropp by Rick Yancey, Softcover. Category: Collectibles & Antiques. Sold by OnlineRecycle — tested, described accurately. Local pickup available in Central Florida or ships with tracking.",4.98,USD,Collectibles & Antiques,TRUE,TRUE,TRUE,1
,"Cujo by Stephen King (1981, Hardcover) Beautiful Condition Rare Vintage",Default,EB-205416024130,"Cujo by Stephen King (1981, Hardcover) Beautiful Condition Rare Vintage. Category: Books. Sold by OnlineRecycle — tested, described accurately. Local pickup available in Central Florida or ships with tracking.",80.00,USD,Books,TRUE,TRUE,TRUE,1
,"Waist Deep (DVD, 2006)",Default,EB-205417519900,"Waist Deep (DVD, 2006). Category: Movies & Entertainment. Sold by OnlineRecycle — tested, described accurately. Local pickup available in Central Florida or ships with tracking.",6.99,USD,Movies & Entertainment,TRUE,TRUE,TRUE,1
,"Notorious (DVD, 2009, 2-Disc Set, Collector's Edition; Includes Digital Copy)",Default,EB-205417521910,"Notorious (DVD, 2009, 2-Disc Set, Collector's Edition; Includes Digital Copy). Category: Movies & Entertainment. Sold by OnlineRecycle — tested, described accurately. Local pickup available in Central Florida or ships with tracking.",6.86,USD,Movies & Entertainment,TRUE,TRUE,TRUE,1
,"Rise of the Planet of the Apes - DVD By John Lithgow,Brian Cox - VERY GOOD",Default,EB-205417525243,"Rise of the Planet of the Apes - DVD By John Lithgow,Brian Cox - VERY GOOD. Category: Movies & Entertainment. Sold by OnlineRecycle — tested, described accurately. Local pickup available in Central Florida or ships with tracking.",3.02,USD,Movies & Entertainment,TRUE,TRUE,TRUE,1
,"Four Brothers (DVD, 2005, Widescreen)",Default,EB-205417527116,"Four Brothers (DVD, 2005, Widescreen). Category: Movies & Entertainment. Sold by OnlineRecycle — tested, described accurately. Local pickup available in Central Florida or ships with tracking.",4.94,USD,Movies & Entertainment,TRUE,TRUE,TRUE,1
,"21 Grams (DVD, 2004)",Default,EB-205417529318,"21 Grams (DVD, 2004). Category: Movies & Entertainment. Sold by OnlineRecycle — tested, described accurately. Local pickup available in Central Florida or ships with tracking.",3.90,USD,Movies & Entertainment,TRUE,TRUE,TRUE,1
,"Biker Boyz (DVD, 2003, Full Frame)",Default,EB-205417529901,"Biker Boyz (DVD, 2003, Full Frame). Category: Movies & Entertainment. Sold by OnlineRecycle — tested, described accurately. Local pickup available in Central Florida or ships with tracking.",6.50,USD,Movies & Entertainment,TRUE,TRUE,TRUE,1
,"Belly (DVD, 1998)",Default,EB-205417531481,"Belly (DVD, 1998). Category: Movies & Entertainment. Sold by OnlineRecycle — tested, described accurately. Local pickup available in Central Florida or ships with tracking.",5.56,USD,Movies & Entertainment,TRUE,TRUE,TRUE,1
,LIMITLESS - STARRING BRADLEY COOPER & ROBERT DE NIRO,Default,EB-205417535538,"LIMITLESS - STARRING BRADLEY COOPER & ROBERT DE NIRO. Category: Movies & Entertainment. Sold by OnlineRecycle — tested, described accurately. Local pickup available in Central Florida or ships with tracking.",7.48,USD,Movies & Entertainment,TRUE,TRUE,TRUE,1
,"Gone in 60 Seconds (DVD, 2000)",Default,EB-205417536836,"Gone in 60 Seconds (DVD, 2000). Category: Movies & Entertainment. Sold by OnlineRecycle — tested, described accurately. Local pickup available in Central Florida or ships with tracking.",5.36,USD,Movies & Entertainment,TRUE,TRUE,TRUE,1
,"The Last Samurai (DVD, 2004, 2-Disc Set, Widescreen Edition)",Default,EB-205417538502,"The Last Samurai (DVD, 2004, 2-Disc Set, Widescreen Edition). Category: Movies & Entertainment. Sold by OnlineRecycle — tested, described accurately. Local pickup available in Central Florida or ships with tracking.",4.11,USD,Movies & Entertainment,TRUE,TRUE,TRUE,1
,Mr. Clemens and Mark Twain: A Biography by Justin Kaplan 1966 hc FIRST EDITION,Default,EB-205417620611,"Mr. Clemens and Mark Twain: A Biography by Justin Kaplan 1966 hc FIRST EDITION. Category: Collectibles & Antiques. Sold by OnlineRecycle — tested, described accurately. Local pickup available in Central Florida or ships with tracking.",150.00,USD,Collectibles & Antiques,TRUE,TRUE,TRUE,1
,"War of the Worlds (DVD, 2005, Full Frame)",Default,EB-205419835042,"War of the Worlds (DVD, 2005, Full Frame). Category: Movies & Entertainment. Sold by OnlineRecycle — tested, described accurately. Local pickup available in Central Florida or ships with tracking.",1.00,USD,Movies & Entertainment,TRUE,TRUE,TRUE,1
,"A History of Violence (DVD, 2005)",Default,EB-205419836465,"A History of Violence (DVD, 2005). Category: Movies & Entertainment. Sold by OnlineRecycle — tested, described accurately. Local pickup available in Central Florida or ships with tracking.",5.99,USD,Movies & Entertainment,TRUE,TRUE,TRUE,1
,"Wilderness (2006) (DVD, 2006)",Default,EB-205419837171,"Wilderness (2006) (DVD, 2006). Category: Movies & Entertainment. Sold by OnlineRecycle — tested, described accurately. Local pickup available in Central Florida or ships with tracking.",6.31,USD,Movies & Entertainment,TRUE,TRUE,TRUE,1
,"The Rundown (DVD, 2003)",Default,EB-205419837656,"The Rundown (DVD, 2003). Category: Movies & Entertainment. Sold by OnlineRecycle — tested, described accurately. Local pickup available in Central Florida or ships with tracking.",2.85,USD,Movies & Entertainment,TRUE,TRUE,TRUE,1
,"Get Rich or Die Tryin (DVD, 2006, Full Screen) 50 Cent",Default,EB-205419839834,"Get Rich or Die Tryin (DVD, 2006, Full Screen) 50 Cent. Category: Movies & Entertainment. Sold by OnlineRecycle — tested, described accurately. Local pickup available in Central Florida or ships with tracking.",5.84,USD,Movies & Entertainment,TRUE,TRUE,TRUE,1
,"Hitman (DVD, 2007) Unrated From The Action Game Movie",Default,EB-205419844976,"Hitman (DVD, 2007) Unrated From The Action Game Movie. Category: Movies & Entertainment. Sold by OnlineRecycle — tested, described accurately. Local pickup available in Central Florida or ships with tracking.",5.98,USD,Movies & Entertainment,TRUE,TRUE,TRUE,1
,"Troy (DVD, 2004) Brad Pitt Action Movie Blockbuster",Default,EB-205419849240,"Troy (DVD, 2004) Brad Pitt Action Movie Blockbuster. Category: Movies & Entertainment. Sold by OnlineRecycle — tested, described accurately. Local pickup available in Central Florida or ships with tracking.",5.00,USD,Movies & Entertainment,TRUE,TRUE,TRUE,1
,Act of Valor (DVD) Active Duty Seals Action Movie,Default,EB-205419856372,"Act of Valor (DVD) Active Duty Seals Action Movie. Category: Movies & Entertainment. Sold by OnlineRecycle — tested, described accurately. Local pickup available in Central Florida or ships with tracking.",2.99,USD,Movies & Entertainment,TRUE,TRUE,TRUE,1
,"Mr. & Mrs. Smith (DVD, 2005) Brad Pitt Angelina Jolie Action Blockbuster Movie",Default,EB-205419875783,"Mr. & Mrs. Smith (DVD, 2005) Brad Pitt Angelina Jolie Action Blockbuster Movie. Category: Movies & Entertainment. Sold by OnlineRecycle — tested, described accurately. Local pickup available in Central Florida or ships with tracking.",3.05,USD,Movies & Entertainment,TRUE,TRUE,TRUE,1
,"Dreamer (DVD, 2006, Full Frame)",Default,EB-205419877556,"Dreamer (DVD, 2006, Full Frame). Category: Movies & Entertainment. Sold by OnlineRecycle — tested, described accurately. Local pickup available in Central Florida or ships with tracking.",1.99,USD,Movies & Entertainment,TRUE,TRUE,TRUE,1
,"Bill Cosby: Himself (DVD, 1984)",Default,EB-205419880003,"Bill Cosby: Himself (DVD, 1984). Category: Movies & Entertainment. Sold by OnlineRecycle — tested, described accurately. Local pickup available in Central Florida or ships with tracking.",4.89,USD,Movies & Entertainment,TRUE,TRUE,TRUE,1
,"Any Given Sunday (DVD, 2000, Special Edition)",Default,EB-205419883202,"Any Given Sunday (DVD, 2000, Special Edition). Category: Movies & Entertainment. Sold by OnlineRecycle — tested, described accurately. Local pickup available in Central Florida or ships with tracking.",4.00,USD,Movies & Entertainment,TRUE,TRUE,TRUE,1
,"The Last Boy Scout (DVD, 1998)",Default,EB-205419895240,"The Last Boy Scout (DVD, 1998). Category: Movies & Entertainment. Sold by OnlineRecycle — tested, described accurately. Local pickup available in Central Florida or ships with tracking.",3.95,USD,Movies & Entertainment,TRUE,TRUE,TRUE,1
,"Varsity Blues (DVD, 1999)",Default,EB-205419898081,"Varsity Blues (DVD, 1999). Category: Movies & Entertainment. Sold by OnlineRecycle — tested, described accurately. Local pickup available in Central Florida or ships with tracking.",4.00,USD,Movies & Entertainment,TRUE,TRUE,TRUE,1
,"Bridesmaids (DVD, 2011)",Default,EB-205419930389,"Bridesmaids (DVD, 2011). Category: Movies & Entertainment. Sold by OnlineRecycle — tested, described accurately. Local pickup available in Central Florida or ships with tracking.",1.00,USD,Movies & Entertainment,TRUE,TRUE,TRUE,1
,"Guess Who (DVD, 2005)",Default,EB-205419934284,"Guess Who (DVD, 2005). Category: Movies & Entertainment. Sold by OnlineRecycle — tested, described accurately. Local pickup available in Central Florida or ships with tracking.",2.22,USD,Movies & Entertainment,TRUE,TRUE,TRUE,1
,"Land of the Lost (DVD, 2009)",Default,EB-205419940837,"Land of the Lost (DVD, 2009). Category: Movies & Entertainment. Sold by OnlineRecycle — tested, described accurately. Local pickup available in Central Florida or ships with tracking.",2.75,USD,Movies & Entertainment,TRUE,TRUE,TRUE,1
,"Wedding Crashers (DVD, 2005)",Default,EB-205419944351,"Wedding Crashers (DVD, 2005). Category: Movies & Entertainment. Sold by OnlineRecycle — tested, described accurately. Local pickup available in Central Florida or ships with tracking.",1.00,USD,Movies & Entertainment,TRUE,TRUE,TRUE,1
,"Space Jam (Director's Cut) (DVD, 1996) Original Micheal Jordan Bulls NBA GOAT",Default,EB-205419947376,"Space Jam (Director's Cut) (DVD, 1996) Original Micheal Jordan Bulls NBA GOAT. Category: Movies & Entertainment. Sold by OnlineRecycle — tested, described accurately. Local pickup available in Central Florida or ships with tracking.",2.84,USD,Movies & Entertainment,TRUE,TRUE,TRUE,1
,"We Bought a Zoo (DVD, 2011)",Default,EB-205419948628,"We Bought a Zoo (DVD, 2011). Category: Movies & Entertainment. Sold by OnlineRecycle — tested, described accurately. Local pickup available in Central Florida or ships with tracking.",4.33,USD,Movies & Entertainment,TRUE,TRUE,TRUE,1
,"Blazing Saddles (DVD, 1974)",Default,EB-205419949650,"Blazing Saddles (DVD, 1974). Category: Movies & Entertainment. Sold by OnlineRecycle — tested, described accurately. Local pickup available in Central Florida or ships with tracking.",5.09,USD,Movies & Entertainment,TRUE,TRUE,TRUE,1
,WE'RE THE MILLER 2-Disc EXTENDED CUT Special Edition DVD Set -- Jennifer Aniston,Default,EB-205419951212,"WE'RE THE MILLER 2-Disc EXTENDED CUT Special Edition DVD Set -- Jennifer Aniston. Category: Movies & Entertainment. Sold by OnlineRecycle — tested, described accurately. Local pickup available in Central Florida or ships with tracking.",3.09,USD,Movies & Entertainment,TRUE,TRUE,TRUE,1
,"Memoirs of a Geisha (DVD, 2006, 2-Disc Set, Full Frame)",Default,EB-205419956633,"Memoirs of a Geisha (DVD, 2006, 2-Disc Set, Full Frame). Category: Movies & Entertainment. Sold by OnlineRecycle — tested, described accurately. Local pickup available in Central Florida or ships with tracking.",2.99,USD,Movies & Entertainment,TRUE,TRUE,TRUE,1
,"The Art of War (DVD, 2000)",Default,EB-205419957702,"The Art of War (DVD, 2000). Category: Movies & Entertainment. Sold by OnlineRecycle — tested, described accurately. Local pickup available in Central Florida or ships with tracking.",4.13,USD,Movies & Entertainment,TRUE,TRUE,TRUE,1
,"Desperado (DVD, 1995)",Default,EB-205419959471,"Desperado (DVD, 1995). Category: Movies & Entertainment. Sold by OnlineRecycle — tested, described accurately. Local pickup available in Central Florida or ships with tracking.",2.00,USD,Movies & Entertainment,TRUE,TRUE,TRUE,1
,"Money Train (DVD, 1998, Subtitled French and Spanish Closed Caption)",Default,EB-205419962416,"Money Train (DVD, 1998, Subtitled French and Spanish Closed Caption). Category: Movies & Entertainment. Sold by OnlineRecycle — tested, described accurately. Local pickup available in Central Florida or ships with tracking.",5.72,USD,Movies & Entertainment,TRUE,TRUE,TRUE,1
,"A Man Apart (DVD, 2003)",Default,EB-205419966372,"A Man Apart (DVD, 2003). Category: Movies & Entertainment. Sold by OnlineRecycle — tested, described accurately. Local pickup available in Central Florida or ships with tracking.",3.50,USD,Movies & Entertainment,TRUE,TRUE,TRUE,1
,"Red Dragon (DVD, 2003, Full Frame Collectors Edition)",Default,EB-205419968487,"Red Dragon (DVD, 2003, Full Frame Collectors Edition). Category: Movies & Entertainment. Sold by OnlineRecycle — tested, described accurately. Local pickup available in Central Florida or ships with tracking.",4.86,USD,Movies & Entertainment,TRUE,TRUE,TRUE,1
,"The Butterfly Effect (DVD, 2004)",Default,EB-205419983724,"The Butterfly Effect (DVD, 2004). Category: Movies & Entertainment. Sold by OnlineRecycle — tested, described accurately. Local pickup available in Central Florida or ships with tracking.",5.89,USD,Movies & Entertainment,TRUE,TRUE,TRUE,1
,"In Too Deep (DVD, 1999)",Default,EB-205419990935,"In Too Deep (DVD, 1999). Category: Movies & Entertainment. Sold by OnlineRecycle — tested, described accurately. Local pickup available in Central Florida or ships with tracking.",6.00,USD,Movies & Entertainment,TRUE,TRUE,TRUE,1
,"Pirates of the Caribbean: The Curse of the Black Pearl (DVD, 2003)",Default,EB-205420150324,"Pirates of the Caribbean: The Curse of the Black Pearl (DVD, 2003). Category: Movies & Entertainment. Sold by OnlineRecycle — tested, described accurately. Local pickup available in Central Florida or ships with tracking.",4.59,USD,Movies & Entertainment,TRUE,TRUE,TRUE,1
,"The 40 Year Old Virgin (Unrated) (DVD, 2005)",Default,EB-205420152555,"The 40 Year Old Virgin (Unrated) (DVD, 2005). Category: Movies & Entertainment. Sold by OnlineRecycle — tested, described accurately. Local pickup available in Central Florida or ships with tracking.",4.47,USD,Movies & Entertainment,TRUE,TRUE,TRUE,1
,"The Day after Tomorrow (DVD, 2004)",Default,EB-205420171237,"The Day after Tomorrow (DVD, 2004). Category: Movies & Entertainment. Sold by OnlineRecycle — tested, described accurately. Local pickup available in Central Florida or ships with tracking.",3.99,USD,Movies & Entertainment,TRUE,TRUE,TRUE,1
,"Rent (DVD, 2005)",Default,EB-205420180257,"Rent (DVD, 2005). Category: Movies & Entertainment. Sold by OnlineRecycle — tested, described accurately. Local pickup available in Central Florida or ships with tracking.",3.99,USD,Movies & Entertainment,TRUE,TRUE,TRUE,1
,"40 Days and 40 Nights (DVD, 2002)",Default,EB-205420182915,"40 Days and 40 Nights (DVD, 2002). Category: Movies & Entertainment. Sold by OnlineRecycle — tested, described accurately. Local pickup available in Central Florida or ships with tracking.",4.65,USD,Movies & Entertainment,TRUE,TRUE,TRUE,1
,"Theres Something About Mary (DVD, 2006)",Default,EB-205420185585,"Theres Something About Mary (DVD, 2006). Category: Movies & Entertainment. Sold by OnlineRecycle — tested, described accurately. Local pickup available in Central Florida or ships with tracking.",3.63,USD,Movies & Entertainment,TRUE,TRUE,TRUE,1
,"Money Talks (DVD, 1997)",Default,EB-205420186392,"Money Talks (DVD, 1997). Category: Movies & Entertainment. Sold by OnlineRecycle — tested, described accurately. Local pickup available in Central Florida or ships with tracking.",4.56,USD,Movies & Entertainment,TRUE,TRUE,TRUE,1
,"Horrible Bosses (DVD, 2011)",Default,EB-205420188668,"Horrible Bosses (DVD, 2011). Category: Movies & Entertainment. Sold by OnlineRecycle — tested, described accurately. Local pickup available in Central Florida or ships with tracking.",3.00,USD,Movies & Entertainment,TRUE,TRUE,TRUE,1
,"Along Came Polly (DVD, 2004, Widescreen Edition)",Default,EB-205420190496,"Along Came Polly (DVD, 2004, Widescreen Edition). Category: Movies & Entertainment. Sold by OnlineRecycle — tested, described accurately. Local pickup available in Central Florida or ships with tracking.",1.00,USD,Movies & Entertainment,TRUE,TRUE,TRUE,1
,"Katt Williams, The Pimp Chronicles Part 1",Default,EB-205420193440,"Katt Williams, The Pimp Chronicles Part 1. Category: Movies & Entertainment. Sold by OnlineRecycle — tested, described accurately. Local pickup available in Central Florida or ships with tracking.",8.99,USD,Movies & Entertainment,TRUE,TRUE,TRUE,1
,"The Exorcism of Emily Rose (DVD, 2005)",Default,EB-205420194573,"The Exorcism of Emily Rose (DVD, 2005). Category: Movies & Entertainment. Sold by OnlineRecycle — tested, described accurately. Local pickup available in Central Florida or ships with tracking.",5.09,USD,Movies & Entertainment,TRUE,TRUE,TRUE,1
,"Take the Lead (DVD, 2006)",Default,EB-205420202580,"Take the Lead (DVD, 2006). Category: Movies & Entertainment. Sold by OnlineRecycle — tested, described accurately. Local pickup available in Central Florida or ships with tracking.",1.00,USD,Movies & Entertainment,TRUE,TRUE,TRUE,1
,"Van Helsing (DVD, 2004)",Default,EB-205420206122,"Van Helsing (DVD, 2004). Category: Movies & Entertainment. Sold by OnlineRecycle — tested, described accurately. Local pickup available in Central Florida or ships with tracking.",5.50,USD,Movies & Entertainment,TRUE,TRUE,TRUE,1
,"Dodgeball: A True Underdog Story (DVD, 2004, Full Frame)",Default,EB-205420208221,"Dodgeball: A True Underdog Story (DVD, 2004, Full Frame). Category: Movies & Entertainment. Sold by OnlineRecycle — tested, described accurately. Local pickup available in Central Florida or ships with tracking.",4.95,USD,Movies & Entertainment,TRUE,TRUE,TRUE,1
,"Mr. Deeds (DVD, 2002, Special Edition - Full Screen)",Default,EB-205420210062,"Mr. Deeds (DVD, 2002, Special Edition - Full Screen). Category: Movies & Entertainment. Sold by OnlineRecycle — tested, described accurately. Local pickup available in Central Florida or ships with tracking.",3.77,USD,Movies & Entertainment,TRUE,TRUE,TRUE,1
,I Could Never Be Your Woman (DVD) (Blockbuster Exclusive) (W/Case),Default,EB-205420218499,"I Could Never Be Your Woman (DVD) (Blockbuster Exclusive) (W/Case). Category: Movies & Entertainment. Sold by OnlineRecycle — tested, described accurately. Local pickup available in Central Florida or ships with tracking.",4.90,USD,Movies & Entertainment,TRUE,TRUE,TRUE,1
,"Joyful Noise (DVD, 2012)",Default,EB-205420221475,"Joyful Noise (DVD, 2012). Category: Movies & Entertainment. Sold by OnlineRecycle — tested, described accurately. Local pickup available in Central Florida or ships with tracking.",3.77,USD,Movies & Entertainment,TRUE,TRUE,TRUE,1
,"Tristan & Isolde (DVD, 2006)",Default,EB-205420225901,"Tristan & Isolde (DVD, 2006). Category: Movies & Entertainment. Sold by OnlineRecycle — tested, described accurately. Local pickup available in Central Florida or ships with tracking.",11.24,USD,Movies & Entertainment,TRUE,TRUE,TRUE,1
,"Running Scared (2006) (DVD, 2006)",Default,EB-205420232123,"Running Scared (2006) (DVD, 2006). Category: Movies & Entertainment. Sold by OnlineRecycle — tested, described accurately. Local pickup available in Central Florida or ships with tracking.",6.62,USD,Movies & Entertainment,TRUE,TRUE,TRUE,1
,"Doom (DVD, 2006)",Default,EB-205420237844,"Doom (DVD, 2006). Category: Movies & Entertainment. Sold by OnlineRecycle — tested, described accurately. Local pickup available in Central Florida or ships with tracking.",1.00,USD,Movies & Entertainment,TRUE,TRUE,TRUE,1
,"The Water Horse: Legend of the Deep (DVD, 2007)",Default,EB-205420241045,"The Water Horse: Legend of the Deep (DVD, 2007). Category: Movies & Entertainment. Sold by OnlineRecycle — tested, described accurately. Local pickup available in Central Florida or ships with tracking.",4.09,USD,Movies & Entertainment,TRUE,TRUE,TRUE,1
,"Hostel (DVD, 2006, Unrated Edition)",Default,EB-205420244539,"Hostel (DVD, 2006, Unrated Edition). Category: Movies & Entertainment. Sold by OnlineRecycle — tested, described accurately. Local pickup available in Central Florida or ships with tracking.",3.17,USD,Movies & Entertainment,TRUE,TRUE,TRUE,1
,"Empire (DVD, 2002)",Default,EB-205420246788,"Empire (DVD, 2002). Category: Movies & Entertainment. Sold by OnlineRecycle — tested, described accurately. Local pickup available in Central Florida or ships with tracking.",10.50,USD,Movies & Entertainment,TRUE,TRUE,TRUE,1
,"Snatch (DVD, 2000)",Default,EB-205420248555,"Snatch (DVD, 2000). Category: Movies & Entertainment. Sold by OnlineRecycle — tested, described accurately. Local pickup available in Central Florida or ships with tracking.",4.60,USD,Movies & Entertainment,TRUE,TRUE,TRUE,1
,"Derailed (DVD, 2006, Unrated Version: Widescreen)",Default,EB-205420251397,"Derailed (DVD, 2006, Unrated Version: Widescreen). Category: Movies & Entertainment. Sold by OnlineRecycle — tested, described accurately. Local pickup available in Central Florida or ships with tracking.",22.00,USD,Movies & Entertainment,TRUE,TRUE,TRUE,1
,"Juice (DVD, 2001, Checkpoint)",Default,EB-205420252735,"Juice (DVD, 2001, Checkpoint). Category: Movies & Entertainment. Sold by OnlineRecycle — tested, described accurately. Local pickup available in Central Florida or ships with tracking.",7.49,USD,Movies & Entertainment,TRUE,TRUE,TRUE,1
,"Meet the Fockers (DVD, 2004)",Default,EB-205420254395,"Meet the Fockers (DVD, 2004). Category: Movies & Entertainment. Sold by OnlineRecycle — tested, described accurately. Local pickup available in Central Florida or ships with tracking.",2.48,USD,Movies & Entertainment,TRUE,TRUE,TRUE,1
,"Unleashed (DVD, 2005)",Default,EB-205420257738,"Unleashed (DVD, 2005). Category: Movies & Entertainment. Sold by OnlineRecycle — tested, described accurately. Local pickup available in Central Florida or ships with tracking.",5.57,USD,Movies & Entertainment,TRUE,TRUE,TRUE,1
,"Enemy of the State (DVD, 1998)",Default,EB-205420259527,"Enemy of the State (DVD, 1998). Category: Movies & Entertainment. Sold by OnlineRecycle — tested, described accurately. Local pickup available in Central Florida or ships with tracking.",3.77,USD,Movies & Entertainment,TRUE,TRUE,TRUE,1
,Stay (Widescreen DVD),Default,EB-205420265269,"Stay (Widescreen DVD). Category: Movies & Entertainment. Sold by OnlineRecycle — tested, described accurately. Local pickup available in Central Florida or ships with tracking.",7.50,USD,Movies & Entertainment,TRUE,TRUE,TRUE,1
,"FogThe (DVD, 2006, Full Frame Edition)",Default,EB-205423077016,"FogThe (DVD, 2006, Full Frame Edition). Category: Movies & Entertainment. Sold by OnlineRecycle — tested, described accurately. Local pickup available in Central Florida or ships with tracking.",4.97,USD,Movies & Entertainment,TRUE,TRUE,TRUE,1
,"16 Blocks (DVD, 2006, Widescreen)",Default,EB-205423079350,"16 Blocks (DVD, 2006, Widescreen). Category: Movies & Entertainment. Sold by OnlineRecycle — tested, described accurately. Local pickup available in Central Florida or ships with tracking.",2.40,USD,Movies & Entertainment,TRUE,TRUE,TRUE,1
,"Walking Tall (DVD, 2004)",Default,EB-205423080746,"Walking Tall (DVD, 2004). Category: Movies & Entertainment. Sold by OnlineRecycle — tested, described accurately. Local pickup available in Central Florida or ships with tracking.",2.85,USD,Movies & Entertainment,TRUE,TRUE,TRUE,1
,"Kingdom of Heaven (DVD, 2005, Full Frame Lenticular)",Default,EB-205423088850,"Kingdom of Heaven (DVD, 2005, Full Frame Lenticular). Category: Movies & Entertainment. Sold by OnlineRecycle — tested, described accurately. Local pickup available in Central Florida or ships with tracking.",4.31,USD,Movies & Entertainment,TRUE,TRUE,TRUE,1
,"Jumper (DVD, 2008)",Default,EB-205423091652,"Jumper (DVD, 2008). Category: Movies & Entertainment. Sold by OnlineRecycle — tested, described accurately. Local pickup available in Central Florida or ships with tracking.",2.87,USD,Movies & Entertainment,TRUE,TRUE,TRUE,1
,"The Texas Chainsaw Massacre: the Beginning (DVD, 2006)",Default,EB-205423092669,"The Texas Chainsaw Massacre: the Beginning (DVD, 2006). Category: Movies & Entertainment. Sold by OnlineRecycle — tested, described accurately. Local pickup available in Central Florida or ships with tracking.",3.50,USD,Movies & Entertainment,TRUE,TRUE,TRUE,1
,"Saturday Night Live - The Best of Will Ferrell (DVD, 2003)",Default,EB-205423093085,"Saturday Night Live - The Best of Will Ferrell (DVD, 2003). Category: Movies & Entertainment. Sold by OnlineRecycle — tested, described accurately. Local pickup available in Central Florida or ships with tracking.",1.00,USD,Movies & Entertainment,TRUE,TRUE,TRUE,1
,"Big Hit (DVD, 1998)",Default,EB-205423094155,"Big Hit (DVD, 1998). Category: Movies & Entertainment. Sold by OnlineRecycle — tested, described accurately. Local pickup available in Central Florida or ships with tracking.",3.49,USD,Movies & Entertainment,TRUE,TRUE,TRUE,1
,"Just Friends (DVD, 2005)",Default,EB-205423095550,"Just Friends (DVD, 2005). Category: Movies & Entertainment. Sold by OnlineRecycle — tested, described accurately. Local pickup available in Central Florida or ships with tracking.",3.03,USD,Movies & Entertainment,TRUE,TRUE,TRUE,1
,"I Now Pronounce You Chuck & Larry (DVD, 2007)",Default,EB-205423096232,"I Now Pronounce You Chuck & Larry (DVD, 2007). Category: Movies & Entertainment. Sold by OnlineRecycle — tested, described accurately. Local pickup available in Central Florida or ships with tracking.",1.99,USD,Movies & Entertainment,TRUE,TRUE,TRUE,1
,"Fun with Dick and Jane (DVD, 2006)",Default,EB-205423097158,"Fun with Dick and Jane (DVD, 2006). Category: Movies & Entertainment. Sold by OnlineRecycle — tested, described accurately. Local pickup available in Central Florida or ships with tracking.",2.51,USD,Movies & Entertainment,TRUE,TRUE,TRUE,1
,"Wedding Crashers (DVD, 2006, Full Frame Unrated)",Default,EB-205423098263,"Wedding Crashers (DVD, 2006, Full Frame Unrated). Category: Movies & Entertainment. Sold by OnlineRecycle — tested, described accurately. Local pickup available in Central Florida or ships with tracking.",1.00,USD,Movies & Entertainment,TRUE,TRUE,TRUE,1
,"Man (DVD, 2005)",Default,EB-205423099112,"Man (DVD, 2005). Category: Movies & Entertainment. Sold by OnlineRecycle — tested, described accurately. Local pickup available in Central Florida or ships with tracking.",3.50,USD,Movies & Entertainment,TRUE,TRUE,TRUE,1
,"Three Kings (DVD, 1999)",Default,EB-205423100243,"Three Kings (DVD, 1999). Category: Movies & Entertainment. Sold by OnlineRecycle — tested, described accurately. Local pickup available in Central Florida or ships with tracking.",5.69,USD,Movies & Entertainment,TRUE,TRUE,TRUE,1
,"Freddy Vs Jason (DVD, 2003)",Default,EB-205423103632,"Freddy Vs Jason (DVD, 2003). Category: Movies & Entertainment. Sold by OnlineRecycle — tested, described accurately. Local pickup available in Central Florida or ships with tracking.",4.13,USD,Movies & Entertainment,TRUE,TRUE,TRUE,1
,"Black Hawk Down (DVD, 2001)",Default,EB-205423104992,"Black Hawk Down (DVD, 2001). Category: Movies & Entertainment. Sold by OnlineRecycle — tested, described accurately. Local pickup available in Central Florida or ships with tracking.",2.72,USD,Movies & Entertainment,TRUE,TRUE,TRUE,1
,"The Notebook (DVD, 2004)",Default,EB-205423106224,"The Notebook (DVD, 2004). Category: Movies & Entertainment. Sold by OnlineRecycle — tested, described accurately. Local pickup available in Central Florida or ships with tracking.",2.20,USD,Movies & Entertainment,TRUE,TRUE,TRUE,1
,Abraham Lincoln: Vampire Hunter (Blu-ray),Default,EB-205423109300,"Abraham Lincoln: Vampire Hunter (Blu-ray). Category: Movies & Entertainment. Sold by OnlineRecycle — tested, described accurately. Local pickup available in Central Florida or ships with tracking.",4.87,USD,Movies & Entertainment,TRUE,TRUE,TRUE,1
,"Glory Road (DVD, 2006)",Default,EB-205423112913,"Glory Road (DVD, 2006). Category: Movies & Entertainment. Sold by OnlineRecycle — tested, described accurately. Local pickup available in Central Florida or ships with tracking.",3.98,USD,Movies & Entertainment,TRUE,TRUE,TRUE,1
,"Paparazzi (DVD, 2004)",Default,EB-205423115545,"Paparazzi (DVD, 2004). Category: Movies & Entertainment. Sold by OnlineRecycle — tested, described accurately. Local pickup available in Central Florida or ships with tracking.",3.43,USD,Movies & Entertainment,TRUE,TRUE,TRUE,1
,"Behind Enemy Lines (DVD, 2001)",Default,EB-205423118666,"Behind Enemy Lines (DVD, 2001). Category: Movies & Entertainment. Sold by OnlineRecycle — tested, described accurately. Local pickup available in Central Florida or ships with tracking.",2.95,USD,Movies & Entertainment,TRUE,TRUE,TRUE,1
,"The Patriot (DVD, 2000)",Default,EB-205423119051,"The Patriot (DVD, 2000). Category: Movies & Entertainment. Sold by OnlineRecycle — tested, described accurately. Local pickup available in Central Florida or ships with tracking.",2.80,USD,Movies & Entertainment,TRUE,TRUE,TRUE,1
,"Walk the Line (DVD, 2006, Full Frame)",Default,EB-205423119688,"Walk the Line (DVD, 2006, Full Frame). Category: Movies & Entertainment. Sold by OnlineRecycle — tested, described accurately. Local pickup available in Central Florida or ships with tracking.",2.51,USD,Movies & Entertainment,TRUE,TRUE,TRUE,1
,"Underworld: Evolution (DVD, 2006)",Default,EB-205423120218,"Underworld: Evolution (DVD, 2006). Category: Movies & Entertainment. Sold by OnlineRecycle — tested, described accurately. Local pickup available in Central Florida or ships with tracking.",1.00,USD,Movies & Entertainment,TRUE,TRUE,TRUE,1
,"Jarhead (DVD, 2005)",Default,EB-205423121099,"Jarhead (DVD, 2005). Category: Movies & Entertainment. Sold by OnlineRecycle — tested, described accurately. Local pickup available in Central Florida or ships with tracking.",2.10,USD,Movies & Entertainment,TRUE,TRUE,TRUE,1
,"The Italian Job (DVD, 2003)",Default,EB-205423121759,"The Italian Job (DVD, 2003). Category: Movies & Entertainment. Sold by OnlineRecycle — tested, described accurately. Local pickup available in Central Florida or ships with tracking.",1.00,USD,Movies & Entertainment,TRUE,TRUE,TRUE,1
,"First Sunday (DVD, 2008)",Default,EB-205423124246,"First Sunday (DVD, 2008). Category: Movies & Entertainment. Sold by OnlineRecycle — tested, described accurately. Local pickup available in Central Florida or ships with tracking.",6.78,USD,Movies & Entertainment,TRUE,TRUE,TRUE,1
,Tears of the Sun,Default,EB-205423131035,"Tears of the Sun. Category: Movies & Entertainment. Sold by OnlineRecycle — tested, described accurately. Local pickup available in Central Florida or ships with tracking.",2.61,USD,Movies & Entertainment,TRUE,TRUE,TRUE,1
,"Resident Evil (DVD, 2002, Special Edition)",Default,EB-205423131480,"Resident Evil (DVD, 2002, Special Edition). Category: Movies & Entertainment. Sold by OnlineRecycle — tested, described accurately. Local pickup available in Central Florida or ships with tracking.",1.00,USD,Movies & Entertainment,TRUE,TRUE,TRUE,1
,He Came Back for Me : A Journey to Restoration by Andrea Krazeise Signed,Default,EB-205423434218,"He Came Back for Me : A Journey to Restoration by Andrea Krazeise Signed. Category: Books. Sold by OnlineRecycle — tested, described accurately. Local pickup available in Central Florida or ships with tracking.",24.99,USD,Books,TRUE,TRUE,TRUE,1
,"To Kill a Mockingbird by Harper Lee (1988, Mass Market) Paper Back Book",Default,EB-205423444034,"To Kill a Mockingbird by Harper Lee (1988, Mass Market) Paper Back Book. Category: Books. Sold by OnlineRecycle — tested, described accurately. Local pickup available in Central Florida or ships with tracking.",3.36,USD,Books,TRUE,TRUE,TRUE,1
,Shoe Repairing by Henry Karg (Trade Hard Cover) 1975 Needs Cleaned,Default,EB-205423448885,"Shoe Repairing by Henry Karg (Trade Hard Cover) 1975 Needs Cleaned. Category: Books. Sold by OnlineRecycle — tested, described accurately. Local pickup available in Central Florida or ships with tracking.",49.00,USD,Books,TRUE,TRUE,TRUE,1
,"Parenting from the Tree of Life by Gary and Ann Marie Ezzo Part #2, 3 DVDs",Default,EB-205423457429,"Parenting from the Tree of Life by Gary and Ann Marie Ezzo Part #2, 3 DVDs. Category: Movies & Entertainment. Sold by OnlineRecycle — tested, described accurately. Local pickup available in Central Florida or ships with tracking.",34.99,USD,Movies & Entertainment,TRUE,TRUE,TRUE,1
,"Holy Bible by Not Available (2002, Hardcover)",Default,EB-205423461805,"Holy Bible by Not Available (2002, Hardcover). Category: Books. Sold by OnlineRecycle — tested, described accurately. Local pickup available in Central Florida or ships with tracking.",6.37,USD,Books,TRUE,TRUE,TRUE,1
,Ceramic Tile Cutter And Boarer,Default,EB-205423502624,"Ceramic Tile Cutter And Boarer. Category: Collectibles & Antiques. Sold by OnlineRecycle — tested, described accurately. Local pickup available in Central Florida or ships with tracking.",15.99,USD,Collectibles & Antiques,TRUE,TRUE,TRUE,1
,Vintage The Wonderful World Of Peanuts by Charles Schultz (1952),Default,EB-205423517703,"Vintage The Wonderful World Of Peanuts by Charles Schultz (1952). Category: Collectibles & Antiques. Sold by OnlineRecycle — tested, described accurately. Local pickup available in Central Florida or ships with tracking.",19.99,USD,Collectibles & Antiques,TRUE,TRUE,TRUE,1
,"It's for You, Snoopy By Charles M Schulz - Peanuts Comics - 1971",Default,EB-205423521514,"It's for You, Snoopy By Charles M Schulz - Peanuts Comics - 1971. Category: Books. Sold by OnlineRecycle — tested, described accurately. Local pickup available in Central Florida or ships with tracking.",9.50,USD,Books,TRUE,TRUE,TRUE,1
,"Vintage Collectible 1960 Book ""SLIDE CHARLIE BROWN SLIDE"" by Charles Schulz",Default,EB-205423549064,"Vintage Collectible 1960 Book ""SLIDE CHARLIE BROWN SLIDE"" by Charles Schulz. Category: Collectibles & Antiques. Sold by OnlineRecycle — tested, described accurately. Local pickup available in Central Florida or ships with tracking.",19.99,USD,Collectibles & Antiques,TRUE,TRUE,TRUE,1
,A Chlidren's Book About Disobeying By Joy Berry Help Me Be Good 1988,Default,EB-205423554561,"A Chlidren's Book About Disobeying By Joy Berry Help Me Be Good 1988. Category: Collectibles & Antiques. Sold by OnlineRecycle — tested, described accurately. Local pickup available in Central Florida or ships with tracking.",9.99,USD,Collectibles & Antiques,TRUE,TRUE,TRUE,1
,"Choose Your Own ""Help Me Be Good"" Books by Joy Berry Vintage 1988 HC Illustrated",Default,EB-205423569134,"Choose Your Own ""Help Me Be Good"" Books by Joy Berry Vintage 1988 HC Illustrated. Category: Collectibles & Antiques. Sold by OnlineRecycle — tested, described accurately. Local pickup available in Central Florida or ships with tracking.",4.99,USD,Collectibles & Antiques,TRUE,TRUE,TRUE,1
,BREAKING PROMISES BY JOY BERRY,Default,EB-205423587005,"BREAKING PROMISES BY JOY BERRY. Category: Collectibles & Antiques. Sold by OnlineRecycle — tested, described accurately. Local pickup available in Central Florida or ships with tracking.",14.99,USD,Collectibles & Antiques,TRUE,TRUE,TRUE,1
,"A Children's Book About ""GOSSIPING"" By Joy Berry Vintage Hardcover 1988",Default,EB-205423594400,"A Children's Book About ""GOSSIPING"" By Joy Berry Vintage Hardcover 1988. Category: Collectibles & Antiques. Sold by OnlineRecycle — tested, described accurately. Local pickup available in Central Florida or ships with tracking.",19.99,USD,Collectibles & Antiques,TRUE,TRUE,TRUE,1
,Book about Being Selfish by Joy Wilt Berry (Hardcover) 1988 Vintage Like New,Default,EB-205423599725,"Book about Being Selfish by Joy Wilt Berry (Hardcover) 1988 Vintage Like New. Category: Books. Sold by OnlineRecycle — tested, described accurately. Local pickup available in Central Florida or ships with tracking.",14.99,USD,Books,TRUE,TRUE,TRUE,1
,"Just Me and My Mom (Little Critter) by Mercer Mayer (2001, Trade Paperback)",Default,EB-205423613667,"Just Me and My Mom (Little Critter) by Mercer Mayer (2001, Trade Paperback). Category: Books. Sold by OnlineRecycle — tested, described accurately. Local pickup available in Central Florida or ships with tracking.",2.86,USD,Books,TRUE,TRUE,TRUE,1
,"1001 Humorous Illustrations for Public Speaking : Fresh, Timely, and Compelling",Default,EB-205423618752,"1001 Humorous Illustrations for Public Speaking : Fresh, Timely, and Compelling. Category: Books. Sold by OnlineRecycle — tested, described accurately. Local pickup available in Central Florida or ships with tracking.",4.49,USD,Books,TRUE,TRUE,TRUE,1
,Diary Of A Wimpy Kid The Meltdown (Book 13) - Paperback - ACCEPTABLE,Default,EB-205423620462,"Diary Of A Wimpy Kid The Meltdown (Book 13) - Paperback - ACCEPTABLE. Category: Collectibles & Antiques. Sold by OnlineRecycle — tested, described accurately. Local pickup available in Central Florida or ships with tracking.",3.89,USD,Collectibles & Antiques,TRUE,TRUE,TRUE,1
,Getting to Yes : Negotiating Agreement Without Giving In Second Edition Like New,Default,EB-205423635794,"Getting to Yes : Negotiating Agreement Without Giving In Second Edition Like New. Category: Collectibles & Antiques. Sold by OnlineRecycle — tested, described accurately. Local pickup available in Central Florida or ships with tracking.",9.99,USD,Collectibles & Antiques,TRUE,TRUE,TRUE,1
,Celebrate Recovery Ser.: Stepping Out of Denial into God's Grace Like New,Default,EB-205423637391,"Celebrate Recovery Ser.: Stepping Out of Denial into God's Grace Like New. Category: Books. Sold by OnlineRecycle — tested, described accurately. Local pickup available in Central Florida or ships with tracking.",12.15,USD,Books,TRUE,TRUE,TRUE,1
,"The New Strong-Willed Child - Hardcover By Dobson, James - GOOD",Default,EB-205423642190,"The New Strong-Willed Child - Hardcover By Dobson, James - GOOD. Category: Collectibles & Antiques. Sold by OnlineRecycle — tested, described accurately. Local pickup available in Central Florida or ships with tracking.",3.82,USD,Collectibles & Antiques,TRUE,TRUE,TRUE,1
,"Supernanny : How to Get the Best from Your Children by Jo Frost (2005, Trade...",Default,EB-205423644061,"Supernanny : How to Get the Best from Your Children by Jo Frost (2005, Trade.... Category: Books. Sold by OnlineRecycle — tested, described accurately. Local pickup available in Central Florida or ships with tracking.",5.00,USD,Books,TRUE,TRUE,TRUE,1
,Dragon NaturallySpeaking For Dummies by Kay David C.|Muder Doug,Default,EB-205423681390,"Dragon NaturallySpeaking For Dummies by Kay David C.|Muder Doug. Category: General Merchandise. Sold by OnlineRecycle — tested, described accurately. Local pickup available in Central Florida or ships with tracking.",14.99,USD,General Merchandise,TRUE,TRUE,TRUE,1
,Play and Learn More than 300 Engaging and Educational Activities from Birth to 8,Default,EB-205423686922,"Play and Learn More than 300 Engaging and Educational Activities from Birth to 8. Category: Books. Sold by OnlineRecycle — tested, described accurately. Local pickup available in Central Florida or ships with tracking.",4.99,USD,Books,TRUE,TRUE,TRUE,1
,Creating Web Pages : All-in-One Desk Reference For Dummies With CD Rom Disk!!,Default,EB-205423716730,"Creating Web Pages : All-in-One Desk Reference For Dummies With CD Rom Disk!!. Category: Books. Sold by OnlineRecycle — tested, described accurately. Local pickup available in Central Florida or ships with tracking.",24.99,USD,Books,TRUE,TRUE,TRUE,1
,"Mr. Modem's Internet Guide for Seniors by Richard Sherman (1999, Trade...",Default,EB-205423728889,"Mr. Modem's Internet Guide for Seniors by Richard Sherman (1999, Trade.... Category: Books. Sold by OnlineRecycle — tested, described accurately. Local pickup available in Central Florida or ships with tracking.",5.00,USD,Books,TRUE,TRUE,TRUE,1
,Adobe Photoshop CS2 User Guide,Default,EB-205423734868,"Adobe Photoshop CS2 User Guide. Category: Collectibles & Antiques. Sold by OnlineRecycle — tested, described accurately. Local pickup available in Central Florida or ships with tracking.",5.30,USD,Collectibles & Antiques,TRUE,TRUE,TRUE,1
,"Rodrick Rules (Diary of a Wimpy Kid #2) by Jeff Kinney (2008, Hardcover)",Default,EB-205423755494,"Rodrick Rules (Diary of a Wimpy Kid #2) by Jeff Kinney (2008, Hardcover). Category: Books. Sold by OnlineRecycle — tested, described accurately. Local pickup available in Central Florida or ships with tracking.",7.00,USD,Books,TRUE,TRUE,TRUE,1
,"Boundaries : When to Say Yes, How to Say No, to Take Control of Your Life",Default,EB-205423776578,"Boundaries : When to Say Yes, How to Say No, to Take Control of Your Life. Category: Books. Sold by OnlineRecycle — tested, described accurately. Local pickup available in Central Florida or ships with tracking.",4.65,USD,Books,TRUE,TRUE,TRUE,1
,The Boy Scout Handbook 12th Edition 2009 Spiral No Writing In Book,Default,EB-205423786340,"The Boy Scout Handbook 12th Edition 2009 Spiral No Writing In Book. Category: Collectibles & Antiques. Sold by OnlineRecycle — tested, described accurately. Local pickup available in Central Florida or ships with tracking.",21.25,USD,Collectibles & Antiques,TRUE,TRUE,TRUE,1
,no.32024 Great Lite Flash Light Great Neck Vintage Working Aluminum Torch Blue,Default,EB-205423940257,"no.32024 Great Lite Flash Light Great Neck Vintage Working Aluminum Torch Blue. Category: Collectibles & Antiques. Sold by OnlineRecycle — tested, described accurately. Local pickup available in Central Florida or ships with tracking.",20.00,USD,Collectibles & Antiques,TRUE,TRUE,TRUE,1
,Junior Carols: A Collection of Sacred Songs for Junior Societies 1906 HC Vtg,Default,EB-205423955905,"Junior Carols: A Collection of Sacred Songs for Junior Societies 1906 HC Vtg. Category: Collectibles & Antiques. Sold by OnlineRecycle — tested, described accurately. Local pickup available in Central Florida or ships with tracking.",39.99,USD,Collectibles & Antiques,TRUE,TRUE,TRUE,1
,"Falling Up by Shel Silverstein (2006, Hardcover)",Default,EB-205423963913,"Falling Up by Shel Silverstein (2006, Hardcover). Category: Books. Sold by OnlineRecycle — tested, described accurately. Local pickup available in Central Florida or ships with tracking.",3.76,USD,Books,TRUE,TRUE,TRUE,1
,Happy Birthday Moon Frank Asch 1982,Default,EB-205423977781,"Happy Birthday Moon Frank Asch 1982. Category: Collectibles & Antiques. Sold by OnlineRecycle — tested, described accurately. Local pickup available in Central Florida or ships with tracking.",9.00,USD,Collectibles & Antiques,TRUE,TRUE,TRUE,1
,Heaven Is for Real : A Little Boy's Astounding Story of His Trip to Heaven...,Default,EB-205423980531,"Heaven Is for Real : A Little Boy's Astounding Story of His Trip to Heaven.... Category: Books. Sold by OnlineRecycle — tested, described accurately. Local pickup available in Central Florida or ships with tracking.",3.63,USD,Books,TRUE,TRUE,TRUE,1
,Blue Looks For Books Book 16 Blue’s Clues Discovery Series 2000 ISBN# 1579730825,Default,EB-205423995178,"Blue Looks For Books Book 16 Blue’s Clues Discovery Series 2000 ISBN# 1579730825. Category: Collectibles & Antiques. Sold by OnlineRecycle — tested, described accurately. Local pickup available in Central Florida or ships with tracking.",3.78,USD,Collectibles & Antiques,TRUE,TRUE,TRUE,1
,"What Are You So Grumpy About? by Tom Lichtenheld (2003, Hardcover)",Default,EB-205424002558,"What Are You So Grumpy About? by Tom Lichtenheld (2003, Hardcover). Category: Books. Sold by OnlineRecycle — tested, described accurately. Local pickup available in Central Florida or ships with tracking.",3.51,USD,Books,TRUE,TRUE,TRUE,1
,"Jokelopedia : The Biggest, Best, Silliest, Dumbest Joke Book Ever 2cnd Edition",Default,EB-205424010460,"Jokelopedia : The Biggest, Best, Silliest, Dumbest Joke Book Ever 2cnd Edition. Category: Books. Sold by OnlineRecycle — tested, described accurately. Local pickup available in Central Florida or ships with tracking.",4.50,USD,Books,TRUE,TRUE,TRUE,1
,"Looking at Lincoln by Maira Kalman (2012, Hardcover)",Default,EB-205424017628,"Looking at Lincoln by Maira Kalman (2012, Hardcover). Category: Books. Sold by OnlineRecycle — tested, described accurately. Local pickup available in Central Florida or ships with tracking.",9.00,USD,Books,TRUE,TRUE,TRUE,1
,"Everything Origami by Matthew Gardiner (2009, Spiral)",Default,EB-205424023877,"Everything Origami by Matthew Gardiner (2009, Spiral). Category: Books. Sold by OnlineRecycle — tested, described accurately. Local pickup available in Central Florida or ships with tracking.",7.49,USD,Books,TRUE,TRUE,TRUE,1
,Anxiety and Phobia Workbook by Edmund J. Bourne 2005,Default,EB-205424032693,"Anxiety and Phobia Workbook by Edmund J. Bourne 2005. Category: Books. Sold by OnlineRecycle — tested, described accurately. Local pickup available in Central Florida or ships with tracking.",5.00,USD,Books,TRUE,TRUE,TRUE,1
,"GLOBAL ENVIRONMENT OF BUSINESS:The Legal, Judicial, Ethical, Economic Toledo",Default,EB-205424050975,"GLOBAL ENVIRONMENT OF BUSINESS:The Legal, Judicial, Ethical, Economic Toledo. Category: Collectibles & Antiques. Sold by OnlineRecycle — tested, described accurately. Local pickup available in Central Florida or ships with tracking.",9.77,USD,Collectibles & Antiques,TRUE,TRUE,TRUE,1
,5 Minute Bible Stories Paperback 12 Songs Included,Default,EB-205424076913,"5 Minute Bible Stories Paperback 12 Songs Included. Category: Collectibles & Antiques. Sold by OnlineRecycle — tested, described accurately. Local pickup available in Central Florida or ships with tracking.",4.25,USD,Collectibles & Antiques,TRUE,TRUE,TRUE,1
,Ripley's Special Edition 2016 (Ripley's Believe It Or Not Special Edition) [...,Default,EB-205424090775,"Ripley's Special Edition 2016 (Ripley's Believe It Or Not Special Edition) [.... Category: Collectibles & Antiques. Sold by OnlineRecycle — tested, described accurately. Local pickup available in Central Florida or ships with tracking.",13.48,USD,Collectibles & Antiques,TRUE,TRUE,TRUE,1
,"Beloved Psalms Coloring Book by Majestic Expressions (2021, Trade Paperback)",Default,EB-205424376984,"Beloved Psalms Coloring Book by Majestic Expressions (2021, Trade Paperback). Category: Books. Sold by OnlineRecycle — tested, described accurately. Local pickup available in Central Florida or ships with tracking.",9.86,USD,Books,TRUE,TRUE,TRUE,1
,Master-Key to Riches : The World-Famous Philosophy of Personal Achievement Based,Default,EB-205424391861,"Master-Key to Riches : The World-Famous Philosophy of Personal Achievement Based. Category: Books. Sold by OnlineRecycle — tested, described accurately. Local pickup available in Central Florida or ships with tracking.",6.75,USD,Books,TRUE,TRUE,TRUE,1
,Wrecking Ball (Diary of a Wimpy Kid 14) - Paperback By Jeff Kinney - GOOD,Default,EB-205424398711,"Wrecking Ball (Diary of a Wimpy Kid 14) - Paperback By Jeff Kinney - GOOD. Category: Collectibles & Antiques. Sold by OnlineRecycle — tested, described accurately. Local pickup available in Central Florida or ships with tracking.",3.39,USD,Collectibles & Antiques,TRUE,TRUE,TRUE,1
,"Heinerman's Encyclopedia of Healing Juices by John Heinerman (1994, Hardcover)",Default,EB-205424420756,"Heinerman's Encyclopedia of Healing Juices by John Heinerman (1994, Hardcover). Category: Books. Sold by OnlineRecycle — tested, described accurately. Local pickup available in Central Florida or ships with tracking.",19.00,USD,Books,TRUE,TRUE,TRUE,1
,"Mystery of the Radcliffe Riddle Signed by Taryn Souders (2023, Trade Paperback)",Default,EB-205424430097,"Mystery of the Radcliffe Riddle Signed by Taryn Souders (2023, Trade Paperback). Category: Books. Sold by OnlineRecycle — tested, described accurately. Local pickup available in Central Florida or ships with tracking.",29.99,USD,Books,TRUE,TRUE,TRUE,1
,"Littles Take a Trip by John Peterson (1993, Digest Paperback)",Default,EB-205424433661,"Littles Take a Trip by John Peterson (1993, Digest Paperback). Category: Books. Sold by OnlineRecycle — tested, described accurately. Local pickup available in Central Florida or ships with tracking.",9.00,USD,Books,TRUE,TRUE,TRUE,1
,Diary of a Wimpy Kid Book 15 The Deep End By Jeff Kinney Paperback Used,Default,EB-205424437709,"Diary of a Wimpy Kid Book 15 The Deep End By Jeff Kinney Paperback Used. Category: Collectibles & Antiques. Sold by OnlineRecycle — tested, described accurately. Local pickup available in Central Florida or ships with tracking.",3.75,USD,Collectibles & Antiques,TRUE,TRUE,TRUE,1
,101 silly summertime jokes,Default,EB-205424442296,"101 silly summertime jokes. Category: Collectibles & Antiques. Sold by OnlineRecycle — tested, described accurately. Local pickup available in Central Florida or ships with tracking.",3.44,USD,Collectibles & Antiques,TRUE,TRUE,TRUE,1
,Angry All the Time : An Emergency Guide to Anger Control by Ronald Potter-Efron,Default,EB-205424448766,"Angry All the Time : An Emergency Guide to Anger Control by Ronald Potter-Efron. Category: Books. Sold by OnlineRecycle — tested, described accurately. Local pickup available in Central Florida or ships with tracking.",4.56,USD,Books,TRUE,TRUE,TRUE,1
,Wimpy Kid Do-It-Yourself Book (Revised and Expanded Edition) Used,Default,EB-205424458419,"Wimpy Kid Do-It-Yourself Book (Revised and Expanded Edition) Used. Category: Books. Sold by OnlineRecycle — tested, described accurately. Local pickup available in Central Florida or ships with tracking.",1.00,USD,Books,TRUE,TRUE,TRUE,1
,Diary of a Wimpy Kid Big Shot (Paperback),Default,EB-205424462492,"Diary of a Wimpy Kid Big Shot (Paperback). Category: Collectibles & Antiques. Sold by OnlineRecycle — tested, described accurately. Local pickup available in Central Florida or ships with tracking.",3.49,USD,Collectibles & Antiques,TRUE,TRUE,TRUE,1
,"Comfort for the Wounded Spirit: A M..., Hammond, Ida Ma",Default,EB-205424467840,"Comfort for the Wounded Spirit: A M..., Hammond, Ida Ma. Category: Books. Sold by OnlineRecycle — tested, described accurately. Local pickup available in Central Florida or ships with tracking.",6.35,USD,Books,TRUE,TRUE,TRUE,1
,Movie Reader by Ben Harper (Trade Paperback),Default,EB-205424473472,"Movie Reader by Ben Harper (Trade Paperback). Category: Books. Sold by OnlineRecycle — tested, described accurately. Local pickup available in Central Florida or ships with tracking.",6.00,USD,Books,TRUE,TRUE,TRUE,1
,"Dr. Rosenfeld's Guide to Alternative Medicine : What Works, What Doesn't -...",Default,EB-205424527798,"Dr. Rosenfeld's Guide to Alternative Medicine : What Works, What Doesn't -.... Category: Books. Sold by OnlineRecycle — tested, described accurately. Local pickup available in Central Florida or ships with tracking.",4.99,USD,Books,TRUE,TRUE,TRUE,1
,HCSB Red-Letter Text Bible (Printed Hardcover) Red Letter Text Edition by Holman,Default,EB-205424530500,"HCSB Red-Letter Text Bible (Printed Hardcover) Red Letter Text Edition by Holman. Category: Books. Sold by OnlineRecycle — tested, described accurately. Local pickup available in Central Florida or ships with tracking.",6.35,USD,Books,TRUE,TRUE,TRUE,1
,Once a Catholic: Prominent Catholics and Ex-Catholics Discuss the Influen - GOOD,Default,EB-205424549843,"Once a Catholic: Prominent Catholics and Ex-Catholics Discuss the Influen - GOOD. Category: Collectibles & Antiques. Sold by OnlineRecycle — tested, described accurately. Local pickup available in Central Florida or ships with tracking.",1.00,USD,Collectibles & Antiques,TRUE,TRUE,TRUE,1
,"French Love Poems by New Directions (2016, Trade Paperback)",Default,EB-205424550692,"French Love Poems by New Directions (2016, Trade Paperback). Category: Books. Sold by OnlineRecycle — tested, described accurately. Local pickup available in Central Florida or ships with tracking.",2.81,USD,Books,TRUE,TRUE,TRUE,1
,Poonam's Pets By Andrew & Diana Davies Illustrated Hardcover Book 1990,Default,EB-205424557221,"Poonam's Pets By Andrew & Diana Davies Illustrated Hardcover Book 1990. Category: Books. Sold by OnlineRecycle — tested, described accurately. Local pickup available in Central Florida or ships with tracking.",3.97,USD,Books,TRUE,TRUE,TRUE,1
,"Prince Ivan and the Firebird by Bernard Lodge (1993, Hardcover)",Default,EB-205424577563,"Prince Ivan and the Firebird by Bernard Lodge (1993, Hardcover). Category: Books. Sold by OnlineRecycle — tested, described accurately. Local pickup available in Central Florida or ships with tracking.",19.00,USD,Books,TRUE,TRUE,TRUE,1
,Blackwood Farm: (Paranormal Romance) (The Vampire Chronicles) - Paperback - GOOD,Default,EB-205426723861,"Blackwood Farm: (Paranormal Romance) (The Vampire Chronicles) - Paperback - GOOD. Category: Collectibles & Antiques. Sold by OnlineRecycle — tested, described accurately. Local pickup available in Central Florida or ships with tracking.",4.05,USD,Collectibles & Antiques,TRUE,TRUE,TRUE,1
,portrait guide by Edna Bennett 1969 Vintage Rare,Default,EB-205426827977,"portrait guide by Edna Bennett 1969 Vintage Rare. Category: Collectibles & Antiques. Sold by OnlineRecycle — tested, described accurately. Local pickup available in Central Florida or ships with tracking.",19.00,USD,Collectibles & Antiques,TRUE,TRUE,TRUE,1
,Ghosts of Onyx by Eric S. Nylund (2007) Halo Xbox Game Book Paperback,Default,EB-205426835253,"Ghosts of Onyx by Eric S. Nylund (2007) Halo Xbox Game Book Paperback. Category: Books. Sold by OnlineRecycle — tested, described accurately. Local pickup available in Central Florida or ships with tracking.",4.68,USD,Books,TRUE,TRUE,TRUE,1
,"Appeal by John Grisham (2008, Mass Market)",Default,EB-205426849527,"Appeal by John Grisham (2008, Mass Market). Category: Books. Sold by OnlineRecycle — tested, described accurately. Local pickup available in Central Florida or ships with tracking.",3.38,USD,Books,TRUE,TRUE,TRUE,1
,"Taken : A Novel by Thomas H. Cook (2002, Mass Market)",Default,EB-205426853528,"Taken : A Novel by Thomas H. Cook (2002, Mass Market). Category: Books. Sold by OnlineRecycle — tested, described accurately. Local pickup available in Central Florida or ships with tracking.",3.84,USD,Books,TRUE,TRUE,TRUE,1
,"Saudis : Inside the Desert Kingdom by Sandra Mackey (1990, Mass Market)",Default,EB-205426856497,"Saudis : Inside the Desert Kingdom by Sandra Mackey (1990, Mass Market). Category: Books. Sold by OnlineRecycle — tested, described accurately. Local pickup available in Central Florida or ships with tracking.",4.83,USD,Books,TRUE,TRUE,TRUE,1
,"Walking, Talking, Debating and Arguing with God Selections on Overcoming Signed",Default,EB-205426870410,"Walking, Talking, Debating and Arguing with God Selections on Overcoming Signed. Category: Books. Sold by OnlineRecycle — tested, described accurately. Local pickup available in Central Florida or ships with tracking.",19.99,USD,Books,TRUE,TRUE,TRUE,1
,Reader's Digest - AMERICAN NATURE Our Intriguing Land and Wildlife 1997,Default,EB-205426890181,"Reader's Digest - AMERICAN NATURE Our Intriguing Land and Wildlife 1997. Category: Collectibles & Antiques. Sold by OnlineRecycle — tested, described accurately. Local pickup available in Central Florida or ships with tracking.",9.00,USD,Collectibles & Antiques,TRUE,TRUE,TRUE,1
,Management and Information Systems for the Information Age by Stephen Haag,Default,EB-205426902601,"Management and Information Systems for the Information Age by Stephen Haag. Category: Books. Sold by OnlineRecycle — tested, described accurately. Local pickup available in Central Florida or ships with tracking.",5.20,USD,Books,TRUE,TRUE,TRUE,1
,Stories from the Bible Vol. 2 : With Over 50 Flaps to Open by Tim Dowley 2007,Default,EB-205426907904,"Stories from the Bible Vol. 2 : With Over 50 Flaps to Open by Tim Dowley 2007. Category: Books. Sold by OnlineRecycle — tested, described accurately. Local pickup available in Central Florida or ships with tracking.",14.99,USD,Books,TRUE,TRUE,TRUE,1
,The Frog Princess Large Hardcover Book,Default,EB-205426913724,"The Frog Princess Large Hardcover Book. Category: Collectibles & Antiques. Sold by OnlineRecycle — tested, described accurately. Local pickup available in Central Florida or ships with tracking.",7.00,USD,Collectibles & Antiques,TRUE,TRUE,TRUE,1
,"Adobe Photoshop Lightroom 3 Book for Digital Photographers by Scott Kelby (2010,",Default,EB-205426920270,"Adobe Photoshop Lightroom 3 Book for Digital Photographers by Scott Kelby (2010,. Category: Books. Sold by OnlineRecycle — tested, described accurately. Local pickup available in Central Florida or ships with tracking.",4.24,USD,Books,TRUE,TRUE,TRUE,1
,Biology : Concepts and Connections (Mastering Package Component Item) Large HC,Default,EB-205426942820,"Biology : Concepts and Connections (Mastering Package Component Item) Large HC. Category: Collectibles & Antiques. Sold by OnlineRecycle — tested, described accurately. Local pickup available in Central Florida or ships with tracking.",6.25,USD,Collectibles & Antiques,TRUE,TRUE,TRUE,1
,New Catholic Version Holy Bible Imprimatur Francis Cardinal Spellman Douay Box,Default,EB-205426957543,"New Catholic Version Holy Bible Imprimatur Francis Cardinal Spellman Douay Box. Category: General Merchandise. Sold by OnlineRecycle — tested, described accurately. Local pickup available in Central Florida or ships with tracking.",18.75,USD,General Merchandise,TRUE,TRUE,TRUE,1
,Signing Illustrated The Complete Learning Guide by Mickey Flodin 2004 Paperback,Default,EB-205427074565,"Signing Illustrated The Complete Learning Guide by Mickey Flodin 2004 Paperback. Category: Books. Sold by OnlineRecycle — tested, described accurately. Local pickup available in Central Florida or ships with tracking.",5.58,USD,Books,TRUE,TRUE,TRUE,1
,AMERICAN COUNTRY SAMPLER - Barbara Briggs Morrow 1995 Vintage HC Book,Default,EB-205427079357,"AMERICAN COUNTRY SAMPLER - Barbara Briggs Morrow 1995 Vintage HC Book. Category: Collectibles & Antiques. Sold by OnlineRecycle — tested, described accurately. Local pickup available in Central Florida or ships with tracking.",9.00,USD,Collectibles & Antiques,TRUE,TRUE,TRUE,1
,Show Me the Numbers : Designing Tables and Graphs to Enlighten by Stephen Few HC,Default,EB-205427086398,"Show Me the Numbers : Designing Tables and Graphs to Enlighten by Stephen Few HC. Category: Books. Sold by OnlineRecycle — tested, described accurately. Local pickup available in Central Florida or ships with tracking.",5.19,USD,Books,TRUE,TRUE,TRUE,1
,John Avanzini Answers Your Questions about Biblical Economics,Default,EB-205427092823,"John Avanzini Answers Your Questions about Biblical Economics. Category: Books. Sold by OnlineRecycle — tested, described accurately. Local pickup available in Central Florida or ships with tracking.",5.00,USD,Books,TRUE,TRUE,TRUE,1
,Revised Korean Version |Vene&UVG UFELife S 2020104,Default,EB-205427098173,"Revised Korean Version |Vene&UVG UFELife S 2020104. Category: Collectibles & Antiques. Sold by OnlineRecycle — tested, described accurately. Local pickup available in Central Florida or ships with tracking.",12.99,USD,Collectibles & Antiques,TRUE,TRUE,TRUE,1
,"The Way, The Living Bible, illustrated",Default,EB-205427104256,"The Way, The Living Bible, illustrated. Category: Collectibles & Antiques. Sold by OnlineRecycle — tested, described accurately. Local pickup available in Central Florida or ships with tracking.",9.07,USD,Collectibles & Antiques,TRUE,TRUE,TRUE,1
,I Love Kittens - hardcover Scholastic,Default,EB-205427105600,"I Love Kittens - hardcover Scholastic. Category: Collectibles & Antiques. Sold by OnlineRecycle — tested, described accurately. Local pickup available in Central Florida or ships with tracking.",4.76,USD,Collectibles & Antiques,TRUE,TRUE,TRUE,1
,ELEVENTH HERE'S HOW By Eastman Kodak Editors,Default,EB-205427112902,"ELEVENTH HERE'S HOW By Eastman Kodak Editors. Category: Books. Sold by OnlineRecycle — tested, described accurately. Local pickup available in Central Florida or ships with tracking.",9.00,USD,Books,TRUE,TRUE,TRUE,1
,1986 Krşņa Balaram Swami Printed in Singapore Ekadasi The Day Of The Lord Hari,Default,EB-205427125769,"1986 Krşņa Balaram Swami Printed in Singapore Ekadasi The Day Of The Lord Hari. Category: Collectibles & Antiques. Sold by OnlineRecycle — tested, described accurately. Local pickup available in Central Florida or ships with tracking.",99.00,USD,Collectibles & Antiques,TRUE,TRUE,TRUE,1
,The ^Aoxford Picture Dictionary Program Ser.: English Korean Version,Default,EB-205427131159,"The ^Aoxford Picture Dictionary Program Ser.: English Korean Version. Category: General Merchandise. Sold by OnlineRecycle — tested, described accurately. Local pickup available in Central Florida or ships with tracking.",6.76,USD,General Merchandise,TRUE,TRUE,TRUE,1
,"Secret Gardens of France by Mirabel Osler 1993, Hardcover Vintage Book Rare",Default,EB-205427400169,"Secret Gardens of France by Mirabel Osler 1993, Hardcover Vintage Book Rare. Category: Collectibles & Antiques. Sold by OnlineRecycle — tested, described accurately. Local pickup available in Central Florida or ships with tracking.",8.39,USD,Collectibles & Antiques,TRUE,TRUE,TRUE,1
,iPhone 4 Survival Guide : Concise Step-by-Step User Manual for iPhone 4 - How to,Default,EB-205427402730,"iPhone 4 Survival Guide : Concise Step-by-Step User Manual for iPhone 4 - How to. Category: General Merchandise. Sold by OnlineRecycle — tested, described accurately. Local pickup available in Central Florida or ships with tracking.",49.99,USD,General Merchandise,TRUE,TRUE,TRUE,1
,ARTHUR KOESTLER Scum of the Earth With a new Preface by the author Vintage,Default,EB-205427438984,"ARTHUR KOESTLER Scum of the Earth With a new Preface by the author Vintage. Category: Collectibles & Antiques. Sold by OnlineRecycle — tested, described accurately. Local pickup available in Central Florida or ships with tracking.",21.99,USD,Collectibles & Antiques,TRUE,TRUE,TRUE,1
,Kidnapped By Robert Louis Stevenson 1949 Illustrated Hard Cover Dust Jacket,Default,EB-205427480790,"Kidnapped By Robert Louis Stevenson 1949 Illustrated Hard Cover Dust Jacket. Category: Collectibles & Antiques. Sold by OnlineRecycle — tested, described accurately. Local pickup available in Central Florida or ships with tracking.",9.00,USD,Collectibles & Antiques,TRUE,TRUE,TRUE,1
,Plain and Simple Ser.: Microsoft OneNote 2010 Plain and Simple by Peter Weverka,Default,EB-205427539186,"Plain and Simple Ser.: Microsoft OneNote 2010 Plain and Simple by Peter Weverka. Category: Books. Sold by OnlineRecycle — tested, described accurately. Local pickup available in Central Florida or ships with tracking.",6.00,USD,Books,TRUE,TRUE,TRUE,1
,Plain and Simple Ser.: Microsoft Office 2010 Plain and Simple by Katherine...,Default,EB-205427560285,"Plain and Simple Ser.: Microsoft Office 2010 Plain and Simple by Katherine.... Category: Books. Sold by OnlineRecycle — tested, described accurately. Local pickup available in Central Florida or ships with tracking.",5.89,USD,Books,TRUE,TRUE,TRUE,1
,Sams Teach Yourself Ser.: Sams Teach Yourself Adobe Photoshop CS in 24 Hours by,Default,EB-205427593131,"Sams Teach Yourself Ser.: Sams Teach Yourself Adobe Photoshop CS in 24 Hours by. Category: Books. Sold by OnlineRecycle — tested, described accurately. Local pickup available in Central Florida or ships with tracking.",9.00,USD,Books,TRUE,TRUE,TRUE,1
,"Creative Color Photography of Robin Perry, hardcover color ills. w/ dust jacket",Default,EB-205429178968,"Creative Color Photography of Robin Perry, hardcover color ills. w/ dust jacket. Category: Collectibles & Antiques. Sold by OnlineRecycle — tested, described accurately. Local pickup available in Central Florida or ships with tracking.",14.99,USD,Collectibles & Antiques,TRUE,TRUE,TRUE,1
,"People Weekly: The Most Intriguing People of the Century by LEVIN, Eric, editor",Default,EB-205429188733,"People Weekly: The Most Intriguing People of the Century by LEVIN, Eric, editor. Category: Collectibles & Antiques. Sold by OnlineRecycle — tested, described accurately. Local pickup available in Central Florida or ships with tracking.",9.99,USD,Collectibles & Antiques,TRUE,TRUE,TRUE,1
,"Insiders by Rosemary Rogers (1979, Mass Market)",Default,EB-205429195326,"Insiders by Rosemary Rogers (1979, Mass Market). Category: Books. Sold by OnlineRecycle — tested, described accurately. Local pickup available in Central Florida or ships with tracking.",4.22,USD,Books,TRUE,TRUE,TRUE,1
,Time Life Fix It Yourself Manual Time Life Books,Default,EB-205429212094,"Time Life Fix It Yourself Manual Time Life Books. Category: Collectibles & Antiques. Sold by OnlineRecycle — tested, described accurately. Local pickup available in Central Florida or ships with tracking.",14.99,USD,Collectibles & Antiques,TRUE,TRUE,TRUE,1
,Si-Cology 1 : Tales and Wisdom from Duck Dynasty's Favorite Uncle by Si...,Default,EB-205429219318,"Si-Cology 1 : Tales and Wisdom from Duck Dynasty's Favorite Uncle by Si.... Category: Books. Sold by OnlineRecycle — tested, described accurately. Local pickup available in Central Florida or ships with tracking.",3.77,USD,Books,TRUE,TRUE,TRUE,1
,Your Best Life Now: 7 Steps to Living at Your Full Potential by Joel Osteen,Default,EB-205429225933,"Your Best Life Now: 7 Steps to Living at Your Full Potential by Joel Osteen. Category: Books. Sold by OnlineRecycle — tested, described accurately. Local pickup available in Central Florida or ships with tracking.",3.75,USD,Books,TRUE,TRUE,TRUE,1
,Hmh Modern Chemistry Ser.: HMH Modern Chemistry : Interactive Reader by HOUGHTON,Default,EB-205429229433,"Hmh Modern Chemistry Ser.: HMH Modern Chemistry : Interactive Reader by HOUGHTON. Category: General Merchandise. Sold by OnlineRecycle — tested, described accurately. Local pickup available in Central Florida or ships with tracking.",11.23,USD,General Merchandise,TRUE,TRUE,TRUE,1
,1 pcs Artificial Lemons Tree Branches - Faux Greenery Stems Realistic Lemon Bran,Default,EB-205430523283,"1 pcs Artificial Lemons Tree Branches - Faux Greenery Stems Realistic Lemon Bran. Category: Collectibles & Antiques. Sold by OnlineRecycle — tested, described accurately. Local pickup available in Central Florida or ships with tracking.",6.99,USD,Collectibles & Antiques,TRUE,TRUE,TRUE,1
,TY Beanie Boos - HUGO the Brown & White Dog (Glitter Eyes)(Key Clip - 3 inch),Default,EB-205430709896,"TY Beanie Boos - HUGO the Brown & White Dog (Glitter Eyes)(Key Clip - 3 inch). Category: Collectibles & Antiques. Sold by OnlineRecycle — tested, described accurately. Local pickup available in Central Florida or ships with tracking.",8.92,USD,Collectibles & Antiques,TRUE,TRUE,TRUE,1
,Rare New Victoria's Secret 'Turquoise Waves' Fragrance Body Mist 250ml/8.4fl oz,Default,EB-205430712718,"Rare New Victoria's Secret 'Turquoise Waves' Fragrance Body Mist 250ml/8.4fl oz. Category: Collectibles & Antiques. Sold by OnlineRecycle — tested, described accurately. Local pickup available in Central Florida or ships with tracking.",15.00,USD,Collectibles & Antiques,TRUE,TRUE,TRUE,1
,Vintage Realistic Spooky Hanging Rubber Bats- Halloween Party Decor 11.5 Inch,Default,EB-205430714941,"Vintage Realistic Spooky Hanging Rubber Bats- Halloween Party Decor 11.5 Inch. Category: Collectibles & Antiques. Sold by OnlineRecycle — tested, described accurately. Local pickup available in Central Florida or ships with tracking.",1.00,USD,Collectibles & Antiques,TRUE,TRUE,TRUE,1
,NERF Super Soaker Storm Ball Sling N' Soak Slingshot Water Splash Toy Only !!,Default,EB-205430737144,"NERF Super Soaker Storm Ball Sling N' Soak Slingshot Water Splash Toy Only !!. Category: Collectibles & Antiques. Sold by OnlineRecycle — tested, described accurately. Local pickup available in Central Florida or ships with tracking.",9.00,USD,Collectibles & Antiques,TRUE,TRUE,TRUE,1
,"Hoberman Mini Sphere - Expanding Toy Ball Bright Colors 5-12"" Colorful",Default,EB-205430742375,"Hoberman Mini Sphere - Expanding Toy Ball Bright Colors 5-12"" Colorful. Category: Collectibles & Antiques. Sold by OnlineRecycle — tested, described accurately. Local pickup available in Central Florida or ships with tracking.",14.99,USD,Collectibles & Antiques,TRUE,TRUE,TRUE,1
,Black Sunglasses New Sealed,Default,EB-205430973477,"Black Sunglasses New Sealed. Category: Collectibles & Antiques. Sold by OnlineRecycle — tested, described accurately. Local pickup available in Central Florida or ships with tracking.",10.71,USD,Collectibles & Antiques,TRUE,TRUE,TRUE,1
,"Hanes Tagless Boys Crew Neck T-Shits, White, Super Soft, Size 4T, 3 Pk Open Box",Default,EB-205430980219,"Hanes Tagless Boys Crew Neck T-Shits, White, Super Soft, Size 4T, 3 Pk Open Box. Category: Collectibles & Antiques. Sold by OnlineRecycle — tested, described accurately. Local pickup available in Central Florida or ships with tracking.",9.00,USD,Collectibles & Antiques,TRUE,TRUE,TRUE,1
,MITSUBISH HEAVY INDUSTRIES軽油用FUEL FILTERPARTS No.32562-70300i,Default,EB-205431073649,"MITSUBISH HEAVY INDUSTRIES軽油用FUEL FILTERPARTS No.32562-70300i. Category: General Merchandise. Sold by OnlineRecycle — tested, described accurately. Local pickup available in Central Florida or ships with tracking.",120.99,USD,General Merchandise,TRUE,TRUE,TRUE,1
,2004-2007 DODGE RAM 5.7L OEM V8 HEMI POWER STEERING RESERVOIRattk,Default,EB-205431088291,"2004-2007 DODGE RAM 5.7L OEM V8 HEMI POWER STEERING RESERVOIRattk. Category: General Merchandise. Sold by OnlineRecycle — tested, described accurately. Local pickup available in Central Florida or ships with tracking.",49.00,USD,General Merchandise,TRUE,TRUE,TRUE,1
,The Mammoth Book of Nostradamus and Other Prophets Damon Wilson,Default,EB-205431104877,"The Mammoth Book of Nostradamus and Other Prophets Damon Wilson. Category: Collectibles & Antiques. Sold by OnlineRecycle — tested, described accurately. Local pickup available in Central Florida or ships with tracking.",6.99,USD,Collectibles & Antiques,TRUE,TRUE,TRUE,1
,Welcome to the Jungle : Everything You Wanted to Know about Bipolar but Were Too,Default,EB-205431107873,"Welcome to the Jungle : Everything You Wanted to Know about Bipolar but Were Too. Category: Books. Sold by OnlineRecycle — tested, described accurately. Local pickup available in Central Florida or ships with tracking.",3.98,USD,Books,TRUE,TRUE,TRUE,1
,Srimad Bhagavatam : Second Canto Part 1 Hardcover A. C. Bhaktivedanta,Default,EB-205431118866,"Srimad Bhagavatam : Second Canto Part 1 Hardcover A. C. Bhaktivedanta. Category: Books. Sold by OnlineRecycle — tested, described accurately. Local pickup available in Central Florida or ships with tracking.",4.39,USD,Books,TRUE,TRUE,TRUE,1
,"Organizing from the Inside Out, Second Edition : The Foolproof System Good Cdt",Default,EB-205431119911,"Organizing from the Inside Out, Second Edition : The Foolproof System Good Cdt. Category: Books. Sold by OnlineRecycle — tested, described accurately. Local pickup available in Central Florida or ships with tracking.",3.78,USD,Books,TRUE,TRUE,TRUE,1
,How to Be a Couple and Still Be Free by Riley K. Smith and Tina B. Tessina Good,Default,EB-205431120752,"How to Be a Couple and Still Be Free by Riley K. Smith and Tina B. Tessina Good. Category: Books. Sold by OnlineRecycle — tested, described accurately. Local pickup available in Central Florida or ships with tracking.",5.00,USD,Books,TRUE,TRUE,TRUE,1
,"Full Life : Reflections at Ninety by Jimmy Carter (2016, Trade Paperback)",Default,EB-205431166931,"Full Life : Reflections at Ninety by Jimmy Carter (2016, Trade Paperback). Category: Books. Sold by OnlineRecycle — tested, described accurately. Local pickup available in Central Florida or ships with tracking.",6.13,USD,Books,TRUE,TRUE,TRUE,1
,"What on Earth Am I Here For? by Rick Warren (2002, Hardcover)",Default,EB-205431168675,"What on Earth Am I Here For? by Rick Warren (2002, Hardcover). Category: Books. Sold by OnlineRecycle — tested, described accurately. Local pickup available in Central Florida or ships with tracking.",7.50,USD,Books,TRUE,TRUE,TRUE,1
,More Than a Carpenter,Default,EB-205431174625,"More Than a Carpenter. Category: Books. Sold by OnlineRecycle — tested, described accurately. Local pickup available in Central Florida or ships with tracking.",4.70,USD,Books,TRUE,TRUE,TRUE,1
,"Cujo by Stephen King (1981, Hardcover)",Default,EB-205431198539,"Cujo by Stephen King (1981, Hardcover). Category: Books. Sold by OnlineRecycle — tested, described accurately. Local pickup available in Central Florida or ships with tracking.",17.00,USD,Books,TRUE,TRUE,TRUE,1
,"Masculine Journey by Robert Hicks (1993, Hardcover)",Default,EB-205431200227,"Masculine Journey by Robert Hicks (1993, Hardcover). Category: Books. Sold by OnlineRecycle — tested, described accurately. Local pickup available in Central Florida or ships with tracking.",5.27,USD,Books,TRUE,TRUE,TRUE,1
,"God's Plan for Your Life : Embracing Change by Freeman-Smith (2012, Hardcover)",Default,EB-205431204869,"God's Plan for Your Life : Embracing Change by Freeman-Smith (2012, Hardcover). Category: Books. Sold by OnlineRecycle — tested, described accurately. Local pickup available in Central Florida or ships with tracking.",4.28,USD,Books,TRUE,TRUE,TRUE,1
,TORI AMOS * TO VENUS AND BACK * CD DISC ONLY * CD ALBUM 1999,Default,EB-205435199565,"TORI AMOS * TO VENUS AND BACK * CD DISC ONLY * CD ALBUM 1999. Category: Collectibles & Antiques. Sold by OnlineRecycle — tested, described accurately. Local pickup available in Central Florida or ships with tracking.",3.00,USD,Collectibles & Antiques,TRUE,TRUE,TRUE,1
,TV Sets: Christmas Treats DVD,Default,EB-205437360421,"TV Sets: Christmas Treats DVD. Category: Movies & Entertainment. Sold by OnlineRecycle — tested, described accurately. Local pickup available in Central Florida or ships with tracking.",3.00,USD,Movies & Entertainment,TRUE,TRUE,TRUE,1
,XXX (Widescreen Special Edition),Default,EB-205437362303,"XXX (Widescreen Special Edition). Category: Movies & Entertainment. Sold by OnlineRecycle — tested, described accurately. Local pickup available in Central Florida or ships with tracking.",4.50,USD,Movies & Entertainment,TRUE,TRUE,TRUE,1
,"Leprechaun 2 DVD 85 minutes, French and Spanish subtitles",Default,EB-205437368885,"Leprechaun 2 DVD 85 minutes, French and Spanish subtitles. Category: Movies & Entertainment. Sold by OnlineRecycle — tested, described accurately. Local pickup available in Central Florida or ships with tracking.",7.61,USD,Movies & Entertainment,TRUE,TRUE,TRUE,1
,"The Good Shepherd (DVD, 2006)",Default,EB-205437369479,"The Good Shepherd (DVD, 2006). Category: Movies & Entertainment. Sold by OnlineRecycle — tested, described accurately. Local pickup available in Central Florida or ships with tracking.",2.95,USD,Movies & Entertainment,TRUE,TRUE,TRUE,1
,"The Longest Yard (DVD, 2005, Widescreen Version)",Default,EB-205437372512,"The Longest Yard (DVD, 2005, Widescreen Version). Category: Movies & Entertainment. Sold by OnlineRecycle — tested, described accurately. Local pickup available in Central Florida or ships with tracking.",2.93,USD,Movies & Entertainment,TRUE,TRUE,TRUE,1
,Depeche Mode - Songs of Faith and Devotion (CD 1993 Sire Records‼ Disc Only‼,Default,EB-205437441238,"Depeche Mode - Songs of Faith and Devotion (CD 1993 Sire Records‼ Disc Only‼. Category: Collectibles & Antiques. Sold by OnlineRecycle — tested, described accurately. Local pickup available in Central Florida or ships with tracking.",6.72,USD,Collectibles & Antiques,TRUE,TRUE,TRUE,1
,Rush : 2112 CD Rock Classic Legends Rock Vintage rare,Default,EB-205437442243,"Rush : 2112 CD Rock Classic Legends Rock Vintage rare. Category: Music & Audio. Sold by OnlineRecycle — tested, described accurately. Local pickup available in Central Florida or ships with tracking.",14.00,USD,Music & Audio,TRUE,TRUE,TRUE,1
,Strange Brew: The Very Best of Cream CD - CD4 Disc Only Like New,Default,EB-205437443981,"Strange Brew: The Very Best of Cream CD - CD4 Disc Only Like New. Category: Music & Audio. Sold by OnlineRecycle — tested, described accurately. Local pickup available in Central Florida or ships with tracking.",6.90,USD,Music & Audio,TRUE,TRUE,TRUE,1
,Lonely Hearts DVD James Gandolfini Travolta,Default,EB-205437606495,"Lonely Hearts DVD James Gandolfini Travolta. Category: Movies & Entertainment. Sold by OnlineRecycle — tested, described accurately. Local pickup available in Central Florida or ships with tracking.",1.99,USD,Movies & Entertainment,TRUE,TRUE,TRUE,1
,"Scary Movie 4 (DVD, 2006) Unrated Uncensored",Default,EB-205437643399,"Scary Movie 4 (DVD, 2006) Unrated Uncensored. Category: Movies & Entertainment. Sold by OnlineRecycle — tested, described accurately. Local pickup available in Central Florida or ships with tracking.",3.25,USD,Movies & Entertainment,TRUE,TRUE,TRUE,1
,"Ballers-Street Dreams of the Rich & Famous (DVD, 2004) Puff Daddy pDiddy Sean",Default,EB-205437647487,"Ballers-Street Dreams of the Rich & Famous (DVD, 2004) Puff Daddy pDiddy Sean. Category: Movies & Entertainment. Sold by OnlineRecycle — tested, described accurately. Local pickup available in Central Florida or ships with tracking.",24.15,USD,Movies & Entertainment,TRUE,TRUE,TRUE,1
,"Bad News Bears (DVD, 2005) Classic Vintage Movie",Default,EB-205437651208,"Bad News Bears (DVD, 2005) Classic Vintage Movie. Category: Movies & Entertainment. Sold by OnlineRecycle — tested, described accurately. Local pickup available in Central Florida or ships with tracking.",2.50,USD,Movies & Entertainment,TRUE,TRUE,TRUE,1
,"Farce of the Penguins (DVD, 2007) Not For Children",Default,EB-205437656585,"Farce of the Penguins (DVD, 2007) Not For Children. Category: Movies & Entertainment. Sold by OnlineRecycle — tested, described accurately. Local pickup available in Central Florida or ships with tracking.",7.57,USD,Movies & Entertainment,TRUE,TRUE,TRUE,1
,"R.I.P.D. (DVD, 2013) Jeff Bridges Ryan Reynolds Kevin Bacon",Default,EB-205437663016,"R.I.P.D. (DVD, 2013) Jeff Bridges Ryan Reynolds Kevin Bacon. Category: Movies & Entertainment. Sold by OnlineRecycle — tested, described accurately. Local pickup available in Central Florida or ships with tracking.",3.10,USD,Movies & Entertainment,TRUE,TRUE,TRUE,1
,"Max Payne (DVD, 2008)",Default,EB-205437664214,"Max Payne (DVD, 2008). Category: Movies & Entertainment. Sold by OnlineRecycle — tested, described accurately. Local pickup available in Central Florida or ships with tracking.",4.38,USD,Movies & Entertainment,TRUE,TRUE,TRUE,1
,Choke DVD 2008 20th Century Fox Sam Rockwell Anjelica Huston Kelly MacDonald,Default,EB-205437668582,"Choke DVD 2008 20th Century Fox Sam Rockwell Anjelica Huston Kelly MacDonald. Category: Movies & Entertainment. Sold by OnlineRecycle — tested, described accurately. Local pickup available in Central Florida or ships with tracking.",2.00,USD,Movies & Entertainment,TRUE,TRUE,TRUE,1
,"Lyricist Lounge-Hip Hop Video Classics (DVD, 2002)",Default,EB-205439849082,"Lyricist Lounge-Hip Hop Video Classics (DVD, 2002). Category: Movies & Entertainment. Sold by OnlineRecycle — tested, described accurately. Local pickup available in Central Florida or ships with tracking.",14.00,USD,Movies & Entertainment,TRUE,TRUE,TRUE,1
,"Ghost Stories - 5 Pack (DVD, 2000, 5-Disc Set)",Default,EB-205439858784,"Ghost Stories - 5 Pack (DVD, 2000, 5-Disc Set). Category: Movies & Entertainment. Sold by OnlineRecycle — tested, described accurately. Local pickup available in Central Florida or ships with tracking.",9.99,USD,Movies & Entertainment,TRUE,TRUE,TRUE,1
,"Get Him to the Greek (DVD, 2010)",Default,EB-205439861824,"Get Him to the Greek (DVD, 2010). Category: Movies & Entertainment. Sold by OnlineRecycle — tested, described accurately. Local pickup available in Central Florida or ships with tracking.",2.50,USD,Movies & Entertainment,TRUE,TRUE,TRUE,1
,"Snow White and the Seven Dwarfs (DVD, 2001, 2-Disc Set, Special Edition)",Default,EB-205439862393,"Snow White and the Seven Dwarfs (DVD, 2001, 2-Disc Set, Special Edition). Category: Movies & Entertainment. Sold by OnlineRecycle — tested, described accurately. Local pickup available in Central Florida or ships with tracking.",3.25,USD,Movies & Entertainment,TRUE,TRUE,TRUE,1
,"Liar Liar (DVD, 1997)",Default,EB-205439864210,"Liar Liar (DVD, 1997). Category: Movies & Entertainment. Sold by OnlineRecycle — tested, described accurately. Local pickup available in Central Florida or ships with tracking.",3.00,USD,Movies & Entertainment,TRUE,TRUE,TRUE,1
,"King of the Hill: the Complete 1st Season (DVD, 1997)",Default,EB-205439866032,"King of the Hill: the Complete 1st Season (DVD, 1997). Category: Movies & Entertainment. Sold by OnlineRecycle — tested, described accurately. Local pickup available in Central Florida or ships with tracking.",14.40,USD,Movies & Entertainment,TRUE,TRUE,TRUE,1
,"Ghostbusters 2 (DVD, 1989)",Default,EB-205439867050,"Ghostbusters 2 (DVD, 1989). Category: Movies & Entertainment. Sold by OnlineRecycle — tested, described accurately. Local pickup available in Central Florida or ships with tracking.",4.29,USD,Movies & Entertainment,TRUE,TRUE,TRUE,1
,"The Terminal (DVD, 2004)",Default,EB-205439871980,"The Terminal (DVD, 2004). Category: Movies & Entertainment. Sold by OnlineRecycle — tested, described accurately. Local pickup available in Central Florida or ships with tracking.",2.91,USD,Movies & Entertainment,TRUE,TRUE,TRUE,2
,Star Odyssey DVD New Sealed Bonus Superman Felix The Cat Super Sci-Fi Bonus,Default,EB-205439876822,"Star Odyssey DVD New Sealed Bonus Superman Felix The Cat Super Sci-Fi Bonus. Category: Movies & Entertainment. Sold by OnlineRecycle — tested, described accurately. Local pickup available in Central Florida or ships with tracking.",5.98,USD,Movies & Entertainment,TRUE,TRUE,TRUE,1
,"The Oprah Winfrey Show - 20th Anniversary Collection (DVD, 2005, 6-Disc Set)",Default,EB-205439883617,"The Oprah Winfrey Show - 20th Anniversary Collection (DVD, 2005, 6-Disc Set). Category: Movies & Entertainment. Sold by OnlineRecycle — tested, described accurately. Local pickup available in Central Florida or ships with tracking.",5.99,USD,Movies & Entertainment,TRUE,TRUE,TRUE,1
,"The Boondocks - Complete First Season (DVD, 2006, 3-Disc Set) Used",Default,EB-205439887292,"The Boondocks - Complete First Season (DVD, 2006, 3-Disc Set) Used. Category: Movies & Entertainment. Sold by OnlineRecycle — tested, described accurately. Local pickup available in Central Florida or ships with tracking.",6.00,USD,Movies & Entertainment,TRUE,TRUE,TRUE,1
,"King Kong (DVD, 2005)",Default,EB-205439890346,"King Kong (DVD, 2005). Category: Movies & Entertainment. Sold by OnlineRecycle — tested, described accurately. Local pickup available in Central Florida or ships with tracking.",5.98,USD,Movies & Entertainment,TRUE,TRUE,TRUE,1
,"ASUS ROC (Republic of Gamers), 2.5 inches Nvidia SLI Bridge. (E309144)",Default,EB-205443736292,"ASUS ROC (Republic of Gamers), 2.5 inches Nvidia SLI Bridge. (E309144). Category: Collectibles & Antiques. Sold by OnlineRecycle — tested, described accurately. Local pickup available in Central Florida or ships with tracking.",10.99,USD,Collectibles & Antiques,TRUE,TRUE,TRUE,1
,Reaction Kenneth Cole BLK Soft Leather Jacket WszL Full Zip To End Of Collar,Default,EB-205443830864,"Reaction Kenneth Cole BLK Soft Leather Jacket WszL Full Zip To End Of Collar. Category: Collectibles & Antiques. Sold by OnlineRecycle — tested, described accurately. Local pickup available in Central Florida or ships with tracking.",70.00,USD,Collectibles & Antiques,TRUE,TRUE,TRUE,1
,Trimaco 71020/12 Easy Mask Drape Gen Purpose Tape 22-inch X 100-ft,Default,EB-205446020049,"Trimaco 71020/12 Easy Mask Drape Gen Purpose Tape 22-inch X 100-ft. Category: Collectibles & Antiques. Sold by OnlineRecycle — tested, described accurately. Local pickup available in Central Florida or ships with tracking.",14.00,USD,Collectibles & Antiques,TRUE,TRUE,TRUE,1
,"Rain Man by Fleischer, Leonore",Default,EB-205447467198,"Rain Man by Fleischer, Leonore. Category: Books. Sold by OnlineRecycle — tested, described accurately. Local pickup available in Central Florida or ships with tracking.",5.36,USD,Books,TRUE,TRUE,TRUE,1
,Amazing Spider-Man #261,Default,EB-205447485606,"Amazing Spider-Man #261. Category: Collectibles & Antiques. Sold by OnlineRecycle — tested, described accurately. Local pickup available in Central Florida or ships with tracking.",25.00,USD,Collectibles & Antiques,TRUE,TRUE,TRUE,1
,G.I. Joe: A Real American Hero #32 Comic Vintage,Default,EB-205447492883,"G.I. Joe: A Real American Hero #32 Comic Vintage. Category: Collectibles & Antiques. Sold by OnlineRecycle — tested, described accurately. Local pickup available in Central Florida or ships with tracking.",14.99,USD,Collectibles & Antiques,TRUE,TRUE,TRUE,1
,THE TRANSFORMERS #8 1st ptg Marvel Comics 1985 (CA) Bright (W) Budiansky 230915A,Default,EB-205447498495,"THE TRANSFORMERS #8 1st ptg Marvel Comics 1985 (CA) Bright (W) Budiansky 230915A. Category: General Merchandise. Sold by OnlineRecycle — tested, described accurately. Local pickup available in Central Florida or ships with tracking.",9.99,USD,General Merchandise,TRUE,TRUE,TRUE,1
,Marvel Team-Up #150 LAST ISSUE | Comic Book 1985 Spider-man & X-Men,Default,EB-205447505990,"Marvel Team-Up #150 LAST ISSUE | Comic Book 1985 Spider-man & X-Men. Category: Collectibles & Antiques. Sold by OnlineRecycle — tested, described accurately. Local pickup available in Central Florida or ships with tracking.",14.99,USD,Collectibles & Antiques,TRUE,TRUE,TRUE,1
,Hitman Vol 1 DC TPB Garth Ennis 1997,Default,EB-205447508204,"Hitman Vol 1 DC TPB Garth Ennis 1997. Category: Collectibles & Antiques. Sold by OnlineRecycle — tested, described accurately. Local pickup available in Central Florida or ships with tracking.",39.99,USD,Collectibles & Antiques,TRUE,TRUE,TRUE,1
,"Schadenfreude, a Love Story by Rebecca Schuman",Default,EB-205447525033,"Schadenfreude, a Love Story by Rebecca Schuman. Category: Books. Sold by OnlineRecycle — tested, described accurately. Local pickup available in Central Florida or ships with tracking.",7.00,USD,Books,TRUE,TRUE,TRUE,3
,"Billy The Kid 20-Movie Pack (DVD, 2009, 4-Disc Set)",Default,EB-205454315739,"Billy The Kid 20-Movie Pack (DVD, 2009, 4-Disc Set). Category: Movies & Entertainment. Sold by OnlineRecycle — tested, described accurately. Local pickup available in Central Florida or ships with tracking.",6.99,USD,Movies & Entertainment,TRUE,TRUE,TRUE,1
,Security-When All Else Fails Who Do You Turn To? (DVD),Default,EB-205454321854,"Security-When All Else Fails Who Do You Turn To? (DVD). Category: Movies & Entertainment. Sold by OnlineRecycle — tested, described accurately. Local pickup available in Central Florida or ships with tracking.",10.25,USD,Movies & Entertainment,TRUE,TRUE,TRUE,1
,"Streetbike Animosity, Vol. 2 (DVD, 2008)",Default,EB-205454322734,"Streetbike Animosity, Vol. 2 (DVD, 2008). Category: Movies & Entertainment. Sold by OnlineRecycle — tested, described accurately. Local pickup available in Central Florida or ships with tracking.",4.35,USD,Movies & Entertainment,TRUE,TRUE,TRUE,1
,Prometheus DVD NEW SEALED Ridley Scott Charlize Theron Guy Pearce,Default,EB-205454324441,"Prometheus DVD NEW SEALED Ridley Scott Charlize Theron Guy Pearce. Category: Movies & Entertainment. Sold by OnlineRecycle — tested, described accurately. Local pickup available in Central Florida or ships with tracking.",8.17,USD,Movies & Entertainment,TRUE,TRUE,TRUE,1
,Mona Lisa Smile - DVD,Default,EB-205454332306,"Mona Lisa Smile - DVD. Category: Movies & Entertainment. Sold by OnlineRecycle — tested, described accurately. Local pickup available in Central Florida or ships with tracking.",5.89,USD,Movies & Entertainment,TRUE,TRUE,TRUE,1
,Props Video Magazine's THE BEST OF 2010,Default,EB-205454344174,"Props Video Magazine's THE BEST OF 2010. Category: Collectibles & Antiques. Sold by OnlineRecycle — tested, described accurately. Local pickup available in Central Florida or ships with tracking.",19.99,USD,Collectibles & Antiques,TRUE,TRUE,TRUE,1
,"I Am Legend (DVD, 2008, 2-Disc Set, Special Edition)",Default,EB-205454346131,"I Am Legend (DVD, 2008, 2-Disc Set, Special Edition). Category: Movies & Entertainment. Sold by OnlineRecycle — tested, described accurately. Local pickup available in Central Florida or ships with tracking.",1.00,USD,Movies & Entertainment,TRUE,TRUE,TRUE,1
,"2pac-Resurrection (DVD, 2003) GOAT Special collectors Edition",Default,EB-205454477263,"2pac-Resurrection (DVD, 2003) GOAT Special collectors Edition. Category: Movies & Entertainment. Sold by OnlineRecycle — tested, described accurately. Local pickup available in Central Florida or ships with tracking.",19.99,USD,Movies & Entertainment,TRUE,TRUE,TRUE,1
,BURN AFTER READING 2008 DVD/A COEN BROTHERS FILM/GEORGE CLOONEY/BRAD PITT/NEW!,Default,EB-205454478219,"BURN AFTER READING 2008 DVD/A COEN BROTHERS FILM/GEORGE CLOONEY/BRAD PITT/NEW!. Category: Movies & Entertainment. Sold by OnlineRecycle — tested, described accurately. Local pickup available in Central Florida or ships with tracking.",6.39,USD,Movies & Entertainment,TRUE,TRUE,TRUE,1
,"General Stone (DVD, 2003)",Default,EB-205454480182,"General Stone (DVD, 2003). Category: Movies & Entertainment. Sold by OnlineRecycle — tested, described accurately. Local pickup available in Central Florida or ships with tracking.",19.99,USD,Movies & Entertainment,TRUE,TRUE,TRUE,1
,"Taken (DVD, 2008)",Default,EB-205454481506,"Taken (DVD, 2008). Category: Movies & Entertainment. Sold by OnlineRecycle — tested, described accurately. Local pickup available in Central Florida or ships with tracking.",8.00,USD,Movies & Entertainment,TRUE,TRUE,TRUE,1
,"Bones: the Complete First Season (DVD, 2005)",Default,EB-205454483742,"Bones: the Complete First Season (DVD, 2005). Category: Movies & Entertainment. Sold by OnlineRecycle — tested, described accurately. Local pickup available in Central Florida or ships with tracking.",8.00,USD,Movies & Entertainment,TRUE,TRUE,TRUE,1
,"The Bourne Identity (DVD, 2004, The Explosive, Extended Edition - Widescreen)",Default,EB-205454485770,"The Bourne Identity (DVD, 2004, The Explosive, Extended Edition - Widescreen). Category: Movies & Entertainment. Sold by OnlineRecycle — tested, described accurately. Local pickup available in Central Florida or ships with tracking.",7.99,USD,Movies & Entertainment,TRUE,TRUE,TRUE,1
,"South Park: the Complete Third Season (DVD, 1999)",Default,EB-205454498003,"South Park: the Complete Third Season (DVD, 1999). Category: Movies & Entertainment. Sold by OnlineRecycle — tested, described accurately. Local pickup available in Central Florida or ships with tracking.",12.00,USD,Movies & Entertainment,TRUE,TRUE,TRUE,1
,"South Park - The Complete Second Season (DVD, 2003, 3-Disc Set, Three Disc Set)",Default,EB-205454498932,"South Park - The Complete Second Season (DVD, 2003, 3-Disc Set, Three Disc Set). Category: Movies & Entertainment. Sold by OnlineRecycle — tested, described accurately. Local pickup available in Central Florida or ships with tracking.",9.00,USD,Movies & Entertainment,TRUE,TRUE,TRUE,1
,"Texas Chainsaw Massacre: Next Generation (DVD, 1994) Rare Vintage",Default,EB-205454499463,"Texas Chainsaw Massacre: Next Generation (DVD, 1994) Rare Vintage. Category: Movies & Entertainment. Sold by OnlineRecycle — tested, described accurately. Local pickup available in Central Florida or ships with tracking.",19.00,USD,Movies & Entertainment,TRUE,TRUE,TRUE,1
,"Big Bad Brothas (DVD, 2003, 2-Disc Set) 4 Movies",Default,EB-205454500059,"Big Bad Brothas (DVD, 2003, 2-Disc Set) 4 Movies. Category: Movies & Entertainment. Sold by OnlineRecycle — tested, described accurately. Local pickup available in Central Florida or ships with tracking.",9.00,USD,Movies & Entertainment,TRUE,TRUE,TRUE,1
,"Spawn (DVD, 1997) Uncut Collectors Edition Mature Audience Only",Default,EB-205454501192,"Spawn (DVD, 1997) Uncut Collectors Edition Mature Audience Only. Category: Movies & Entertainment. Sold by OnlineRecycle — tested, described accurately. Local pickup available in Central Florida or ships with tracking.",19.00,USD,Movies & Entertainment,TRUE,TRUE,TRUE,1
,"South Park - The Complete First Season (DVD, 2002, 3-Disc Set)",Default,EB-205454506400,"South Park - The Complete First Season (DVD, 2002, 3-Disc Set). Category: Movies & Entertainment. Sold by OnlineRecycle — tested, described accurately. Local pickup available in Central Florida or ships with tracking.",5.00,USD,Movies & Entertainment,TRUE,TRUE,TRUE,1
,"Mars (DVD, 1998) Rare Vintage Sci Fi",Default,EB-205454509032,"Mars (DVD, 1998) Rare Vintage Sci Fi. Category: Movies & Entertainment. Sold by OnlineRecycle — tested, described accurately. Local pickup available in Central Florida or ships with tracking.",19.99,USD,Movies & Entertainment,TRUE,TRUE,TRUE,1
,"Death Of A Dynasty (DVD, 2005)",Default,EB-205454512293,"Death Of A Dynasty (DVD, 2005). Category: Movies & Entertainment. Sold by OnlineRecycle — tested, described accurately. Local pickup available in Central Florida or ships with tracking.",5.00,USD,Movies & Entertainment,TRUE,TRUE,TRUE,1
,"Rize (2005) (DVD, 2005)",Default,EB-205454515663,"Rize (2005) (DVD, 2005). Category: Movies & Entertainment. Sold by OnlineRecycle — tested, described accurately. Local pickup available in Central Florida or ships with tracking.",7.00,USD,Movies & Entertainment,TRUE,TRUE,TRUE,1
,"Left Behind II: Tribulation Force (DVD, 2002)",Default,EB-205454518851,"Left Behind II: Tribulation Force (DVD, 2002). Category: Movies & Entertainment. Sold by OnlineRecycle — tested, described accurately. Local pickup available in Central Florida or ships with tracking.",4.65,USD,Movies & Entertainment,TRUE,TRUE,TRUE,1
,"The Dukes of Hazzard (DVD, 2005)",Default,EB-205454520894,"The Dukes of Hazzard (DVD, 2005). Category: Movies & Entertainment. Sold by OnlineRecycle — tested, described accurately. Local pickup available in Central Florida or ships with tracking.",5.09,USD,Movies & Entertainment,TRUE,TRUE,TRUE,1
,"Jason X (DVD, 2001)",Default,EB-205454521356,"Jason X (DVD, 2001). Category: Movies & Entertainment. Sold by OnlineRecycle — tested, described accurately. Local pickup available in Central Florida or ships with tracking.",9.00,USD,Movies & Entertainment,TRUE,TRUE,TRUE,1
,"Cradle 2 the Grave (DVD, 2003, Full Frame) DMX",Default,EB-205454522713,"Cradle 2 the Grave (DVD, 2003, Full Frame) DMX. Category: Movies & Entertainment. Sold by OnlineRecycle — tested, described accurately. Local pickup available in Central Florida or ships with tracking.",3.75,USD,Movies & Entertainment,TRUE,TRUE,TRUE,1
,"Grey's Anatomy: Season Three (Seriously Extended) (DVD, 2006)",Default,EB-205454534138,"Grey's Anatomy: Season Three (Seriously Extended) (DVD, 2006). Category: Movies & Entertainment. Sold by OnlineRecycle — tested, described accurately. Local pickup available in Central Florida or ships with tracking.",15.00,USD,Movies & Entertainment,TRUE,TRUE,TRUE,2
,"Seeking Justice (DVD, 2011)",Default,EB-205454534959,"Seeking Justice (DVD, 2011). Category: Movies & Entertainment. Sold by OnlineRecycle — tested, described accurately. Local pickup available in Central Florida or ships with tracking.",3.90,USD,Movies & Entertainment,TRUE,TRUE,TRUE,1
,"Ghost (DVD, 2001, Widescreen)",Default,EB-205454536483,"Ghost (DVD, 2001, Widescreen). Category: Movies & Entertainment. Sold by OnlineRecycle — tested, described accurately. Local pickup available in Central Florida or ships with tracking.",3.45,USD,Movies & Entertainment,TRUE,TRUE,TRUE,1
,"Derailed (DVD, 2006, Unrated Version: Widescreen)",Default,EB-205454537897,"Derailed (DVD, 2006, Unrated Version: Widescreen). Category: Movies & Entertainment. Sold by OnlineRecycle — tested, described accurately. Local pickup available in Central Florida or ships with tracking.",2.96,USD,Movies & Entertainment,TRUE,TRUE,TRUE,1
,"On the Streets of L.A. (1993) (DVD, 1993)",Default,EB-205454545796,"On the Streets of L.A. (1993) (DVD, 1993). Category: Movies & Entertainment. Sold by OnlineRecycle — tested, described accurately. Local pickup available in Central Florida or ships with tracking.",4.99,USD,Movies & Entertainment,TRUE,TRUE,TRUE,1
,"Crossfire Trail (DVD, 2001)",Default,EB-205454546335,"Crossfire Trail (DVD, 2001). Category: Movies & Entertainment. Sold by OnlineRecycle — tested, described accurately. Local pickup available in Central Florida or ships with tracking.",6.72,USD,Movies & Entertainment,TRUE,TRUE,TRUE,1
,The Boy Who Could Fly Laserdisc DVD,Default,EB-205454551713,"The Boy Who Could Fly Laserdisc DVD. Category: Collectibles & Antiques. Sold by OnlineRecycle — tested, described accurately. Local pickup available in Central Florida or ships with tracking.",7.99,USD,Collectibles & Antiques,TRUE,TRUE,TRUE,1
,AMERICAN HUSTLE: CHRISTIAN BALE BRADLEY COOPER JEREMY RENNER AMY ADAMS USED DVD,Default,EB-205454552963,"AMERICAN HUSTLE: CHRISTIAN BALE BRADLEY COOPER JEREMY RENNER AMY ADAMS USED DVD. Category: Movies & Entertainment. Sold by OnlineRecycle — tested, described accurately. Local pickup available in Central Florida or ships with tracking.",2.99,USD,Movies & Entertainment,TRUE,TRUE,TRUE,1
,"Inside Man (DVD, 2006)",Default,EB-205454554380,"Inside Man (DVD, 2006). Category: Movies & Entertainment. Sold by OnlineRecycle — tested, described accurately. Local pickup available in Central Florida or ships with tracking.",6.89,USD,Movies & Entertainment,TRUE,TRUE,TRUE,1
,"The Alamo (DVD, 2004)",Default,EB-205454556893,"The Alamo (DVD, 2004). Category: Movies & Entertainment. Sold by OnlineRecycle — tested, described accurately. Local pickup available in Central Florida or ships with tracking.",4.57,USD,Movies & Entertainment,TRUE,TRUE,TRUE,1
,"Long Shot (DVD, 2000)",Default,EB-205454563502,"Long Shot (DVD, 2000). Category: Movies & Entertainment. Sold by OnlineRecycle — tested, described accurately. Local pickup available in Central Florida or ships with tracking.",9.00,USD,Movies & Entertainment,TRUE,TRUE,TRUE,1
,"Mr. Deeds (DVD, 2002, Special Edition - Widescreen)",Default,EB-205454567005,"Mr. Deeds (DVD, 2002, Special Edition - Widescreen). Category: Movies & Entertainment. Sold by OnlineRecycle — tested, described accurately. Local pickup available in Central Florida or ships with tracking.",2.76,USD,Movies & Entertainment,TRUE,TRUE,TRUE,1
,"Tribulation (DVD, 2000)",Default,EB-205454572213,"Tribulation (DVD, 2000). Category: Movies & Entertainment. Sold by OnlineRecycle — tested, described accurately. Local pickup available in Central Florida or ships with tracking.",4.99,USD,Movies & Entertainment,TRUE,TRUE,TRUE,1
,"Virus (DVD, 1999)",Default,EB-205454573518,"Virus (DVD, 1999). Category: Movies & Entertainment. Sold by OnlineRecycle — tested, described accurately. Local pickup available in Central Florida or ships with tracking.",3.74,USD,Movies & Entertainment,TRUE,TRUE,TRUE,1
,"The Bone Collector (DVD, 1999)",Default,EB-205454574056,"The Bone Collector (DVD, 1999). Category: Movies & Entertainment. Sold by OnlineRecycle — tested, described accurately. Local pickup available in Central Florida or ships with tracking.",2.63,USD,Movies & Entertainment,TRUE,TRUE,TRUE,1
,Righteous Kill 2 DVD Set Robert De Niro Al Pacino with insert,Default,EB-205454588723,"Righteous Kill 2 DVD Set Robert De Niro Al Pacino with insert. Category: Movies & Entertainment. Sold by OnlineRecycle — tested, described accurately. Local pickup available in Central Florida or ships with tracking.",3.75,USD,Movies & Entertainment,TRUE,TRUE,TRUE,1
,Lemony Snicket's A Series of Unfortunate Events DVD Just 1 movie No Spiderwick,Default,EB-205454601724,"Lemony Snicket's A Series of Unfortunate Events DVD Just 1 movie No Spiderwick. Category: Movies & Entertainment. Sold by OnlineRecycle — tested, described accurately. Local pickup available in Central Florida or ships with tracking.",4.24,USD,Movies & Entertainment,TRUE,TRUE,TRUE,1
,Time Out for Moms by Cheryl Woolsey Holloway (Hardcover),Default,EB-205458298727,"Time Out for Moms by Cheryl Woolsey Holloway (Hardcover). Category: Books. Sold by OnlineRecycle — tested, described accurately. Local pickup available in Central Florida or ships with tracking.",5.00,USD,Books,TRUE,TRUE,TRUE,1
,NEW Mini Party Disco USB Light for Cell Phone 3 Different Adapters,Default,EB-205458847563,"NEW Mini Party Disco USB Light for Cell Phone 3 Different Adapters. Category: Collectibles & Antiques. Sold by OnlineRecycle — tested, described accurately. Local pickup available in Central Florida or ships with tracking.",12.00,USD,Collectibles & Antiques,TRUE,TRUE,TRUE,7
,Super Extra Deluxe Essential Handbook: the Need-To-Know Stats and Facts 875 Char,Default,EB-205464326617,"Super Extra Deluxe Essential Handbook: the Need-To-Know Stats and Facts 875 Char. Category: Books. Sold by OnlineRecycle — tested, described accurately. Local pickup available in Central Florida or ships with tracking.",3.27,USD,Books,TRUE,TRUE,TRUE,1
,EXPRESS APPLES TO APPLES CARD GAME THE GAME OF CRAZY COMBINATIONS Cards Sealed,Default,EB-205464384734,"EXPRESS APPLES TO APPLES CARD GAME THE GAME OF CRAZY COMBINATIONS Cards Sealed. Category: Collectibles & Antiques. Sold by OnlineRecycle — tested, described accurately. Local pickup available in Central Florida or ships with tracking.",4.47,USD,Collectibles & Antiques,TRUE,TRUE,TRUE,1
,"Heroes - Season 1 (DVD, 2007, 7-Disc Set)",Default,EB-205466371465,"Heroes - Season 1 (DVD, 2007, 7-Disc Set). Category: Movies & Entertainment. Sold by OnlineRecycle — tested, described accurately. Local pickup available in Central Florida or ships with tracking.",7.00,USD,Movies & Entertainment,TRUE,TRUE,TRUE,1
,"Heroes - Season 2 (DVD, 2008, 4-Disc Set)",Default,EB-205466373421,"Heroes - Season 2 (DVD, 2008, 4-Disc Set). Category: Movies & Entertainment. Sold by OnlineRecycle — tested, described accurately. Local pickup available in Central Florida or ships with tracking.",3.93,USD,Movies & Entertainment,TRUE,TRUE,TRUE,1
,"Heroes: Season 3 (DVD, 2008)",Default,EB-205466376524,"Heroes: Season 3 (DVD, 2008). Category: Movies & Entertainment. Sold by OnlineRecycle — tested, described accurately. Local pickup available in Central Florida or ships with tracking.",3.00,USD,Movies & Entertainment,TRUE,TRUE,TRUE,1
,qty-2 total pcs 2GB OCZ Gold Series DDR2 PC Memory RAM PC2-8 MHz DIMM 6400,Default,EB-205470882422,"qty-2 total pcs 2GB OCZ Gold Series DDR2 PC Memory RAM PC2-8 MHz DIMM 6400. Category: General Merchandise. Sold by OnlineRecycle — tested, described accurately. Local pickup available in Central Florida or ships with tracking.",16.00,USD,General Merchandise,TRUE,TRUE,TRUE,1
,"State of Fear - paperback, Michael Crichton, 9780061015731",Default,EB-205475423707,"State of Fear - paperback, Michael Crichton, 9780061015731. Category: Books. Sold by OnlineRecycle — tested, described accurately. Local pickup available in Central Florida or ships with tracking.",4.00,USD,Books,TRUE,TRUE,TRUE,1
,"Cold And Sassy Tree - Olive Ann Burns (Paperback, 2005)",Default,EB-205475427027,"Cold And Sassy Tree - Olive Ann Burns (Paperback, 2005). Category: Books. Sold by OnlineRecycle — tested, described accurately. Local pickup available in Central Florida or ships with tracking.",5.00,USD,Books,TRUE,TRUE,TRUE,1
,"Star Trek III: The Search for Spock (DVD, 2000, Generic)",Default,EB-205476152505,"Star Trek III: The Search for Spock (DVD, 2000, Generic). Category: Movies & Entertainment. Sold by OnlineRecycle — tested, described accurately. Local pickup available in Central Florida or ships with tracking.",8.00,USD,Movies & Entertainment,TRUE,TRUE,TRUE,1
,"Dial l for Loser by Lisi Harrison (2006, Perfect)",Default,EB-205477868858,"Dial l for Loser by Lisi Harrison (2006, Perfect). Category: Books. Sold by OnlineRecycle — tested, described accurately. Local pickup available in Central Florida or ships with tracking.",3.17,USD,Books,TRUE,TRUE,TRUE,1
,"CliffsNotes Getting on the Internet by Cliffs Notes Staff, David A. Crowder and",Default,EB-205477873140,"CliffsNotes Getting on the Internet by Cliffs Notes Staff, David A. Crowder and. Category: Books. Sold by OnlineRecycle — tested, described accurately. Local pickup available in Central Florida or ships with tracking.",9.99,USD,Books,TRUE,TRUE,TRUE,1
,Wild (Movie Tie-In Edition) : From Lost to Found on the Pacific Crest Trail...,Default,EB-205477874370,"Wild (Movie Tie-In Edition) : From Lost to Found on the Pacific Crest Trail.... Category: Books. Sold by OnlineRecycle — tested, described accurately. Local pickup available in Central Florida or ships with tracking.",4.62,USD,Books,TRUE,TRUE,TRUE,1
,How to Buy a House with No Money Down Martin M. Shenkman and Warren Bronson,Default,EB-205477876602,"How to Buy a House with No Money Down Martin M. Shenkman and Warren Bronson. Category: Books. Sold by OnlineRecycle — tested, described accurately. Local pickup available in Central Florida or ships with tracking.",3.99,USD,Books,TRUE,TRUE,TRUE,1
,"Girl Who Loved Tom Gordon by Stephen King (2000, Trade Paperback)",Default,EB-205477882258,"Girl Who Loved Tom Gordon by Stephen King (2000, Trade Paperback). Category: Books. Sold by OnlineRecycle — tested, described accurately. Local pickup available in Central Florida or ships with tracking.",3.49,USD,Books,TRUE,TRUE,TRUE,1
,The sea wife's handbook by Joyce Sleightholme Hardcover Vintage,Default,EB-205477895232,"The sea wife's handbook by Joyce Sleightholme Hardcover Vintage. Category: Books. Sold by OnlineRecycle — tested, described accurately. Local pickup available in Central Florida or ships with tracking.",14.99,USD,Books,TRUE,TRUE,TRUE,1
,Sentry Pro Gaming GX75 LED Light Up Head Phones w/ Mic - New in Box,Default,EB-205479403180,"Sentry Pro Gaming GX75 LED Light Up Head Phones w/ Mic - New in Box. Category: General Merchandise. Sold by OnlineRecycle — tested, described accurately. Local pickup available in Central Florida or ships with tracking.",11.97,USD,General Merchandise,TRUE,TRUE,TRUE,1
,Sentry GX75 Headset New Sealed,Default,EB-205479409162,"Sentry GX75 Headset New Sealed. Category: General Merchandise. Sold by OnlineRecycle — tested, described accurately. Local pickup available in Central Florida or ships with tracking.",9.99,USD,General Merchandise,TRUE,TRUE,TRUE,1
,BUSHNELL SPORTVIEW INSTA-FOCUS 7x50 BINOCULArs Vintage,Default,EB-205482492147,"BUSHNELL SPORTVIEW INSTA-FOCUS 7x50 BINOCULArs Vintage. Category: General Merchandise. Sold by OnlineRecycle — tested, described accurately. Local pickup available in Central Florida or ships with tracking.",17.59,USD,General Merchandise,TRUE,TRUE,TRUE,1
,"Vol. 1-Best Ofgallagher (DVD, 2005)",Default,EB-205482497809,"Vol. 1-Best Ofgallagher (DVD, 2005). Category: Movies & Entertainment. Sold by OnlineRecycle — tested, described accurately. Local pickup available in Central Florida or ships with tracking.",6.37,USD,Movies & Entertainment,TRUE,TRUE,TRUE,1
,1 Total - Uplate Stainless Steel Ice cream Scoop Resturaunt Grade Saled Bar,Default,EB-205482885452,"1 Total - Uplate Stainless Steel Ice cream Scoop Resturaunt Grade Saled Bar. Category: General Merchandise. Sold by OnlineRecycle — tested, described accurately. Local pickup available in Central Florida or ships with tracking.",12.00,USD,General Merchandise,TRUE,TRUE,TRUE,2
,mars 6 feet appliance cord 84679 13 amp,Default,EB-205482902255,"mars 6 feet appliance cord 84679 13 amp. Category: General Merchandise. Sold by OnlineRecycle — tested, described accurately. Local pickup available in Central Florida or ships with tracking.",12.00,USD,General Merchandise,TRUE,TRUE,TRUE,1
,SENTRY GAMING HEADSET Deluxe Light Up W/MIC GX350 ♻Hpr,Default,EB-205482963380,"SENTRY GAMING HEADSET Deluxe Light Up W/MIC GX350 ♻Hpr. Category: General Merchandise. Sold by OnlineRecycle — tested, described accurately. Local pickup available in Central Florida or ships with tracking.",15.00,USD,General Merchandise,TRUE,TRUE,TRUE,1
,"Kite Runner (DVD, 2007)",Default,EB-205482971681,"Kite Runner (DVD, 2007). Category: Movies & Entertainment. Sold by OnlineRecycle — tested, described accurately. Local pickup available in Central Florida or ships with tracking.",1.00,USD,Movies & Entertainment,TRUE,TRUE,TRUE,1
,Micro to USB Cable 10 ft Mobilsmart Sync and Charge,Default,EB-205482991901,"Micro to USB Cable 10 ft Mobilsmart Sync and Charge. Category: General Merchandise. Sold by OnlineRecycle — tested, described accurately. Local pickup available in Central Florida or ships with tracking.",3.00,USD,General Merchandise,TRUE,TRUE,TRUE,1
,Sentry Pro Gaming Red Head Phones GX75 LED Light Up Set and mic New In Box♻Hpr,Default,EB-205482992855,"Sentry Pro Gaming Red Head Phones GX75 LED Light Up Set and mic New In Box♻Hpr. Category: Auto Parts. Sold by OnlineRecycle — tested, described accurately. Local pickup available in Central Florida or ships with tracking.",9.00,USD,Auto Parts,TRUE,TRUE,TRUE,1
,How to Do Just about Anything by Reader's Digest Book Like New,Default,EB-205488655317,"How to Do Just about Anything by Reader's Digest Book Like New. Category: General Merchandise. Sold by OnlineRecycle — tested, described accurately. Local pickup available in Central Florida or ships with tracking.",9.99,USD,General Merchandise,TRUE,TRUE,TRUE,1
,CU4 HIGH PERFORMANCE WATERLESS INTERIOR UPHOLSTERY CARPET CLEANER♻A,Default,EB-205488695236,"CU4 HIGH PERFORMANCE WATERLESS INTERIOR UPHOLSTERY CARPET CLEANER♻A. Category: General Merchandise. Sold by OnlineRecycle — tested, described accurately. Local pickup available in Central Florida or ships with tracking.",17.62,USD,General Merchandise,TRUE,TRUE,TRUE,1
,Understanding Vitamins and Minerals (Prevention Total Health System) - Good,Default,EB-205495053367,"Understanding Vitamins and Minerals (Prevention Total Health System) - Good. Category: Books. Sold by OnlineRecycle — tested, described accurately. Local pickup available in Central Florida or ships with tracking.",4.11,USD,Books,TRUE,TRUE,TRUE,1
,"My Grandma Lived in Gooligulch by Graeme Base (1990, Hardcover)",Default,EB-205495057178,"My Grandma Lived in Gooligulch by Graeme Base (1990, Hardcover). Category: Books. Sold by OnlineRecycle — tested, described accurately. Local pickup available in Central Florida or ships with tracking.",3.90,USD,Books,TRUE,TRUE,TRUE,1
,Hop On Pop By Dr. Seuss 1963/1991 Book Hardcover B-29 I Can Read it Beginner Bks,Default,EB-205495071546,"Hop On Pop By Dr. Seuss 1963/1991 Book Hardcover B-29 I Can Read it Beginner Bks. Category: Books. Sold by OnlineRecycle — tested, described accurately. Local pickup available in Central Florida or ships with tracking.",2.98,USD,Books,TRUE,TRUE,TRUE,1
,"True Story of the Three Little Pigs by Jon Scieszka (1989, Hardcover)",Default,EB-205495072232,"True Story of the Three Little Pigs by Jon Scieszka (1989, Hardcover). Category: Books. Sold by OnlineRecycle — tested, described accurately. Local pickup available in Central Florida or ships with tracking.",5.79,USD,Books,TRUE,TRUE,TRUE,1
,"Polar Bears Past Bedtime by Mary Pope Osborne (1998, Trade Paperback)",Default,EB-205495072780,"Polar Bears Past Bedtime by Mary Pope Osborne (1998, Trade Paperback). Category: Books. Sold by OnlineRecycle — tested, described accurately. Local pickup available in Central Florida or ships with tracking.",3.67,USD,Books,TRUE,TRUE,TRUE,1
,"My Rhinoceros by Jon Agee (2011, Hardcover)",Default,EB-205495073715,"My Rhinoceros by Jon Agee (2011, Hardcover). Category: Books. Sold by OnlineRecycle — tested, described accurately. Local pickup available in Central Florida or ships with tracking.",9.99,USD,Books,TRUE,TRUE,TRUE,1
,The Entirely True Story of the Unbelievable Fib - paperback Adam Shaughnessy,Default,EB-205495076444,"The Entirely True Story of the Unbelievable Fib - paperback Adam Shaughnessy. Category: Books. Sold by OnlineRecycle — tested, described accurately. Local pickup available in Central Florida or ships with tracking.",14.99,USD,Books,TRUE,TRUE,TRUE,1
,Secrets of the Third Little Pig : 7 Steps to Build a Child's Inner Strength...,Default,EB-205495079653,"Secrets of the Third Little Pig : 7 Steps to Build a Child's Inner Strength.... Category: Books. Sold by OnlineRecycle — tested, described accurately. Local pickup available in Central Florida or ships with tracking.",3.93,USD,Books,TRUE,TRUE,TRUE,1
,Don't Check Your Brains at the Door by Josh Mcdowell and Bob Hostetler 1992,Default,EB-205495081077,"Don't Check Your Brains at the Door by Josh Mcdowell and Bob Hostetler 1992. Category: Books. Sold by OnlineRecycle — tested, described accurately. Local pickup available in Central Florida or ships with tracking.",3.28,USD,Books,TRUE,TRUE,TRUE,1
,"Scrubba Dub by Nancy Van Laan (2003, Picture Book)",Default,EB-205495083698,"Scrubba Dub by Nancy Van Laan (2003, Picture Book). Category: Books. Sold by OnlineRecycle — tested, described accurately. Local pickup available in Central Florida or ships with tracking.",5.00,USD,Books,TRUE,TRUE,TRUE,1
,"Doodles of Fun! by Frances Prior-Reeves (2013, Trade Paperback) Activities To Do",Default,EB-205495087683,"Doodles of Fun! by Frances Prior-Reeves (2013, Trade Paperback) Activities To Do. Category: Books. Sold by OnlineRecycle — tested, described accurately. Local pickup available in Central Florida or ships with tracking.",9.60,USD,Books,TRUE,TRUE,TRUE,1
,"Piano by William Miller (2000, Hardcover)",Default,EB-205495093736,"Piano by William Miller (2000, Hardcover). Category: Books. Sold by OnlineRecycle — tested, described accurately. Local pickup available in Central Florida or ships with tracking.",4.50,USD,Books,TRUE,TRUE,TRUE,1
,"Romeow and Drooliet by Nina Laden (2005, Hardcover)",Default,EB-205495095607,"Romeow and Drooliet by Nina Laden (2005, Hardcover). Category: Books. Sold by OnlineRecycle — tested, described accurately. Local pickup available in Central Florida or ships with tracking.",19.00,USD,Books,TRUE,TRUE,TRUE,1
,Listen to the Wind : The Story of Dr. Greg and Three Cups of Tea by Greg,Default,EB-205495096666,"Listen to the Wind : The Story of Dr. Greg and Three Cups of Tea by Greg. Category: Books. Sold by OnlineRecycle — tested, described accurately. Local pickup available in Central Florida or ships with tracking.",5.00,USD,Books,TRUE,TRUE,TRUE,1
,"CSB Gift and Award Bible, Black Imitation Leather Holy Bible by HCSB Holman",Default,EB-205496564155,"CSB Gift and Award Bible, Black Imitation Leather Holy Bible by HCSB Holman. Category: Books. Sold by OnlineRecycle — tested, described accurately. Local pickup available in Central Florida or ships with tracking.",25.00,USD,Books,TRUE,TRUE,TRUE,1
,Cats in Color by Anna Pollard 1979 Hardcover Cathay Books,Default,EB-205496581384,"Cats in Color by Anna Pollard 1979 Hardcover Cathay Books. Category: Books. Sold by OnlineRecycle — tested, described accurately. Local pickup available in Central Florida or ships with tracking.",4.52,USD,Books,TRUE,TRUE,TRUE,1
,"Lighthouses by Smithmark Staff (1997, Hardcover)",Default,EB-205496585824,"Lighthouses by Smithmark Staff (1997, Hardcover). Category: Books. Sold by OnlineRecycle — tested, described accurately. Local pickup available in Central Florida or ships with tracking.",5.55,USD,Books,TRUE,TRUE,TRUE,1
,NAT GEO PICTURE ATLAS OF OUR FIFTY STATES -HARDCOVER W/ MAP -1978 FIRST PRINTING,Default,EB-205496614473,"NAT GEO PICTURE ATLAS OF OUR FIFTY STATES -HARDCOVER W/ MAP -1978 FIRST PRINTING. Category: Books. Sold by OnlineRecycle — tested, described accurately. Local pickup available in Central Florida or ships with tracking.",24.99,USD,Books,TRUE,TRUE,TRUE,1
,Clone Wars by Jason Fry and Dorling Kindersley Publishing Staff 2008,Default,EB-205496615824,"Clone Wars by Jason Fry and Dorling Kindersley Publishing Staff 2008. Category: Books. Sold by OnlineRecycle — tested, described accurately. Local pickup available in Central Florida or ships with tracking.",4.23,USD,Books,TRUE,TRUE,TRUE,1
,"One Wintry Night by Ruth Bell Graham (1995, Hardcover)",Default,EB-205496625112,"One Wintry Night by Ruth Bell Graham (1995, Hardcover). Category: Books. Sold by OnlineRecycle — tested, described accurately. Local pickup available in Central Florida or ships with tracking.",4.39,USD,Books,TRUE,TRUE,TRUE,1
,READERS DIGEST HOW IN The WORLD BOOK FASCINATING JOURNEY RARE 90s HARDCOVER,Default,EB-205496641255,"READERS DIGEST HOW IN The WORLD BOOK FASCINATING JOURNEY RARE 90s HARDCOVER. Category: Books. Sold by OnlineRecycle — tested, described accurately. Local pickup available in Central Florida or ships with tracking.",9.99,USD,Books,TRUE,TRUE,TRUE,1
,Mouse's First Christmas,Default,EB-205496834925,"Mouse's First Christmas. Category: Books. Sold by OnlineRecycle — tested, described accurately. Local pickup available in Central Florida or ships with tracking.",4.00,USD,Books,TRUE,TRUE,TRUE,1
,Zepad 10” Wi-Fi Touch-Screen Tablet 100 Percent Working Tested,Default,EB-205497062966,"Zepad 10” Wi-Fi Touch-Screen Tablet 100 Percent Working Tested. Category: General Merchandise. Sold by OnlineRecycle — tested, described accurately. Local pickup available in Central Florida or ships with tracking.",36.00,USD,General Merchandise,TRUE,TRUE,TRUE,1
,Holy Bible New International Version NIV Zondervan Blue Paperback,Default,EB-205498588980,"Holy Bible New International Version NIV Zondervan Blue Paperback. Category: Books. Sold by OnlineRecycle — tested, described accurately. Local pickup available in Central Florida or ships with tracking.",9.54,USD,Books,TRUE,TRUE,TRUE,1
,Supernatural Santana Arista Records Love of My Life Africa Bamba Migra No Case,Default,EB-205501388451,"Supernatural Santana Arista Records Love of My Life Africa Bamba Migra No Case. Category: Music & Audio. Sold by OnlineRecycle — tested, described accurately. Local pickup available in Central Florida or ships with tracking.",4.92,USD,Music & Audio,TRUE,TRUE,TRUE,1
,"Jimmy Buffet : Ballads CD( MCA, 1992, Compilation - 19 Songs) Disc Only",Default,EB-205501394436,"Jimmy Buffet : Ballads CD( MCA, 1992, Compilation - 19 Songs) Disc Only. Category: Music & Audio. Sold by OnlineRecycle — tested, described accurately. Local pickup available in Central Florida or ships with tracking.",9.00,USD,Music & Audio,TRUE,TRUE,TRUE,1
,"Operation: Survival by Franklin W. Dixon (2005, Trade Paperback)",Default,EB-205502679312,"Operation: Survival by Franklin W. Dixon (2005, Trade Paperback). Category: Books. Sold by OnlineRecycle — tested, described accurately. Local pickup available in Central Florida or ships with tracking.",7.98,USD,Books,TRUE,TRUE,TRUE,1
,"Sunset of the Sabertooth by Mary Pope Osborne (1996, Library Binding)",Default,EB-205502681615,"Sunset of the Sabertooth by Mary Pope Osborne (1996, Library Binding). Category: Books. Sold by OnlineRecycle — tested, described accurately. Local pickup available in Central Florida or ships with tracking.",4.15,USD,Books,TRUE,TRUE,TRUE,1
,From You to Me - Paperback By K.A. Holt - GOOD,Default,EB-205502682794,"From You to Me - Paperback By K.A. Holt - GOOD. Category: Books. Sold by OnlineRecycle — tested, described accurately. Local pickup available in Central Florida or ships with tracking.",4.58,USD,Books,TRUE,TRUE,TRUE,1
,Polar Bears Past Bedtime Magic Tree House #12 Mary Pope Osborne,Default,EB-205502685076,"Polar Bears Past Bedtime Magic Tree House #12 Mary Pope Osborne. Category: Books. Sold by OnlineRecycle — tested, described accurately. Local pickup available in Central Florida or ships with tracking.",3.16,USD,Books,TRUE,TRUE,TRUE,1
,"New Girl by Meg Cabot (2009, Digest Paperback)",Default,EB-205502693166,"New Girl by Meg Cabot (2009, Digest Paperback). Category: Books. Sold by OnlineRecycle — tested, described accurately. Local pickup available in Central Florida or ships with tracking.",4.24,USD,Books,TRUE,TRUE,TRUE,1
,"Truth or Mare (Free Rein) - paperback Hapka, Catherine",Default,EB-205502695602,"Truth or Mare (Free Rein) - paperback Hapka, Catherine. Category: Books. Sold by OnlineRecycle — tested, described accurately. Local pickup available in Central Florida or ships with tracking.",3.34,USD,Books,TRUE,TRUE,TRUE,1
,The Bad Guys Ser.: The Bad Guys by Aaron Blabey (2016) Guide To Being Good,Default,EB-205502698109,"The Bad Guys Ser.: The Bad Guys by Aaron Blabey (2016) Guide To Being Good. Category: Books. Sold by OnlineRecycle — tested, described accurately. Local pickup available in Central Florida or ships with tracking.",2.96,USD,Books,TRUE,TRUE,TRUE,1
,Dragon of the Red Dawn (Magic Tree House - A Merlin Mission) - Paperback - GOOD,Default,EB-205502706671,"Dragon of the Red Dawn (Magic Tree House - A Merlin Mission) - Paperback - GOOD. Category: Books. Sold by OnlineRecycle — tested, described accurately. Local pickup available in Central Florida or ships with tracking.",2.76,USD,Books,TRUE,TRUE,TRUE,1
,Braced - Paperback By Alyson Gerber - GOOD,Default,EB-205502712362,"Braced - Paperback By Alyson Gerber - GOOD. Category: Books. Sold by OnlineRecycle — tested, described accurately. Local pickup available in Central Florida or ships with tracking.",4.00,USD,Books,TRUE,TRUE,TRUE,1
,"Time Out, Buzzy by Emily Bolam and Harriet Ziefert (2006, Hardcover)",Default,EB-205502715309,"Time Out, Buzzy by Emily Bolam and Harriet Ziefert (2006, Hardcover). Category: Books. Sold by OnlineRecycle — tested, described accurately. Local pickup available in Central Florida or ships with tracking.",5.11,USD,Books,TRUE,TRUE,TRUE,1
,"Hey, Diddle Diddle by Kin Eagle (1999, Library Binding)",Default,EB-205502718994,"Hey, Diddle Diddle by Kin Eagle (1999, Library Binding). Category: Books. Sold by OnlineRecycle — tested, described accurately. Local pickup available in Central Florida or ships with tracking.",2.88,USD,Books,TRUE,TRUE,TRUE,1
,"Return of the Buffaloes by Paul Goble (1996, Hardcover)",Default,EB-205502721962,"Return of the Buffaloes by Paul Goble (1996, Hardcover). Category: Books. Sold by OnlineRecycle — tested, described accurately. Local pickup available in Central Florida or ships with tracking.",4.50,USD,Books,TRUE,TRUE,TRUE,1
,"Just in Case You Ever Wonder by Max Lucado (1992, Hardcover)",Default,EB-205502724289,"Just in Case You Ever Wonder by Max Lucado (1992, Hardcover). Category: Books. Sold by OnlineRecycle — tested, described accurately. Local pickup available in Central Florida or ships with tracking.",3.72,USD,Books,TRUE,TRUE,TRUE,1
,Be Quiet! by Ryan T. Higgins T Hardcover Book Disney,Default,EB-205502733195,"Be Quiet! by Ryan T. Higgins T Hardcover Book Disney. Category: Books. Sold by OnlineRecycle — tested, described accurately. Local pickup available in Central Florida or ships with tracking.",3.55,USD,Books,TRUE,TRUE,TRUE,1
,Dora's Storytime Collection (Dora the Explorer) - Hardcover - VERY GOOD,Default,EB-205502734029,"Dora's Storytime Collection (Dora the Explorer) - Hardcover - VERY GOOD. Category: Books. Sold by OnlineRecycle — tested, described accurately. Local pickup available in Central Florida or ships with tracking.",3.92,USD,Books,TRUE,TRUE,TRUE,1
,Printshop Version 21 User Manual Only,Default,EB-205502742654,"Printshop Version 21 User Manual Only. Category: General Merchandise. Sold by OnlineRecycle — tested, described accurately. Local pickup available in Central Florida or ships with tracking.",9.00,USD,General Merchandise,TRUE,TRUE,TRUE,1
,Mark Skousen's Complete Guide to Financial Privacy Hard Cover,Default,EB-205502755153,"Mark Skousen's Complete Guide to Financial Privacy Hard Cover. Category: Collectibles & Antiques. Sold by OnlineRecycle — tested, described accurately. Local pickup available in Central Florida or ships with tracking.",14.00,USD,Collectibles & Antiques,TRUE,TRUE,TRUE,1
,How to Do Everything Ser.: How to Do Everything with Photoshop Elements by Molly,Default,EB-205502762446,"How to Do Everything Ser.: How to Do Everything with Photoshop Elements by Molly. Category: Books. Sold by OnlineRecycle — tested, described accurately. Local pickup available in Central Florida or ships with tracking.",4.70,USD,Books,TRUE,TRUE,TRUE,1
,"Maestro : Greenspan's Fed and the American Boom by Bob Woodward (2001,...",Default,EB-205502765417,"Maestro : Greenspan's Fed and the American Boom by Bob Woodward (2001,.... Category: Books. Sold by OnlineRecycle — tested, described accurately. Local pickup available in Central Florida or ships with tracking.",4.91,USD,Books,TRUE,TRUE,TRUE,1
,"Homo Deus : A Brief History of Tomorrow by Yuval Noah Harari (2017, Hardcover)",Default,EB-205502769320,"Homo Deus : A Brief History of Tomorrow by Yuval Noah Harari (2017, Hardcover). Category: Books. Sold by OnlineRecycle — tested, described accurately. Local pickup available in Central Florida or ships with tracking.",6.93,USD,Books,TRUE,TRUE,TRUE,1
,"Winter Games : A Mystery by John Feinstein (1995, Hardcover)",Default,EB-205502770053,"Winter Games : A Mystery by John Feinstein (1995, Hardcover). Category: Books. Sold by OnlineRecycle — tested, described accurately. Local pickup available in Central Florida or ships with tracking.",3.07,USD,Books,TRUE,TRUE,TRUE,1
,HARRY POTTER and the Goblet of Fire J.K. Rowling - First Paperback Printing,Default,EB-205502779378,"HARRY POTTER and the Goblet of Fire J.K. Rowling - First Paperback Printing. Category: Books. Sold by OnlineRecycle — tested, described accurately. Local pickup available in Central Florida or ships with tracking.",7.00,USD,Books,TRUE,TRUE,TRUE,1
,First Edition 1977 SRIMAD BHAGAVATAM Ninth Canto Part 2 9-2 Bhaktivedanta Swami,Default,EB-205502790130,"First Edition 1977 SRIMAD BHAGAVATAM Ninth Canto Part 2 9-2 Bhaktivedanta Swami. Category: Collectibles & Antiques. Sold by OnlineRecycle — tested, described accurately. Local pickup available in Central Florida or ships with tracking.",99.00,USD,Collectibles & Antiques,TRUE,TRUE,TRUE,1
,1981 SRIMAD BHAGAVATAM Ninth Canto Part 2 # 1-2 Bhaktivedanta Swami,Default,EB-205502798051,"1981 SRIMAD BHAGAVATAM Ninth Canto Part 2 # 1-2 Bhaktivedanta Swami. Category: Collectibles & Antiques. Sold by OnlineRecycle — tested, described accurately. Local pickup available in Central Florida or ships with tracking.",99.00,USD,Collectibles & Antiques,TRUE,TRUE,TRUE,1
,"A Study in Scarlet & The Hound of the Baskervilles 1986, Hardcover NOTE SR1",Default,EB-205502805270,"A Study in Scarlet & The Hound of the Baskervilles 1986, Hardcover NOTE SR1. Category: Collectibles & Antiques. Sold by OnlineRecycle — tested, described accurately. Local pickup available in Central Florida or ships with tracking.",14.00,USD,Collectibles & Antiques,TRUE,TRUE,TRUE,1
,"Body Double by Tess Gerritsen (2004, Hardcover)",Default,EB-205502807963,"Body Double by Tess Gerritsen (2004, Hardcover). Category: Books. Sold by OnlineRecycle — tested, described accurately. Local pickup available in Central Florida or ships with tracking.",2.83,USD,Books,TRUE,TRUE,TRUE,1
,Danielle Steel's Jewels 1992 - Hardcover Book,Default,EB-205502812643,"Danielle Steel's Jewels 1992 - Hardcover Book. Category: Books. Sold by OnlineRecycle — tested, described accurately. Local pickup available in Central Florida or ships with tracking.",3.18,USD,Books,TRUE,TRUE,TRUE,1
,MADONNA Die another day ULTRA RARE GERMANY PROMO CD SINGLE JAMES BOND 2002 RARE,Default,EB-205505529513,"MADONNA Die another day ULTRA RARE GERMANY PROMO CD SINGLE JAMES BOND 2002 RARE. Category: Music & Audio. Sold by OnlineRecycle — tested, described accurately. Local pickup available in Central Florida or ships with tracking.",13.00,USD,Music & Audio,TRUE,TRUE,TRUE,1
,"Retrospective, The Best Of Suzanne Vega - Suzanne Vega Digital Audio CD 2003 A&M",Default,EB-205505538881,"Retrospective, The Best Of Suzanne Vega - Suzanne Vega Digital Audio CD 2003 A&M. Category: Music & Audio. Sold by OnlineRecycle — tested, described accurately. Local pickup available in Central Florida or ships with tracking.",5.00,USD,Music & Audio,TRUE,TRUE,TRUE,1
,The Marshall Tucker Band - Southern Spirit,Default,EB-205505544040,"The Marshall Tucker Band - Southern Spirit. Category: General Merchandise. Sold by OnlineRecycle — tested, described accurately. Local pickup available in Central Florida or ships with tracking.",29.00,USD,General Merchandise,TRUE,TRUE,TRUE,1
,Victoria Secret Sting Exclusive Songs Of Love CD 8 Songs - DISC ONLY,Default,EB-205505728311,"Victoria Secret Sting Exclusive Songs Of Love CD 8 Songs - DISC ONLY. Category: Music & Audio. Sold by OnlineRecycle — tested, described accurately. Local pickup available in Central Florida or ships with tracking.",11.68,USD,Music & Audio,TRUE,TRUE,TRUE,1
,blink-182 : Take Off Your Pants And Jacket-CD-2001- Disc Only,Default,EB-205509195279,"blink-182 : Take Off Your Pants And Jacket-CD-2001- Disc Only. Category: Music & Audio. Sold by OnlineRecycle — tested, described accurately. Local pickup available in Central Florida or ships with tracking.",6.55,USD,Music & Audio,TRUE,TRUE,TRUE,1
,"The Best of The Stray Cats by The Stray Cats (CD, 1998) Disc Only",Default,EB-205509247393,"The Best of The Stray Cats by The Stray Cats (CD, 1998) Disc Only. Category: Music & Audio. Sold by OnlineRecycle — tested, described accurately. Local pickup available in Central Florida or ships with tracking.",2.62,USD,Music & Audio,TRUE,TRUE,TRUE,1
,Natalie Merchant - Tigerlily - CD (1995) Disc Only,Default,EB-205509251399,"Natalie Merchant - Tigerlily - CD (1995) Disc Only. Category: Music & Audio. Sold by OnlineRecycle — tested, described accurately. Local pickup available in Central Florida or ships with tracking.",3.77,USD,Music & Audio,TRUE,TRUE,TRUE,1
,CD RUSH - GRACE UNDER PRESSURE / MERCURY RECORDS 1997 / Disc Only,Default,EB-205509255470,"CD RUSH - GRACE UNDER PRESSURE / MERCURY RECORDS 1997 / Disc Only. Category: Music & Audio. Sold by OnlineRecycle — tested, described accurately. Local pickup available in Central Florida or ships with tracking.",8.65,USD,Music & Audio,TRUE,TRUE,TRUE,1
,Rush Debut Album Self Titled 1974 P2-34623 Disc Only,Default,EB-205509278682,"Rush Debut Album Self Titled 1974 P2-34623 Disc Only. Category: Music & Audio. Sold by OnlineRecycle — tested, described accurately. Local pickup available in Central Florida or ships with tracking.",7.25,USD,Music & Audio,TRUE,TRUE,TRUE,1
,"StarTech 2.5"" to 3.5"" SATA Aluminum Hard Drive Adapter Enclosure #25SAT35HDD",Default,EB-205509338313,"StarTech 2.5"" to 3.5"" SATA Aluminum Hard Drive Adapter Enclosure #25SAT35HDD. Category: Collectibles & Antiques. Sold by OnlineRecycle — tested, described accurately. Local pickup available in Central Florida or ships with tracking.",19.99,USD,Collectibles & Antiques,TRUE,TRUE,TRUE,8
,Pine Mountain Traditional Firelog Fast Easy Lighting 2-Hour Burn Time,Default,EB-205509383814,"Pine Mountain Traditional Firelog Fast Easy Lighting 2-Hour Burn Time. Category: General Merchandise. Sold by OnlineRecycle — tested, described accurately. Local pickup available in Central Florida or ships with tracking.",9.00,USD,General Merchandise,TRUE,TRUE,TRUE,1
,Brewington Bottle Capper Red With Caps,Default,EB-205509435973,"Brewington Bottle Capper Red With Caps. Category: General Merchandise. Sold by OnlineRecycle — tested, described accurately. Local pickup available in Central Florida or ships with tracking.",21.24,USD,General Merchandise,TRUE,TRUE,TRUE,1
,"The Journey: The Best of Adiemus by Adiemus (CD, Nov-1999, Higher Octave)",Default,EB-205509454994,"The Journey: The Best of Adiemus by Adiemus (CD, Nov-1999, Higher Octave). Category: Music & Audio. Sold by OnlineRecycle — tested, described accurately. Local pickup available in Central Florida or ships with tracking.",2.78,USD,Music & Audio,TRUE,TRUE,TRUE,1
,"R. E. M. - Dead Letter Office (CD, 1987, BMG Direct)",Default,EB-205509460400,"R. E. M. - Dead Letter Office (CD, 1987, BMG Direct). Category: Music & Audio. Sold by OnlineRecycle — tested, described accurately. Local pickup available in Central Florida or ships with tracking.",4.24,USD,Music & Audio,TRUE,TRUE,TRUE,1
,Rush - Caress Of Steel (remastered) CD Disc Only Classic,Default,EB-205511426500,"Rush - Caress Of Steel (remastered) CD Disc Only Classic. Category: Music & Audio. Sold by OnlineRecycle — tested, described accurately. Local pickup available in Central Florida or ships with tracking.",6.64,USD,Music & Audio,TRUE,TRUE,TRUE,1
,John Tesh With The Colorado Symphony Orchestra – Live At Red Rocks (CD)Disc Only,Default,EB-205511440513,"John Tesh With The Colorado Symphony Orchestra – Live At Red Rocks (CD)Disc Only. Category: Music & Audio. Sold by OnlineRecycle — tested, described accurately. Local pickup available in Central Florida or ships with tracking.",4.19,USD,Music & Audio,TRUE,TRUE,TRUE,1
,TDK D90 Standard Audio Cassette (A00808-20) New Sealed,Default,EB-205512601214,"TDK D90 Standard Audio Cassette (A00808-20) New Sealed. Category: General Merchandise. Sold by OnlineRecycle — tested, described accurately. Local pickup available in Central Florida or ships with tracking.",3.00,USD,General Merchandise,TRUE,TRUE,TRUE,2
,TDK Hi8 120 MP Video Cassette - Black (P6-120HP),Default,EB-205512602742,"TDK Hi8 120 MP Video Cassette - Black (P6-120HP). Category: General Merchandise. Sold by OnlineRecycle — tested, described accurately. Local pickup available in Central Florida or ships with tracking.",12.00,USD,General Merchandise,TRUE,TRUE,TRUE,2
,Kenny G Faith Holiday Album Audio CD 1999 Arista Records CD Disc Only,Default,EB-205512736116,"Kenny G Faith Holiday Album Audio CD 1999 Arista Records CD Disc Only. Category: Music & Audio. Sold by OnlineRecycle — tested, described accurately. Local pickup available in Central Florida or ships with tracking.",4.20,USD,Music & Audio,TRUE,TRUE,TRUE,1
,Better Than Ezra Delux In The Blood Good Southern Girl Rosealia Teenager CD Only,Default,EB-205512743454,"Better Than Ezra Delux In The Blood Good Southern Girl Rosealia Teenager CD Only. Category: Music & Audio. Sold by OnlineRecycle — tested, described accurately. Local pickup available in Central Florida or ships with tracking.",5.00,USD,Music & Audio,TRUE,TRUE,TRUE,1
,Enya CD Paint the Sky with Stars - Disc Only,Default,EB-205512819754,"Enya CD Paint the Sky with Stars - Disc Only. Category: Music & Audio. Sold by OnlineRecycle — tested, described accurately. Local pickup available in Central Florida or ships with tracking.",3.00,USD,Music & Audio,TRUE,TRUE,TRUE,1
,"Zoot Suit Riot by Cherry Poppin' Daddies (CD ONLY!, Nov-1998, Uptown/Universal)",Default,EB-205512847383,"Zoot Suit Riot by Cherry Poppin' Daddies (CD ONLY!, Nov-1998, Uptown/Universal). Category: Music & Audio. Sold by OnlineRecycle — tested, described accurately. Local pickup available in Central Florida or ships with tracking.",4.39,USD,Music & Audio,TRUE,TRUE,TRUE,1
,"Bob Dylan's Greatest Hits by Dylan, Bob (CD, 1999) Disc Only",Default,EB-205513421206,"Bob Dylan's Greatest Hits by Dylan, Bob (CD, 1999) Disc Only. Category: Music & Audio. Sold by OnlineRecycle — tested, described accurately. Local pickup available in Central Florida or ships with tracking.",6.32,USD,Music & Audio,TRUE,TRUE,TRUE,1
,THE 30TH ANNIVERSARY CONCERT CELEBRATION Disc 2 Only CD Only,Default,EB-205513436948,"THE 30TH ANNIVERSARY CONCERT CELEBRATION Disc 2 Only CD Only. Category: Music & Audio. Sold by OnlineRecycle — tested, described accurately. Local pickup available in Central Florida or ships with tracking.",6.83,USD,Music & Audio,TRUE,TRUE,TRUE,1
,Adam Ant - Antics In The Forbidden Zone CD- 90s New Wave/post Punk Rock -CD Only,Default,EB-205513443667,"Adam Ant - Antics In The Forbidden Zone CD- 90s New Wave/post Punk Rock -CD Only. Category: Music & Audio. Sold by OnlineRecycle — tested, described accurately. Local pickup available in Central Florida or ships with tracking.",9.51,USD,Music & Audio,TRUE,TRUE,TRUE,1
,Lonestar : Crazy Nights CD,Default,EB-205513446958,"Lonestar : Crazy Nights CD. Category: Music & Audio. Sold by OnlineRecycle — tested, described accurately. Local pickup available in Central Florida or ships with tracking.",4.20,USD,Music & Audio,TRUE,TRUE,TRUE,1
,Genesis ...And Then There Were Three... (CD) Album Disc Only,Default,EB-205513450156,"Genesis ...And Then There Were Three... (CD) Album Disc Only. Category: Music & Audio. Sold by OnlineRecycle — tested, described accurately. Local pickup available in Central Florida or ships with tracking.",17.00,USD,Music & Audio,TRUE,TRUE,TRUE,1
,5 in 1 AV Component Audio Video Cable HD Nintendo Wii Sony PS3 PS2 PS1 Xbox 360,Default,EB-205515847033,"5 in 1 AV Component Audio Video Cable HD Nintendo Wii Sony PS3 PS2 PS1 Xbox 360. Category: General Merchandise. Sold by OnlineRecycle — tested, described accurately. Local pickup available in Central Florida or ships with tracking.",10.75,USD,General Merchandise,TRUE,TRUE,TRUE,1
,Sony PlayStation 3 PS3 Wireless Keypad Keyboard For Controller - Works No Cord,Default,EB-205516621947,"Sony PlayStation 3 PS3 Wireless Keypad Keyboard For Controller - Works No Cord. Category: General Merchandise. Sold by OnlineRecycle — tested, described accurately. Local pickup available in Central Florida or ships with tracking.",14.24,USD,General Merchandise,TRUE,TRUE,TRUE,1
,Andre the Famous Harbor Seal by Hodgkins,Default,EB-205518146570,"Andre the Famous Harbor Seal by Hodgkins. Category: Books. Sold by OnlineRecycle — tested, described accurately. Local pickup available in Central Florida or ships with tracking.",4.42,USD,Books,TRUE,TRUE,TRUE,1
,"Rainbow Six (A Jack Ryan Novel) - Hardcover By Clancy, Tom - GOOD",Default,EB-205518149925,"Rainbow Six (A Jack Ryan Novel) - Hardcover By Clancy, Tom - GOOD. Category: Books. Sold by OnlineRecycle — tested, described accurately. Local pickup available in Central Florida or ships with tracking.",4.30,USD,Books,TRUE,TRUE,TRUE,1
,"Bay Tables Savor the Abundance by Junior League of Mobile, HC, 1999 1st Edition",Default,EB-205520488747,"Bay Tables Savor the Abundance by Junior League of Mobile, HC, 1999 1st Edition. Category: Books. Sold by OnlineRecycle — tested, described accurately. Local pickup available in Central Florida or ships with tracking.",6.82,USD,Books,TRUE,TRUE,TRUE,1
,Screen Actors Guild Awards,Default,EB-205525029799,"Screen Actors Guild Awards. Category: Movies & Entertainment. Sold by OnlineRecycle — tested, described accurately. Local pickup available in Central Florida or ships with tracking.",5.00,USD,Movies & Entertainment,TRUE,TRUE,TRUE,1
,"The Jolly Boys' Last Stand (DVD, 2000)",Default,EB-205577405743,"The Jolly Boys' Last Stand (DVD, 2000). Category: Movies & Entertainment. Sold by OnlineRecycle — tested, described accurately. Local pickup available in Central Florida or ships with tracking.",3.64,USD,Movies & Entertainment,TRUE,TRUE,TRUE,1
,"Lara Croft Tomb Raider: the Cradle of Life (DVD, 2003)",Default,EB-205577414641,"Lara Croft Tomb Raider: the Cradle of Life (DVD, 2003). Category: Movies & Entertainment. Sold by OnlineRecycle — tested, described accurately. Local pickup available in Central Florida or ships with tracking.",2.50,USD,Movies & Entertainment,TRUE,TRUE,TRUE,1
,"Little House on the Prairie - The Pilot (DVD, 2001)",Default,EB-205577419714,"Little House on the Prairie - The Pilot (DVD, 2001). Category: Movies & Entertainment. Sold by OnlineRecycle — tested, described accurately. Local pickup available in Central Florida or ships with tracking.",4.08,USD,Movies & Entertainment,TRUE,TRUE,TRUE,1
,"The Fifth Element (DVD, 1997)",Default,EB-205577420132,"The Fifth Element (DVD, 1997). Category: Movies & Entertainment. Sold by OnlineRecycle — tested, described accurately. Local pickup available in Central Florida or ships with tracking.",4.81,USD,Movies & Entertainment,TRUE,TRUE,TRUE,1
,"Half Past Dead (DVD, 2003)",Default,EB-205577422044,"Half Past Dead (DVD, 2003). Category: Movies & Entertainment. Sold by OnlineRecycle — tested, described accurately. Local pickup available in Central Florida or ships with tracking.",3.75,USD,Movies & Entertainment,TRUE,TRUE,TRUE,1
,"Dungeons & Dragons (DVD, 2000)",Default,EB-205577423268,"Dungeons & Dragons (DVD, 2000). Category: Movies & Entertainment. Sold by OnlineRecycle — tested, described accurately. Local pickup available in Central Florida or ships with tracking.",3.15,USD,Movies & Entertainment,TRUE,TRUE,TRUE,1
,"The Squid and the Whale (DVD, 2005)",Default,EB-205577425664,"The Squid and the Whale (DVD, 2005). Category: Movies & Entertainment. Sold by OnlineRecycle — tested, described accurately. Local pickup available in Central Florida or ships with tracking.",2.64,USD,Movies & Entertainment,TRUE,TRUE,TRUE,1
,"Final Fantasy: the Spirits Within (DVD, 2001)",Default,EB-205577427910,"Final Fantasy: the Spirits Within (DVD, 2001). Category: Movies & Entertainment. Sold by OnlineRecycle — tested, described accurately. Local pickup available in Central Florida or ships with tracking.",2.99,USD,Movies & Entertainment,TRUE,TRUE,TRUE,1
,"About Schmidt (DVD, 2003)",Default,EB-205577430136,"About Schmidt (DVD, 2003). Category: Movies & Entertainment. Sold by OnlineRecycle — tested, described accurately. Local pickup available in Central Florida or ships with tracking.",2.78,USD,Movies & Entertainment,TRUE,TRUE,TRUE,1
,"Law Abiding Citizen (DVD, 2009)",Default,EB-205577432217,"Law Abiding Citizen (DVD, 2009). Category: Movies & Entertainment. Sold by OnlineRecycle — tested, described accurately. Local pickup available in Central Florida or ships with tracking.",4.39,USD,Movies & Entertainment,TRUE,TRUE,TRUE,1
,"Margot at the Wedding (DVD, 2007)",Default,EB-205577433822,"Margot at the Wedding (DVD, 2007). Category: Movies & Entertainment. Sold by OnlineRecycle — tested, described accurately. Local pickup available in Central Florida or ships with tracking.",3.60,USD,Movies & Entertainment,TRUE,TRUE,TRUE,1
,"Juno (DVD, 2007)",Default,EB-205577434763,"Juno (DVD, 2007). Category: Movies & Entertainment. Sold by OnlineRecycle — tested, described accurately. Local pickup available in Central Florida or ships with tracking.",2.14,USD,Movies & Entertainment,TRUE,TRUE,TRUE,1
,"Love & Basketball (DVD, 2000)",Default,EB-205577436607,"Love & Basketball (DVD, 2000). Category: Movies & Entertainment. Sold by OnlineRecycle — tested, described accurately. Local pickup available in Central Florida or ships with tracking.",2.49,USD,Movies & Entertainment,TRUE,TRUE,TRUE,1
,"Druids (DVD, 2001)",Default,EB-205577437292,"Druids (DVD, 2001). Category: Movies & Entertainment. Sold by OnlineRecycle — tested, described accurately. Local pickup available in Central Florida or ships with tracking.",2.50,USD,Movies & Entertainment,TRUE,TRUE,TRUE,1
,"A River Runs Through It (DVD, 1992)",Default,EB-205577437560,"A River Runs Through It (DVD, 1992). Category: Movies & Entertainment. Sold by OnlineRecycle — tested, described accurately. Local pickup available in Central Florida or ships with tracking.",4.39,USD,Movies & Entertainment,TRUE,TRUE,TRUE,1
,"Into the Blue (DVD, 2005, Widescreen)",Default,EB-205577438124,"Into the Blue (DVD, 2005, Widescreen). Category: Movies & Entertainment. Sold by OnlineRecycle — tested, described accurately. Local pickup available in Central Florida or ships with tracking.",2.18,USD,Movies & Entertainment,TRUE,TRUE,TRUE,1
,"The Legend of Zorro (DVD, 2006, Full Screen)",Default,EB-205577438530,"The Legend of Zorro (DVD, 2006, Full Screen). Category: Movies & Entertainment. Sold by OnlineRecycle — tested, described accurately. Local pickup available in Central Florida or ships with tracking.",8.47,USD,Movies & Entertainment,TRUE,TRUE,TRUE,1
,"Dave Chappelle's Block Party (DVD, 2006)",Default,EB-205577439288,"Dave Chappelle's Block Party (DVD, 2006). Category: Movies & Entertainment. Sold by OnlineRecycle — tested, described accurately. Local pickup available in Central Florida or ships with tracking.",2.45,USD,Movies & Entertainment,TRUE,TRUE,TRUE,1
,"My Giant (DVD, 1998)",Default,EB-205577452703,"My Giant (DVD, 1998). Category: Movies & Entertainment. Sold by OnlineRecycle — tested, described accurately. Local pickup available in Central Florida or ships with tracking.",4.67,USD,Movies & Entertainment,TRUE,TRUE,TRUE,1
,"The Matrix Reloaded (DVD, 2003)",Default,EB-205577459460,"The Matrix Reloaded (DVD, 2003). Category: Movies & Entertainment. Sold by OnlineRecycle — tested, described accurately. Local pickup available in Central Florida or ships with tracking.",2.75,USD,Movies & Entertainment,TRUE,TRUE,TRUE,1
,"Matrix (DVD, 1999)",Default,EB-205577461669,"Matrix (DVD, 1999). Category: Movies & Entertainment. Sold by OnlineRecycle — tested, described accurately. Local pickup available in Central Florida or ships with tracking.",6.99,USD,Movies & Entertainment,TRUE,TRUE,TRUE,1
,"Starship Troopers (DVD, 1997)",Default,EB-205577462319,"Starship Troopers (DVD, 1997). Category: Movies & Entertainment. Sold by OnlineRecycle — tested, described accurately. Local pickup available in Central Florida or ships with tracking.",2.81,USD,Movies & Entertainment,TRUE,TRUE,TRUE,1
,"Romancing the Stone (DVD, 1984)",Default,EB-205577464084,"Romancing the Stone (DVD, 1984). Category: Movies & Entertainment. Sold by OnlineRecycle — tested, described accurately. Local pickup available in Central Florida or ships with tracking.",6.48,USD,Movies & Entertainment,TRUE,TRUE,TRUE,1
,"Tora Tora Tora (DVD, 1999)",Default,EB-205577464560,"Tora Tora Tora (DVD, 1999). Category: Movies & Entertainment. Sold by OnlineRecycle — tested, described accurately. Local pickup available in Central Florida or ships with tracking.",7.00,USD,Movies & Entertainment,TRUE,TRUE,TRUE,1
,From Hell (DVD),Default,EB-205577468802,"From Hell (DVD). Category: Movies & Entertainment. Sold by OnlineRecycle — tested, described accurately. Local pickup available in Central Florida or ships with tracking.",5.31,USD,Movies & Entertainment,TRUE,TRUE,TRUE,1
,Staten Island (DVD),Default,EB-205577509353,"Staten Island (DVD). Category: Movies & Entertainment. Sold by OnlineRecycle — tested, described accurately. Local pickup available in Central Florida or ships with tracking.",3.04,USD,Movies & Entertainment,TRUE,TRUE,TRUE,1
,"Police Academy (DVD, 1984)",Default,EB-205577510557,"Police Academy (DVD, 1984). Category: Movies & Entertainment. Sold by OnlineRecycle — tested, described accurately. Local pickup available in Central Florida or ships with tracking.",2.62,USD,Movies & Entertainment,TRUE,TRUE,TRUE,1
,"Into the Wild (DVD, 2007)",Default,EB-205577511658,"Into the Wild (DVD, 2007). Category: Movies & Entertainment. Sold by OnlineRecycle — tested, described accurately. Local pickup available in Central Florida or ships with tracking.",5.00,USD,Movies & Entertainment,TRUE,TRUE,TRUE,1
,"The Shining (DVD, 1999, Kubrick Collection)",Default,EB-205577513304,"The Shining (DVD, 1999, Kubrick Collection). Category: Movies & Entertainment. Sold by OnlineRecycle — tested, described accurately. Local pickup available in Central Florida or ships with tracking.",4.89,USD,Movies & Entertainment,TRUE,TRUE,TRUE,1
,Terror/Bucket of Blood (DVD),Default,EB-205577514095,"Terror/Bucket of Blood (DVD). Category: Movies & Entertainment. Sold by OnlineRecycle — tested, described accurately. Local pickup available in Central Florida or ships with tracking.",8.09,USD,Movies & Entertainment,TRUE,TRUE,TRUE,1
,"Alien 3 (DVD, 1992)",Default,EB-205577514485,"Alien 3 (DVD, 1992). Category: Movies & Entertainment. Sold by OnlineRecycle — tested, described accurately. Local pickup available in Central Florida or ships with tracking.",8.54,USD,Movies & Entertainment,TRUE,TRUE,TRUE,1
,"Blade (DVD, 1998)",Default,EB-205577514955,"Blade (DVD, 1998). Category: Movies & Entertainment. Sold by OnlineRecycle — tested, described accurately. Local pickup available in Central Florida or ships with tracking.",3.44,USD,Movies & Entertainment,TRUE,TRUE,TRUE,1
,"Blade II (DVD, 2002)",Default,EB-205577515358,"Blade II (DVD, 2002). Category: Movies & Entertainment. Sold by OnlineRecycle — tested, described accurately. Local pickup available in Central Florida or ships with tracking.",4.30,USD,Movies & Entertainment,TRUE,TRUE,TRUE,1
,"Bend It like Beckham (DVD, 2003)",Default,EB-205577516612,"Bend It like Beckham (DVD, 2003). Category: Movies & Entertainment. Sold by OnlineRecycle — tested, described accurately. Local pickup available in Central Florida or ships with tracking.",3.04,USD,Movies & Entertainment,TRUE,TRUE,TRUE,1
,"X-Men (DVD, 2000, Sensormatic)",Default,EB-205577517064,"X-Men (DVD, 2000, Sensormatic). Category: Movies & Entertainment. Sold by OnlineRecycle — tested, described accurately. Local pickup available in Central Florida or ships with tracking.",2.87,USD,Movies & Entertainment,TRUE,TRUE,TRUE,1
,"Demon Knight (DVD, 1995)",Default,EB-205577517649,"Demon Knight (DVD, 1995). Category: Movies & Entertainment. Sold by OnlineRecycle — tested, described accurately. Local pickup available in Central Florida or ships with tracking.",5.81,USD,Movies & Entertainment,TRUE,TRUE,TRUE,1
,"The Babysitters (DVD, 2008)",Default,EB-205578314984,"The Babysitters (DVD, 2008). Category: Movies & Entertainment. Sold by OnlineRecycle — tested, described accurately. Local pickup available in Central Florida or ships with tracking.",6.40,USD,Movies & Entertainment,TRUE,TRUE,TRUE,1
,"Mimic (DVD, 1998, Widescreen)",Default,EB-205578318879,"Mimic (DVD, 1998, Widescreen). Category: Movies & Entertainment. Sold by OnlineRecycle — tested, described accurately. Local pickup available in Central Florida or ships with tracking.",6.41,USD,Movies & Entertainment,TRUE,TRUE,TRUE,1
,"Project X (DVD, 2012)",Default,EB-205578320218,"Project X (DVD, 2012). Category: Movies & Entertainment. Sold by OnlineRecycle — tested, described accurately. Local pickup available in Central Florida or ships with tracking.",3.00,USD,Movies & Entertainment,TRUE,TRUE,TRUE,1
,"Freddy Vs Jason (DVD, 2003)",Default,EB-205578321698,"Freddy Vs Jason (DVD, 2003). Category: Movies & Entertainment. Sold by OnlineRecycle — tested, described accurately. Local pickup available in Central Florida or ships with tracking.",4.26,USD,Movies & Entertainment,TRUE,TRUE,TRUE,1
,"American History X (DVD, 1998)",Default,EB-205578322810,"American History X (DVD, 1998). Category: Movies & Entertainment. Sold by OnlineRecycle — tested, described accurately. Local pickup available in Central Florida or ships with tracking.",4.35,USD,Movies & Entertainment,TRUE,TRUE,TRUE,1
,"Holes (DVD, 2003)",Default,EB-205578324114,"Holes (DVD, 2003). Category: Movies & Entertainment. Sold by OnlineRecycle — tested, described accurately. Local pickup available in Central Florida or ships with tracking.",5.60,USD,Movies & Entertainment,TRUE,TRUE,TRUE,1
,"Snow Dogs (DVD, 2002)",Default,EB-205578325222,"Snow Dogs (DVD, 2002). Category: Movies & Entertainment. Sold by OnlineRecycle — tested, described accurately. Local pickup available in Central Florida or ships with tracking.",5.98,USD,Movies & Entertainment,TRUE,TRUE,TRUE,1
,"P2 (DVD, 2007)",Default,EB-205578326393,"P2 (DVD, 2007). Category: Movies & Entertainment. Sold by OnlineRecycle — tested, described accurately. Local pickup available in Central Florida or ships with tracking.",5.89,USD,Movies & Entertainment,TRUE,TRUE,TRUE,1
,"Wrong Turn (DVD, 2003)",Default,EB-205578327857,"Wrong Turn (DVD, 2003). Category: Movies & Entertainment. Sold by OnlineRecycle — tested, described accurately. Local pickup available in Central Florida or ships with tracking.",5.56,USD,Movies & Entertainment,TRUE,TRUE,TRUE,1
,"The Real Cancun (DVD, 2003)",Default,EB-205578329629,"The Real Cancun (DVD, 2003). Category: Movies & Entertainment. Sold by OnlineRecycle — tested, described accurately. Local pickup available in Central Florida or ships with tracking.",5.50,USD,Movies & Entertainment,TRUE,TRUE,TRUE,1
,4-Movie Marathon: Conspiracy Collection (DVD),Default,EB-205578332937,"4-Movie Marathon: Conspiracy Collection (DVD). Category: Movies & Entertainment. Sold by OnlineRecycle — tested, described accurately. Local pickup available in Central Florida or ships with tracking.",7.11,USD,Movies & Entertainment,TRUE,TRUE,TRUE,1
,"Bram Stoker's Dracula (DVD, 1992)",Default,EB-205578333368,"Bram Stoker's Dracula (DVD, 1992). Category: Movies & Entertainment. Sold by OnlineRecycle — tested, described accurately. Local pickup available in Central Florida or ships with tracking.",3.99,USD,Movies & Entertainment,TRUE,TRUE,TRUE,1
,"Bunraku (DVD, 2010)",Default,EB-205578335303,"Bunraku (DVD, 2010). Category: Movies & Entertainment. Sold by OnlineRecycle — tested, described accurately. Local pickup available in Central Florida or ships with tracking.",4.79,USD,Movies & Entertainment,TRUE,TRUE,TRUE,1
,"Stella Street (DVD, 2004)",Default,EB-205578335407,"Stella Street (DVD, 2004). Category: Movies & Entertainment. Sold by OnlineRecycle — tested, described accurately. Local pickup available in Central Florida or ships with tracking.",3.33,USD,Movies & Entertainment,TRUE,TRUE,TRUE,1
,"Deceived (DVD, 2002)",Default,EB-205578335514,"Deceived (DVD, 2002). Category: Movies & Entertainment. Sold by OnlineRecycle — tested, described accurately. Local pickup available in Central Florida or ships with tracking.",14.25,USD,Movies & Entertainment,TRUE,TRUE,TRUE,1
,"Men in Black (DVD, 1997)",Default,EB-205578335781,"Men in Black (DVD, 1997). Category: Movies & Entertainment. Sold by OnlineRecycle — tested, described accurately. Local pickup available in Central Florida or ships with tracking.",3.07,USD,Movies & Entertainment,TRUE,TRUE,TRUE,1
,"S Darko-Donnie Darko Tale (DVD, 2009)",Default,EB-205578336020,"S Darko-Donnie Darko Tale (DVD, 2009). Category: Movies & Entertainment. Sold by OnlineRecycle — tested, described accurately. Local pickup available in Central Florida or ships with tracking.",4.77,USD,Movies & Entertainment,TRUE,TRUE,TRUE,1
,"The Omega Code (DVD, 1999)",Default,EB-205578336170,"The Omega Code (DVD, 1999). Category: Movies & Entertainment. Sold by OnlineRecycle — tested, described accurately. Local pickup available in Central Florida or ships with tracking.",3.31,USD,Movies & Entertainment,TRUE,TRUE,TRUE,1
,"A.I. Artificial Intelligence (DVD, 2001)",Default,EB-205578336507,"A.I. Artificial Intelligence (DVD, 2001). Category: Movies & Entertainment. Sold by OnlineRecycle — tested, described accurately. Local pickup available in Central Florida or ships with tracking.",1.99,USD,Movies & Entertainment,TRUE,TRUE,TRUE,1
,"Up in Smoke (DVD, 1978)",Default,EB-205578337497,"Up in Smoke (DVD, 1978). Category: Movies & Entertainment. Sold by OnlineRecycle — tested, described accurately. Local pickup available in Central Florida or ships with tracking.",5.39,USD,Movies & Entertainment,TRUE,TRUE,TRUE,1
,"Godzilla (DVD, 1998)",Default,EB-205578338636,"Godzilla (DVD, 1998). Category: Movies & Entertainment. Sold by OnlineRecycle — tested, described accurately. Local pickup available in Central Florida or ships with tracking.",5.75,USD,Movies & Entertainment,TRUE,TRUE,TRUE,1
,"Beetlejuice (DVD, 1988)",Default,EB-205578339833,"Beetlejuice (DVD, 1988). Category: Movies & Entertainment. Sold by OnlineRecycle — tested, described accurately. Local pickup available in Central Florida or ships with tracking.",2.50,USD,Movies & Entertainment,TRUE,TRUE,TRUE,1
,"Night of the Living Dead (1968) (DVD, 1968)",Default,EB-205578340872,"Night of the Living Dead (1968) (DVD, 1968). Category: Movies & Entertainment. Sold by OnlineRecycle — tested, described accurately. Local pickup available in Central Florida or ships with tracking.",4.99,USD,Movies & Entertainment,TRUE,TRUE,TRUE,1
,"American Nightmare (DVD, 2001)",Default,EB-205578341833,"American Nightmare (DVD, 2001). Category: Movies & Entertainment. Sold by OnlineRecycle — tested, described accurately. Local pickup available in Central Florida or ships with tracking.",25.64,USD,Movies & Entertainment,TRUE,TRUE,TRUE,1
,Fantasy Horror Collection: Volume 1 (DVD),Default,EB-205578348670,"Fantasy Horror Collection: Volume 1 (DVD). Category: Movies & Entertainment. Sold by OnlineRecycle — tested, described accurately. Local pickup available in Central Florida or ships with tracking.",5.87,USD,Movies & Entertainment,TRUE,TRUE,TRUE,1
,"Terminator 3: Rise of the Machines (DVD, 2003, 2-Disc Set, Widescreen)",Default,EB-205578349945,"Terminator 3: Rise of the Machines (DVD, 2003, 2-Disc Set, Widescreen). Category: Movies & Entertainment. Sold by OnlineRecycle — tested, described accurately. Local pickup available in Central Florida or ships with tracking.",3.67,USD,Movies & Entertainment,TRUE,TRUE,TRUE,1
,"Robin Williams - Live On Broadway (DVD, 2002)",Default,EB-205578350965,"Robin Williams - Live On Broadway (DVD, 2002). Category: Movies & Entertainment. Sold by OnlineRecycle — tested, described accurately. Local pickup available in Central Florida or ships with tracking.",2.64,USD,Movies & Entertainment,TRUE,TRUE,TRUE,1
,"Stephen Kings Golden Years (DVD, 2001)",Default,EB-205578351658,"Stephen Kings Golden Years (DVD, 2001). Category: Movies & Entertainment. Sold by OnlineRecycle — tested, described accurately. Local pickup available in Central Florida or ships with tracking.",3.00,USD,Movies & Entertainment,TRUE,TRUE,TRUE,1
,"Urban Legends: Final Cut (DVD, 2000)",Default,EB-205578351778,"Urban Legends: Final Cut (DVD, 2000). Category: Movies & Entertainment. Sold by OnlineRecycle — tested, described accurately. Local pickup available in Central Florida or ships with tracking.",6.83,USD,Movies & Entertainment,TRUE,TRUE,TRUE,1
,"Cutthroat Island (DVD, 1995)",Default,EB-205578351916,"Cutthroat Island (DVD, 1995). Category: Movies & Entertainment. Sold by OnlineRecycle — tested, described accurately. Local pickup available in Central Florida or ships with tracking.",3.30,USD,Movies & Entertainment,TRUE,TRUE,TRUE,1
,"Battlefield Earth (DVD, 2000)",Default,EB-205578352011,"Battlefield Earth (DVD, 2000). Category: Movies & Entertainment. Sold by OnlineRecycle — tested, described accurately. Local pickup available in Central Florida or ships with tracking.",5.99,USD,Movies & Entertainment,TRUE,TRUE,TRUE,1
,"Benny & Joon (DVD, 1993)",Default,EB-205578352473,"Benny & Joon (DVD, 1993). Category: Movies & Entertainment. Sold by OnlineRecycle — tested, described accurately. Local pickup available in Central Florida or ships with tracking.",3.25,USD,Movies & Entertainment,TRUE,TRUE,TRUE,1
,"How the Grinch Stole Christmas (DVD, 2001, Widescreen)",Default,EB-205578358107,"How the Grinch Stole Christmas (DVD, 2001, Widescreen). Category: Movies & Entertainment. Sold by OnlineRecycle — tested, described accurately. Local pickup available in Central Florida or ships with tracking.",5.24,USD,Movies & Entertainment,TRUE,TRUE,TRUE,1
,"Before They Were Kings - Vol. 1 (DVD, 2005)",Default,EB-205578360216,"Before They Were Kings - Vol. 1 (DVD, 2005). Category: Movies & Entertainment. Sold by OnlineRecycle — tested, described accurately. Local pickup available in Central Florida or ships with tracking.",2.03,USD,Movies & Entertainment,TRUE,TRUE,TRUE,1
,"Dorm Daze (DVD, 2009, Rated Version)",Default,EB-205578362591,"Dorm Daze (DVD, 2009, Rated Version). Category: Movies & Entertainment. Sold by OnlineRecycle — tested, described accurately. Local pickup available in Central Florida or ships with tracking.",2.03,USD,Movies & Entertainment,TRUE,TRUE,TRUE,1
,"The Boondock Saints (DVD, 1999)",Default,EB-205578364390,"The Boondock Saints (DVD, 1999). Category: Movies & Entertainment. Sold by OnlineRecycle — tested, described accurately. Local pickup available in Central Florida or ships with tracking.",1.00,USD,Movies & Entertainment,TRUE,TRUE,TRUE,1
,"The Grand (DVD, 2008)",Default,EB-205578364554,"The Grand (DVD, 2008). Category: Movies & Entertainment. Sold by OnlineRecycle — tested, described accurately. Local pickup available in Central Florida or ships with tracking.",2.22,USD,Movies & Entertainment,TRUE,TRUE,TRUE,1
,"Hoosiers (DVD, 1986)",Default,EB-205578364671,"Hoosiers (DVD, 1986). Category: Movies & Entertainment. Sold by OnlineRecycle — tested, described accurately. Local pickup available in Central Florida or ships with tracking.",4.19,USD,Movies & Entertainment,TRUE,TRUE,TRUE,1
,"Swingers (DVD, 2002)",Default,EB-205578364871,"Swingers (DVD, 2002). Category: Movies & Entertainment. Sold by OnlineRecycle — tested, described accurately. Local pickup available in Central Florida or ships with tracking.",2.22,USD,Movies & Entertainment,TRUE,TRUE,TRUE,1
,"Shoot 'em Up (DVD, 2007)",Default,EB-205578365061,"Shoot 'em Up (DVD, 2007). Category: Movies & Entertainment. Sold by OnlineRecycle — tested, described accurately. Local pickup available in Central Florida or ships with tracking.",2.82,USD,Movies & Entertainment,TRUE,TRUE,TRUE,1
,2011 Ford F150 XLT OEM Grey Driver side Sun Visor With Screws Both Brackets,Default,001,"2011 Ford F150 XLT OEM Grey Driver side Sun Visor With Screws Both Brackets. Category: General Merchandise. Sold by OnlineRecycle — tested, described accurately. Local pickup available in Central Florida or ships with tracking.",30.00,USD,General Merchandise,TRUE,TRUE,TRUE,1
,2011 Ford F150 XLT OEM Passenger Sun visor With Both Brackets And Screws,Default,002,"2011 Ford F150 XLT OEM Passenger Sun visor With Both Brackets And Screws. Category: General Merchandise. Sold by OnlineRecycle — tested, described accurately. Local pickup available in Central Florida or ships with tracking.",30.00,USD,General Merchandise,TRUE,TRUE,TRUE,1
,Lot Of 7 Makita Drills Untested No Batteries Or Chargers,Default,EB-205579148250,"Lot Of 7 Makita Drills Untested No Batteries Or Chargers. Category: Tools & Hardware. Sold by OnlineRecycle — tested, described accurately. Local pickup available in Central Florida or ships with tracking.",50.00,USD,Tools & Hardware,TRUE,TRUE,TRUE,1
,"Saving Private Ryan (DVD, 1998)",Default,EB-205582255872,"Saving Private Ryan (DVD, 1998). Category: Movies & Entertainment. Sold by OnlineRecycle — tested, described accurately. Local pickup available in Central Florida or ships with tracking.",4.30,USD,Movies & Entertainment,TRUE,TRUE,TRUE,1
,"Twilight (DVD, 2008)",Default,EB-205582260767,"Twilight (DVD, 2008). Category: Movies & Entertainment. Sold by OnlineRecycle — tested, described accurately. Local pickup available in Central Florida or ships with tracking.",2.96,USD,Movies & Entertainment,TRUE,TRUE,TRUE,1
,Strays (DVD),Default,EB-205582270561,"Strays (DVD). Category: Movies & Entertainment. Sold by OnlineRecycle — tested, described accurately. Local pickup available in Central Florida or ships with tracking.",6.49,USD,Movies & Entertainment,TRUE,TRUE,TRUE,1
,The Campaign / Due Date (DVD),Default,EB-205582277670,"The Campaign / Due Date (DVD). Category: Movies & Entertainment. Sold by OnlineRecycle — tested, described accurately. Local pickup available in Central Florida or ships with tracking.",2.74,USD,Movies & Entertainment,TRUE,TRUE,TRUE,1
,Brad Pitt/Nicole Kidman Movie Collection (DVD),Default,EB-205582282284,"Brad Pitt/Nicole Kidman Movie Collection (DVD). Category: Movies & Entertainment. Sold by OnlineRecycle — tested, described accurately. Local pickup available in Central Florida or ships with tracking.",2.68,USD,Movies & Entertainment,TRUE,TRUE,TRUE,1
,"Dirty States of America (DVD, 2003)",Default,EB-205582282832,"Dirty States of America (DVD, 2003). Category: Movies & Entertainment. Sold by OnlineRecycle — tested, described accurately. Local pickup available in Central Florida or ships with tracking.",5.64,USD,Movies & Entertainment,TRUE,TRUE,TRUE,1
,"Just Married (DVD, 2009, Wedding Faceplate)",Default,EB-205582283159,"Just Married (DVD, 2009, Wedding Faceplate). Category: Movies & Entertainment. Sold by OnlineRecycle — tested, described accurately. Local pickup available in Central Florida or ships with tracking.",2.15,USD,Movies & Entertainment,TRUE,TRUE,TRUE,1
,Last Detail / Avalon / Gardens of Stone / Birdy (DVD),Default,EB-205582316965,"Last Detail / Avalon / Gardens of Stone / Birdy (DVD). Category: Movies & Entertainment. Sold by OnlineRecycle — tested, described accurately. Local pickup available in Central Florida or ships with tracking.",3.51,USD,Movies & Entertainment,TRUE,TRUE,TRUE,1
,"Storm of the Century (DVD, 1999)",Default,EB-205582323113,"Storm of the Century (DVD, 1999). Category: Movies & Entertainment. Sold by OnlineRecycle — tested, described accurately. Local pickup available in Central Florida or ships with tracking.",5.00,USD,Movies & Entertainment,TRUE,TRUE,TRUE,1
,"The Comedy Central Roast of Pamela Anderson Uncensored (DVD, 2006)",Default,EB-205582324424,"The Comedy Central Roast of Pamela Anderson Uncensored (DVD, 2006). Category: Movies & Entertainment. Sold by OnlineRecycle — tested, described accurately. Local pickup available in Central Florida or ships with tracking.",7.54,USD,Movies & Entertainment,TRUE,TRUE,TRUE,1
,"Epic Movie (DVD, 2007, Unrated Version)",Default,EB-205582324680,"Epic Movie (DVD, 2007, Unrated Version). Category: Movies & Entertainment. Sold by OnlineRecycle — tested, described accurately. Local pickup available in Central Florida or ships with tracking.",2.95,USD,Movies & Entertainment,TRUE,TRUE,TRUE,1
,"Nutty Professor 2: the Klumps (DVD, 2000)",Default,EB-205582329847,"Nutty Professor 2: the Klumps (DVD, 2000). Category: Movies & Entertainment. Sold by OnlineRecycle — tested, described accurately. Local pickup available in Central Florida or ships with tracking.",3.00,USD,Movies & Entertainment,TRUE,TRUE,TRUE,1
,"Nutty Professor 2: the Klumps (DVD, 2000)",Default,EB-205582341607,"Nutty Professor 2: the Klumps (DVD, 2000). Category: Movies & Entertainment. Sold by OnlineRecycle — tested, described accurately. Local pickup available in Central Florida or ships with tracking.",3.57,USD,Movies & Entertainment,TRUE,TRUE,TRUE,1
,"Doomed to Die (DVD, 1940)",Default,EB-205582347163,"Doomed to Die (DVD, 1940). Category: Movies & Entertainment. Sold by OnlineRecycle — tested, described accurately. Local pickup available in Central Florida or ships with tracking.",1.00,USD,Movies & Entertainment,TRUE,TRUE,TRUE,1
,"9 (DVD, 2009)",Default,EB-205582350477,"9 (DVD, 2009). Category: Movies & Entertainment. Sold by OnlineRecycle — tested, described accurately. Local pickup available in Central Florida or ships with tracking.",9.35,USD,Movies & Entertainment,TRUE,TRUE,TRUE,1
,"Left Behind - The Movie (DVD, 2000)",Default,EB-205582353442,"Left Behind - The Movie (DVD, 2000). Category: Movies & Entertainment. Sold by OnlineRecycle — tested, described accurately. Local pickup available in Central Florida or ships with tracking.",2.68,USD,Movies & Entertainment,TRUE,TRUE,TRUE,1
,"Hulk (DVD, 2003)",Default,EB-205582357634,"Hulk (DVD, 2003). Category: Movies & Entertainment. Sold by OnlineRecycle — tested, described accurately. Local pickup available in Central Florida or ships with tracking.",8.99,USD,Movies & Entertainment,TRUE,TRUE,TRUE,1
,"Reign of Fire (DVD, 2002)",Default,EB-205582358585,"Reign of Fire (DVD, 2002). Category: Movies & Entertainment. Sold by OnlineRecycle — tested, described accurately. Local pickup available in Central Florida or ships with tracking.",3.58,USD,Movies & Entertainment,TRUE,TRUE,TRUE,1
,"Total Recall (DVD, 1997)",Default,EB-205582362538,"Total Recall (DVD, 1997). Category: Movies & Entertainment. Sold by OnlineRecycle — tested, described accurately. Local pickup available in Central Florida or ships with tracking.",2.53,USD,Movies & Entertainment,TRUE,TRUE,TRUE,1
,"Leprechaun Origins (DVD, 2014)",Default,EB-205582363652,"Leprechaun Origins (DVD, 2014). Category: Movies & Entertainment. Sold by OnlineRecycle — tested, described accurately. Local pickup available in Central Florida or ships with tracking.",1.00,USD,Movies & Entertainment,TRUE,TRUE,TRUE,1
,Catwoman DVD 2005 Fullscreen W/Sleeve Halle Barry,Default,EB-205582455421,"Catwoman DVD 2005 Fullscreen W/Sleeve Halle Barry. Category: Movies & Entertainment. Sold by OnlineRecycle — tested, described accurately. Local pickup available in Central Florida or ships with tracking.",5.95,USD,Movies & Entertainment,TRUE,TRUE,TRUE,1
,The Bob Newhart Show: the Complete First Season (DVD),Default,EB-205582458030,"The Bob Newhart Show: the Complete First Season (DVD). Category: Movies & Entertainment. Sold by OnlineRecycle — tested, described accurately. Local pickup available in Central Florida or ships with tracking.",17.99,USD,Movies & Entertainment,TRUE,TRUE,TRUE,1
,Due Date - DVD - Comedy Classic,Default,EB-205582458587,"Due Date - DVD - Comedy Classic. Category: Movies & Entertainment. Sold by OnlineRecycle — tested, described accurately. Local pickup available in Central Florida or ships with tracking.",2.84,USD,Movies & Entertainment,TRUE,TRUE,TRUE,1
,"Natural Born Killers (DVD, 2000, Director's Cut)",Default,EB-205582459463,"Natural Born Killers (DVD, 2000, Director's Cut). Category: Movies & Entertainment. Sold by OnlineRecycle — tested, described accurately. Local pickup available in Central Florida or ships with tracking.",8.99,USD,Movies & Entertainment,TRUE,TRUE,TRUE,1
,"American Pie (DVD, 1999)",Default,EB-205582460729,"American Pie (DVD, 1999). Category: Movies & Entertainment. Sold by OnlineRecycle — tested, described accurately. Local pickup available in Central Florida or ships with tracking.",4.80,USD,Movies & Entertainment,TRUE,TRUE,TRUE,1
,"Queen of the Damned (DVD, 2002)",Default,EB-205582461037,"Queen of the Damned (DVD, 2002). Category: Movies & Entertainment. Sold by OnlineRecycle — tested, described accurately. Local pickup available in Central Florida or ships with tracking.",5.19,USD,Movies & Entertainment,TRUE,TRUE,TRUE,1
,"The Bourne Identity (DVD, 2003, Widescreen)",Default,EB-205582461611,"The Bourne Identity (DVD, 2003, Widescreen). Category: Movies & Entertainment. Sold by OnlineRecycle — tested, described accurately. Local pickup available in Central Florida or ships with tracking.",15.00,USD,Movies & Entertainment,TRUE,TRUE,TRUE,1
,"Red Riding Hood (DVD, 2011)",Default,EB-205582462698,"Red Riding Hood (DVD, 2011). Category: Movies & Entertainment. Sold by OnlineRecycle — tested, described accurately. Local pickup available in Central Florida or ships with tracking.",2.99,USD,Movies & Entertainment,TRUE,TRUE,TRUE,1
,"Still Smokin' (DVD, 1983)",Default,EB-205582473176,"Still Smokin' (DVD, 1983). Category: Movies & Entertainment. Sold by OnlineRecycle — tested, described accurately. Local pickup available in Central Florida or ships with tracking.",7.99,USD,Movies & Entertainment,TRUE,TRUE,TRUE,1
,"Historias De Las Biblia (DVD, 1985)",Default,EB-205582474732,"Historias De Las Biblia (DVD, 1985). Category: Movies & Entertainment. Sold by OnlineRecycle — tested, described accurately. Local pickup available in Central Florida or ships with tracking.",11.99,USD,Movies & Entertainment,TRUE,TRUE,TRUE,1
,"Dreamcatcher (DVD, 2003, Widescreen)",Default,EB-205582476874,"Dreamcatcher (DVD, 2003, Widescreen). Category: Movies & Entertainment. Sold by OnlineRecycle — tested, described accurately. Local pickup available in Central Florida or ships with tracking.",1.00,USD,Movies & Entertainment,TRUE,TRUE,TRUE,1
,"Monsters, Inc. (DVD, 2002, 2-Disc Set, Collectors Edition)",Default,EB-205582479041,"Monsters, Inc. (DVD, 2002, 2-Disc Set, Collectors Edition). Category: Movies & Entertainment. Sold by OnlineRecycle — tested, described accurately. Local pickup available in Central Florida or ships with tracking.",4.46,USD,Movies & Entertainment,TRUE,TRUE,TRUE,1
,"Bones (DVD, 2001)",Default,EB-205582480493,"Bones (DVD, 2001). Category: Movies & Entertainment. Sold by OnlineRecycle — tested, described accurately. Local pickup available in Central Florida or ships with tracking.",2.41,USD,Movies & Entertainment,TRUE,TRUE,TRUE,1
,"Daredevil (DVD, 2009, 2-Disc Set, Special Edition Widescreen Movie Cash)",Default,EB-205582483637,"Daredevil (DVD, 2009, 2-Disc Set, Special Edition Widescreen Movie Cash). Category: Movies & Entertainment. Sold by OnlineRecycle — tested, described accurately. Local pickup available in Central Florida or ships with tracking.",2.03,USD,Movies & Entertainment,TRUE,TRUE,TRUE,1
,"Das Boot (The Director's Cut) (DVD, 1982)",Default,EB-205582485708,"Das Boot (The Director's Cut) (DVD, 1982). Category: Movies & Entertainment. Sold by OnlineRecycle — tested, described accurately. Local pickup available in Central Florida or ships with tracking.",4.00,USD,Movies & Entertainment,TRUE,TRUE,TRUE,1
,"Monty Pythons Life of Brian (DVD, 2008, 2-Disc Set, Immaculate Edition)",Default,EB-205582490181,"Monty Pythons Life of Brian (DVD, 2008, 2-Disc Set, Immaculate Edition). Category: Movies & Entertainment. Sold by OnlineRecycle — tested, described accurately. Local pickup available in Central Florida or ships with tracking.",5.88,USD,Movies & Entertainment,TRUE,TRUE,TRUE,1
,Mafia (DVD),Default,EB-205582521517,"Mafia (DVD). Category: Movies & Entertainment. Sold by OnlineRecycle — tested, described accurately. Local pickup available in Central Florida or ships with tracking.",13.99,USD,Movies & Entertainment,TRUE,TRUE,TRUE,1
,"Hot Tub Time Machine 2 (DVD, 2015)",Default,EB-205582524781,"Hot Tub Time Machine 2 (DVD, 2015). Category: Movies & Entertainment. Sold by OnlineRecycle — tested, described accurately. Local pickup available in Central Florida or ships with tracking.",2.91,USD,Movies & Entertainment,TRUE,TRUE,TRUE,1
,"Gone in 60 Seconds (DVD, 2000)",Default,EB-205582528428,"Gone in 60 Seconds (DVD, 2000). Category: Movies & Entertainment. Sold by OnlineRecycle — tested, described accurately. Local pickup available in Central Florida or ships with tracking.",3.98,USD,Movies & Entertainment,TRUE,TRUE,TRUE,1
,"The Book of Eli (DVD, 2010)",Default,EB-205582528875,"The Book of Eli (DVD, 2010). Category: Movies & Entertainment. Sold by OnlineRecycle — tested, described accurately. Local pickup available in Central Florida or ships with tracking.",4.07,USD,Movies & Entertainment,TRUE,TRUE,TRUE,1
,"Chasing Ghosts (DVD, 2005)",Default,EB-205582530526,"Chasing Ghosts (DVD, 2005). Category: Movies & Entertainment. Sold by OnlineRecycle — tested, described accurately. Local pickup available in Central Florida or ships with tracking.",4.32,USD,Movies & Entertainment,TRUE,TRUE,TRUE,1
,"Ancient Evil: Scream of the Mummy (DVD, 2006)",Default,EB-205582531274,"Ancient Evil: Scream of the Mummy (DVD, 2006). Category: Movies & Entertainment. Sold by OnlineRecycle — tested, described accurately. Local pickup available in Central Florida or ships with tracking.",1.99,USD,Movies & Entertainment,TRUE,TRUE,TRUE,1
,"In Good Company (DVD, 2005, Full Frame)",Default,EB-205582531814,"In Good Company (DVD, 2005, Full Frame). Category: Movies & Entertainment. Sold by OnlineRecycle — tested, described accurately. Local pickup available in Central Florida or ships with tracking.",1.00,USD,Movies & Entertainment,TRUE,TRUE,TRUE,1
,"Pay It Forward (DVD, 2000)",Default,EB-205582532934,"Pay It Forward (DVD, 2000). Category: Movies & Entertainment. Sold by OnlineRecycle — tested, described accurately. Local pickup available in Central Florida or ships with tracking.",1.00,USD,Movies & Entertainment,TRUE,TRUE,TRUE,1
,"Norbit (DVD, 2007)",Default,EB-205582535436,"Norbit (DVD, 2007). Category: Movies & Entertainment. Sold by OnlineRecycle — tested, described accurately. Local pickup available in Central Florida or ships with tracking.",2.64,USD,Movies & Entertainment,TRUE,TRUE,TRUE,1
,"Outer Limits - The New Series: Time Travel Infinity (DVD, 2002)",Default,EB-205582537271,"Outer Limits - The New Series: Time Travel Infinity (DVD, 2002). Category: Movies & Entertainment. Sold by OnlineRecycle — tested, described accurately. Local pickup available in Central Florida or ships with tracking.",2.99,USD,Movies & Entertainment,TRUE,TRUE,TRUE,1
,"Limitless (Blu-ray Disc, 2011, 2-Disc Set, Unrated Includes Digital Copy)",Default,EB-205582538884,"Limitless (Blu-ray Disc, 2011, 2-Disc Set, Unrated Includes Digital Copy). Category: Movies & Entertainment. Sold by OnlineRecycle — tested, described accurately. Local pickup available in Central Florida or ships with tracking.",5.50,USD,Movies & Entertainment,TRUE,TRUE,TRUE,1
,"The Mothman Prophecies (DVD, 2002)",Default,EB-205582539583,"The Mothman Prophecies (DVD, 2002). Category: Movies & Entertainment. Sold by OnlineRecycle — tested, described accurately. Local pickup available in Central Florida or ships with tracking.",4.85,USD,Movies & Entertainment,TRUE,TRUE,TRUE,1
,"Wild Hogs (DVD, 2007)",Default,EB-205582540780,"Wild Hogs (DVD, 2007). Category: Movies & Entertainment. Sold by OnlineRecycle — tested, described accurately. Local pickup available in Central Florida or ships with tracking.",2.89,USD,Movies & Entertainment,TRUE,TRUE,TRUE,1
,"50/50 (DVD, 2011)",Default,EB-205582541542,"50/50 (DVD, 2011). Category: Movies & Entertainment. Sold by OnlineRecycle — tested, described accurately. Local pickup available in Central Florida or ships with tracking.",5.09,USD,Movies & Entertainment,TRUE,TRUE,TRUE,1
,"Clash of the Titans (DVD, 2010)",Default,EB-205582542315,"Clash of the Titans (DVD, 2010). Category: Movies & Entertainment. Sold by OnlineRecycle — tested, described accurately. Local pickup available in Central Florida or ships with tracking.",2.13,USD,Movies & Entertainment,TRUE,TRUE,TRUE,1
,"Lord of War (DVD, 2005)",Default,EB-205582543351,"Lord of War (DVD, 2005). Category: Movies & Entertainment. Sold by OnlineRecycle — tested, described accurately. Local pickup available in Central Florida or ships with tracking.",1.00,USD,Movies & Entertainment,TRUE,TRUE,TRUE,1
,"ATL (DVD, 2006, Full Frame Edition)",Default,EB-205582787575,"ATL (DVD, 2006, Full Frame Edition). Category: Movies & Entertainment. Sold by OnlineRecycle — tested, described accurately. Local pickup available in Central Florida or ships with tracking.",4.34,USD,Movies & Entertainment,TRUE,TRUE,TRUE,1
,Original Kings of Comedy (DVD),Default,EB-205582787797,"Original Kings of Comedy (DVD). Category: Movies & Entertainment. Sold by OnlineRecycle — tested, described accurately. Local pickup available in Central Florida or ships with tracking.",3.27,USD,Movies & Entertainment,TRUE,TRUE,TRUE,1
,"No Good Deed (DVD, 2003)",Default,EB-205582789499,"No Good Deed (DVD, 2003). Category: Movies & Entertainment. Sold by OnlineRecycle — tested, described accurately. Local pickup available in Central Florida or ships with tracking.",3.62,USD,Movies & Entertainment,TRUE,TRUE,TRUE,1
,"Rules of Engagement (DVD, 2000, Special Edition)",Default,EB-205582789770,"Rules of Engagement (DVD, 2000, Special Edition). Category: Movies & Entertainment. Sold by OnlineRecycle — tested, described accurately. Local pickup available in Central Florida or ships with tracking.",2.14,USD,Movies & Entertainment,TRUE,TRUE,TRUE,1
,"Windtalkers (DVD, 2002)",Default,EB-205584219973,"Windtalkers (DVD, 2002). Category: Movies & Entertainment. Sold by OnlineRecycle — tested, described accurately. Local pickup available in Central Florida or ships with tracking.",2.10,USD,Movies & Entertainment,TRUE,TRUE,TRUE,1
,"Hometown Legend (DVD, 2002)",Default,EB-205584220363,"Hometown Legend (DVD, 2002). Category: Movies & Entertainment. Sold by OnlineRecycle — tested, described accurately. Local pickup available in Central Florida or ships with tracking.",1.00,USD,Movies & Entertainment,TRUE,TRUE,TRUE,1
,"Levity (DVD, 2003)",Default,EB-205584220746,"Levity (DVD, 2003). Category: Movies & Entertainment. Sold by OnlineRecycle — tested, described accurately. Local pickup available in Central Florida or ships with tracking.",3.81,USD,Movies & Entertainment,TRUE,TRUE,TRUE,1
,"Minority Report (DVD, 2002)",Default,EB-205584221625,"Minority Report (DVD, 2002). Category: Movies & Entertainment. Sold by OnlineRecycle — tested, described accurately. Local pickup available in Central Florida or ships with tracking.",4.50,USD,Movies & Entertainment,TRUE,TRUE,TRUE,1
,"Showtime (DVD, 2002)",Default,EB-205584221989,"Showtime (DVD, 2002). Category: Movies & Entertainment. Sold by OnlineRecycle — tested, described accurately. Local pickup available in Central Florida or ships with tracking.",2.37,USD,Movies & Entertainment,TRUE,TRUE,TRUE,1
,"Dirty (DVD, 2005)",Default,EB-205584222369,"Dirty (DVD, 2005). Category: Movies & Entertainment. Sold by OnlineRecycle — tested, described accurately. Local pickup available in Central Florida or ships with tracking.",2.26,USD,Movies & Entertainment,TRUE,TRUE,TRUE,1
,"Last Man Standing (DVD, 1996)",Default,EB-205584223336,"Last Man Standing (DVD, 1996). Category: Movies & Entertainment. Sold by OnlineRecycle — tested, described accurately. Local pickup available in Central Florida or ships with tracking.",4.57,USD,Movies & Entertainment,TRUE,TRUE,TRUE,1
,"Drillbit Taylor (DVD, 2008)",Default,EB-205584223480,"Drillbit Taylor (DVD, 2008). Category: Movies & Entertainment. Sold by OnlineRecycle — tested, described accurately. Local pickup available in Central Florida or ships with tracking.",3.98,USD,Movies & Entertainment,TRUE,TRUE,TRUE,1
,Brotherhood (DVD),Default,EB-205584223691,"Brotherhood (DVD). Category: Movies & Entertainment. Sold by OnlineRecycle — tested, described accurately. Local pickup available in Central Florida or ships with tracking.",7.42,USD,Movies & Entertainment,TRUE,TRUE,TRUE,1
,"🔥 Buy 2, Get 2 Free 3:10 to Yuma (DVD, Widescreen, 2007)",Default,EB-205584223973,"🔥 Buy 2, Get 2 Free 3:10 to Yuma (DVD, Widescreen, 2007). Category: Movies & Entertainment. Sold by OnlineRecycle — tested, described accurately. Local pickup available in Central Florida or ships with tracking.",4.31,USD,Movies & Entertainment,TRUE,TRUE,TRUE,1
,"Mesmerized (Aka My Letter to George) (DVD, 1986)",Default,EB-205584224203,"Mesmerized (Aka My Letter to George) (DVD, 1986). Category: Movies & Entertainment. Sold by OnlineRecycle — tested, described accurately. Local pickup available in Central Florida or ships with tracking.",1.00,USD,Movies & Entertainment,TRUE,TRUE,TRUE,1
,"Creature (DVD, 1985)",Default,EB-205584224594,"Creature (DVD, 1985). Category: Movies & Entertainment. Sold by OnlineRecycle — tested, described accurately. Local pickup available in Central Florida or ships with tracking.",7.73,USD,Movies & Entertainment,TRUE,TRUE,TRUE,1
,"National Lampoon's Van Wilder (DVD, 2002)",Default,EB-205584224851,"National Lampoon's Van Wilder (DVD, 2002). Category: Movies & Entertainment. Sold by OnlineRecycle — tested, described accurately. Local pickup available in Central Florida or ships with tracking.",3.16,USD,Movies & Entertainment,TRUE,TRUE,TRUE,1
,"Baby Mama (DVD, 2008)",Default,EB-205584225432,"Baby Mama (DVD, 2008). Category: Movies & Entertainment. Sold by OnlineRecycle — tested, described accurately. Local pickup available in Central Florida or ships with tracking.",2.78,USD,Movies & Entertainment,TRUE,TRUE,TRUE,1
,"Wood (DVD, 1999)",Default,EB-205584225732,"Wood (DVD, 1999). Category: Movies & Entertainment. Sold by OnlineRecycle — tested, described accurately. Local pickup available in Central Florida or ships with tracking.",4.96,USD,Movies & Entertainment,TRUE,TRUE,TRUE,1
,"Days of Thunder (DVD, 1990)",Default,EB-205584225882,"Days of Thunder (DVD, 1990). Category: Movies & Entertainment. Sold by OnlineRecycle — tested, described accurately. Local pickup available in Central Florida or ships with tracking.",2.98,USD,Movies & Entertainment,TRUE,TRUE,TRUE,1
,Fury / Monuments Men (DVD),Default,EB-205584226612,"Fury / Monuments Men (DVD). Category: Movies & Entertainment. Sold by OnlineRecycle — tested, described accurately. Local pickup available in Central Florida or ships with tracking.",4.47,USD,Movies & Entertainment,TRUE,TRUE,TRUE,1
,"Too Young to Die (DVD, 1990)",Default,EB-205584226723,"Too Young to Die (DVD, 1990). Category: Movies & Entertainment. Sold by OnlineRecycle — tested, described accurately. Local pickup available in Central Florida or ships with tracking.",6.02,USD,Movies & Entertainment,TRUE,TRUE,TRUE,1
,"Bad Santa (DVD, 2004, Badder Santa: The Unrated Version)",Default,EB-205584227525,"Bad Santa (DVD, 2004, Badder Santa: The Unrated Version). Category: Movies & Entertainment. Sold by OnlineRecycle — tested, described accurately. Local pickup available in Central Florida or ships with tracking.",2.96,USD,Movies & Entertainment,TRUE,TRUE,TRUE,1
,"Queen of the Damned (DVD, 2002)",Default,EB-205584227681,"Queen of the Damned (DVD, 2002). Category: Movies & Entertainment. Sold by OnlineRecycle — tested, described accurately. Local pickup available in Central Florida or ships with tracking.",5.55,USD,Movies & Entertainment,TRUE,TRUE,TRUE,1
,"Jaws 3 (DVD, 1983)",Default,EB-205584228137,"Jaws 3 (DVD, 1983). Category: Movies & Entertainment. Sold by OnlineRecycle — tested, described accurately. Local pickup available in Central Florida or ships with tracking.",4.17,USD,Movies & Entertainment,TRUE,TRUE,TRUE,1
,"John Wick: Chapter 2 (DVD, 2017)",Default,EB-205584229336,"John Wick: Chapter 2 (DVD, 2017). Category: Movies & Entertainment. Sold by OnlineRecycle — tested, described accurately. Local pickup available in Central Florida or ships with tracking.",3.84,USD,Movies & Entertainment,TRUE,TRUE,TRUE,1
,"The Lawnmower Man (DVD, 1988)",Default,EB-205584230261,"The Lawnmower Man (DVD, 1988). Category: Movies & Entertainment. Sold by OnlineRecycle — tested, described accurately. Local pickup available in Central Florida or ships with tracking.",5.96,USD,Movies & Entertainment,TRUE,TRUE,TRUE,1
,"The Amityville Horror (DVD, 2005, Fullscreen)",Default,EB-205584231175,"The Amityville Horror (DVD, 2005, Fullscreen). Category: Movies & Entertainment. Sold by OnlineRecycle — tested, described accurately. Local pickup available in Central Florida or ships with tracking.",2.46,USD,Movies & Entertainment,TRUE,TRUE,TRUE,1
,"The One (DVD, 2001)",Default,EB-205584232175,"The One (DVD, 2001). Category: Movies & Entertainment. Sold by OnlineRecycle — tested, described accurately. Local pickup available in Central Florida or ships with tracking.",2.75,USD,Movies & Entertainment,TRUE,TRUE,TRUE,1
,"Man (DVD, 2005)",Default,EB-205584236026,"Man (DVD, 2005). Category: Movies & Entertainment. Sold by OnlineRecycle — tested, described accurately. Local pickup available in Central Florida or ships with tracking.",1.99,USD,Movies & Entertainment,TRUE,TRUE,TRUE,1
,"Rescue Dawn (DVD, 2007)",Default,EB-205584236162,"Rescue Dawn (DVD, 2007). Category: Movies & Entertainment. Sold by OnlineRecycle — tested, described accurately. Local pickup available in Central Florida or ships with tracking.",2.20,USD,Movies & Entertainment,TRUE,TRUE,TRUE,1
,"Don Juan Demarco (DVD, 1995)",Default,EB-205584236833,"Don Juan Demarco (DVD, 1995). Category: Movies & Entertainment. Sold by OnlineRecycle — tested, described accurately. Local pickup available in Central Florida or ships with tracking.",5.00,USD,Movies & Entertainment,TRUE,TRUE,TRUE,1
,"Head of State (DVD, 2003)",Default,EB-205584237200,"Head of State (DVD, 2003). Category: Movies & Entertainment. Sold by OnlineRecycle — tested, described accurately. Local pickup available in Central Florida or ships with tracking.",2.09,USD,Movies & Entertainment,TRUE,TRUE,TRUE,1
,"Heartbreakers (DVD, 2001, Special Edition)",Default,EB-205584237338,"Heartbreakers (DVD, 2001, Special Edition). Category: Movies & Entertainment. Sold by OnlineRecycle — tested, described accurately. Local pickup available in Central Florida or ships with tracking.",4.42,USD,Movies & Entertainment,TRUE,TRUE,TRUE,1
,"Frailty (DVD, 2001)",Default,EB-205584237659,"Frailty (DVD, 2001). Category: Movies & Entertainment. Sold by OnlineRecycle — tested, described accurately. Local pickup available in Central Florida or ships with tracking.",5.75,USD,Movies & Entertainment,TRUE,TRUE,TRUE,1
,"Are We there Yet (DVD, 2005)",Default,EB-205584238070,"Are We there Yet (DVD, 2005). Category: Movies & Entertainment. Sold by OnlineRecycle — tested, described accurately. Local pickup available in Central Florida or ships with tracking.",2.49,USD,Movies & Entertainment,TRUE,TRUE,TRUE,1
,"Big Sur (DVD, 2013)",Default,EB-205584238382,"Big Sur (DVD, 2013). Category: Movies & Entertainment. Sold by OnlineRecycle — tested, described accurately. Local pickup available in Central Florida or ships with tracking.",4.74,USD,Movies & Entertainment,TRUE,TRUE,TRUE,1
,"How to Lose a Guy in 10 Days (DVD, 2003)",Default,EB-205584238635,"How to Lose a Guy in 10 Days (DVD, 2003). Category: Movies & Entertainment. Sold by OnlineRecycle — tested, described accurately. Local pickup available in Central Florida or ships with tracking.",2.89,USD,Movies & Entertainment,TRUE,TRUE,TRUE,1
,"Stepford Wives (DVD, 2004)",Default,EB-205584238746,"Stepford Wives (DVD, 2004). Category: Movies & Entertainment. Sold by OnlineRecycle — tested, described accurately. Local pickup available in Central Florida or ships with tracking.",3.42,USD,Movies & Entertainment,TRUE,TRUE,TRUE,1
,"American Wedding (DVD, 2003)",Default,EB-205584241935,"American Wedding (DVD, 2003). Category: Movies & Entertainment. Sold by OnlineRecycle — tested, described accurately. Local pickup available in Central Florida or ships with tracking.",1.00,USD,Movies & Entertainment,TRUE,TRUE,TRUE,1
,"Charlies Angels (DVD, 2001, Special Edition)",Default,EB-205584242278,"Charlies Angels (DVD, 2001, Special Edition). Category: Movies & Entertainment. Sold by OnlineRecycle — tested, described accurately. Local pickup available in Central Florida or ships with tracking.",3.40,USD,Movies & Entertainment,TRUE,TRUE,TRUE,1
,"Tropic Thunder (DVD, 2008)",Default,EB-205584243311,"Tropic Thunder (DVD, 2008). Category: Movies & Entertainment. Sold by OnlineRecycle — tested, described accurately. Local pickup available in Central Florida or ships with tracking.",5.27,USD,Movies & Entertainment,TRUE,TRUE,TRUE,1
,"Assault on Precinct 13 (DVD, 2005)",Default,EB-205584243823,"Assault on Precinct 13 (DVD, 2005). Category: Movies & Entertainment. Sold by OnlineRecycle — tested, described accurately. Local pickup available in Central Florida or ships with tracking.",1.97,USD,Movies & Entertainment,TRUE,TRUE,TRUE,1
,"Prophecy (DVD, 1995)",Default,EB-205584244114,"Prophecy (DVD, 1995). Category: Movies & Entertainment. Sold by OnlineRecycle — tested, described accurately. Local pickup available in Central Florida or ships with tracking.",5.95,USD,Movies & Entertainment,TRUE,TRUE,TRUE,1
,"Prophecy II (DVD, 1998)",Default,EB-205584244406,"Prophecy II (DVD, 1998). Category: Movies & Entertainment. Sold by OnlineRecycle — tested, described accurately. Local pickup available in Central Florida or ships with tracking.",7.99,USD,Movies & Entertainment,TRUE,TRUE,TRUE,1
,"Exorcist: the Beginning (DVD, 2004)",Default,EB-205584246329,"Exorcist: the Beginning (DVD, 2004). Category: Movies & Entertainment. Sold by OnlineRecycle — tested, described accurately. Local pickup available in Central Florida or ships with tracking.",4.07,USD,Movies & Entertainment,TRUE,TRUE,TRUE,1
,"Half Past Dead (DVD, 2002)",Default,EB-205584253570,"Half Past Dead (DVD, 2002). Category: Movies & Entertainment. Sold by OnlineRecycle — tested, described accurately. Local pickup available in Central Florida or ships with tracking.",3.43,USD,Movies & Entertainment,TRUE,TRUE,TRUE,1
,"Car Wash (DVD, 1976)",Default,EB-205584254469,"Car Wash (DVD, 1976). Category: Movies & Entertainment. Sold by OnlineRecycle — tested, described accurately. Local pickup available in Central Florida or ships with tracking.",7.95,USD,Movies & Entertainment,TRUE,TRUE,TRUE,1
,"Talladega Nights: The Ballad of Ricky Bobby (DVD, 2006)",Default,EB-205584254905,"Talladega Nights: The Ballad of Ricky Bobby (DVD, 2006). Category: Movies & Entertainment. Sold by OnlineRecycle — tested, described accurately. Local pickup available in Central Florida or ships with tracking.",2.89,USD,Movies & Entertainment,TRUE,TRUE,TRUE,1
,"The Whole Ten Yards (DVD, 2004, Widescreen)",Default,EB-205584281175,"The Whole Ten Yards (DVD, 2004, Widescreen). Category: Movies & Entertainment. Sold by OnlineRecycle — tested, described accurately. Local pickup available in Central Florida or ships with tracking.",2.68,USD,Movies & Entertainment,TRUE,TRUE,TRUE,1
,"The Benchwarmers (DVD, 2006)",Default,EB-205584281401,"The Benchwarmers (DVD, 2006). Category: Movies & Entertainment. Sold by OnlineRecycle — tested, described accurately. Local pickup available in Central Florida or ships with tracking.",1.99,USD,Movies & Entertainment,TRUE,TRUE,TRUE,1
,"He Got Game (DVD, 1998)",Default,EB-205584281568,"He Got Game (DVD, 1998). Category: Movies & Entertainment. Sold by OnlineRecycle — tested, described accurately. Local pickup available in Central Florida or ships with tracking.",5.56,USD,Movies & Entertainment,TRUE,TRUE,TRUE,1
,"Birthday Girl (DVD, 2001)",Default,EB-205584281844,"Birthday Girl (DVD, 2001). Category: Movies & Entertainment. Sold by OnlineRecycle — tested, described accurately. Local pickup available in Central Florida or ships with tracking.",5.99,USD,Movies & Entertainment,TRUE,TRUE,TRUE,1
,"No Escape / Ws (DVD, 1997)",Default,EB-205584282720,"No Escape / Ws (DVD, 1997). Category: Movies & Entertainment. Sold by OnlineRecycle — tested, described accurately. Local pickup available in Central Florida or ships with tracking.",5.78,USD,Movies & Entertainment,TRUE,TRUE,TRUE,1
,"16 Blocks (DVD, 2006)",Default,EB-205584283091,"16 Blocks (DVD, 2006). Category: Movies & Entertainment. Sold by OnlineRecycle — tested, described accurately. Local pickup available in Central Florida or ships with tracking.",3.56,USD,Movies & Entertainment,TRUE,TRUE,TRUE,1
,"Scary Movie 2 (DVD, 2001)",Default,EB-205584283554,"Scary Movie 2 (DVD, 2001). Category: Movies & Entertainment. Sold by OnlineRecycle — tested, described accurately. Local pickup available in Central Florida or ships with tracking.",1.00,USD,Movies & Entertainment,TRUE,TRUE,TRUE,1
,"Machete (DVD, 2010)",Default,EB-205584283662,"Machete (DVD, 2010). Category: Movies & Entertainment. Sold by OnlineRecycle — tested, described accurately. Local pickup available in Central Florida or ships with tracking.",4.15,USD,Movies & Entertainment,TRUE,TRUE,TRUE,1
,"The Hurricane (DVD, 1999)",Default,EB-205584283785,"The Hurricane (DVD, 1999). Category: Movies & Entertainment. Sold by OnlineRecycle — tested, described accurately. Local pickup available in Central Florida or ships with tracking.",3.59,USD,Movies & Entertainment,TRUE,TRUE,TRUE,1
,"The Lovers (DVD, 2015)",Default,EB-205584283901,"The Lovers (DVD, 2015). Category: Movies & Entertainment. Sold by OnlineRecycle — tested, described accurately. Local pickup available in Central Florida or ships with tracking.",9.99,USD,Movies & Entertainment,TRUE,TRUE,TRUE,1
,"Knockaround Guys (DVD, 2002)",Default,EB-205584284051,"Knockaround Guys (DVD, 2002). Category: Movies & Entertainment. Sold by OnlineRecycle — tested, described accurately. Local pickup available in Central Florida or ships with tracking.",5.99,USD,Movies & Entertainment,TRUE,TRUE,TRUE,1
,"Outlander (DVD, 2008)",Default,EB-205584284198,"Outlander (DVD, 2008). Category: Movies & Entertainment. Sold by OnlineRecycle — tested, described accurately. Local pickup available in Central Florida or ships with tracking.",5.27,USD,Movies & Entertainment,TRUE,TRUE,TRUE,1
,Strangerland (DVD),Default,EB-205584284415,"Strangerland (DVD). Category: Movies & Entertainment. Sold by OnlineRecycle — tested, described accurately. Local pickup available in Central Florida or ships with tracking.",1.00,USD,Movies & Entertainment,TRUE,TRUE,TRUE,1
,"Bye Bye Baby (DVD, 2004)",Default,EB-205584284639,"Bye Bye Baby (DVD, 2004). Category: Movies & Entertainment. Sold by OnlineRecycle — tested, described accurately. Local pickup available in Central Florida or ships with tracking.",4.57,USD,Movies & Entertainment,TRUE,TRUE,TRUE,1
,"Batman Forever (DVD, 1997)",Default,EB-205584286573,"Batman Forever (DVD, 1997). Category: Movies & Entertainment. Sold by OnlineRecycle — tested, described accurately. Local pickup available in Central Florida or ships with tracking.",5.56,USD,Movies & Entertainment,TRUE,TRUE,TRUE,1
,"House on Haunted Hill (1999) (DVD, 1999)",Default,EB-205584286940,"House on Haunted Hill (1999) (DVD, 1999). Category: Movies & Entertainment. Sold by OnlineRecycle — tested, described accurately. Local pickup available in Central Florida or ships with tracking.",2.00,USD,Movies & Entertainment,TRUE,TRUE,TRUE,1
,"Push (DVD, 2009)",Default,EB-205584287791,"Push (DVD, 2009). Category: Movies & Entertainment. Sold by OnlineRecycle — tested, described accurately. Local pickup available in Central Florida or ships with tracking.",3.22,USD,Movies & Entertainment,TRUE,TRUE,TRUE,1
,"Star Trek: Nemesis (DVD, 2003, Widescreen)",Default,EB-205584288346,"Star Trek: Nemesis (DVD, 2003, Widescreen). Category: Movies & Entertainment. Sold by OnlineRecycle — tested, described accurately. Local pickup available in Central Florida or ships with tracking.",4.44,USD,Movies & Entertainment,TRUE,TRUE,TRUE,1
,"Great Raid (DVD, 2005)",Default,EB-205584289610,"Great Raid (DVD, 2005). Category: Movies & Entertainment. Sold by OnlineRecycle — tested, described accurately. Local pickup available in Central Florida or ships with tracking.",3.98,USD,Movies & Entertainment,TRUE,TRUE,TRUE,1
,"Vol. 1-Guardian Force (DVD, 2005)",Default,EB-205584290389,"Vol. 1-Guardian Force (DVD, 2005). Category: Movies & Entertainment. Sold by OnlineRecycle — tested, described accurately. Local pickup available in Central Florida or ships with tracking.",4.44,USD,Movies & Entertainment,TRUE,TRUE,TRUE,1
,I Bury the Living/Severed Arm (DVD),Default,EB-205584291059,"I Bury the Living/Severed Arm (DVD). Category: Movies & Entertainment. Sold by OnlineRecycle — tested, described accurately. Local pickup available in Central Florida or ships with tracking.",6.99,USD,Movies & Entertainment,TRUE,TRUE,TRUE,1
,"Wild Wild West (DVD, 1999)",Default,EB-205584294230,"Wild Wild West (DVD, 1999). Category: Movies & Entertainment. Sold by OnlineRecycle — tested, described accurately. Local pickup available in Central Florida or ships with tracking.",2.29,USD,Movies & Entertainment,TRUE,TRUE,TRUE,1
,"Red Planet (DVD, 2000)",Default,EB-205584294927,"Red Planet (DVD, 2000). Category: Movies & Entertainment. Sold by OnlineRecycle — tested, described accurately. Local pickup available in Central Florida or ships with tracking.",3.00,USD,Movies & Entertainment,TRUE,TRUE,TRUE,1
,"Babylon A.D. (DVD, 2008)",Default,EB-205584296315,"Babylon A.D. (DVD, 2008). Category: Movies & Entertainment. Sold by OnlineRecycle — tested, described accurately. Local pickup available in Central Florida or ships with tracking.",4.33,USD,Movies & Entertainment,TRUE,TRUE,TRUE,1
,"X2: X-Men United (DVD, 2003)",Default,EB-205584297051,"X2: X-Men United (DVD, 2003). Category: Movies & Entertainment. Sold by OnlineRecycle — tested, described accurately. Local pickup available in Central Florida or ships with tracking.",2.25,USD,Movies & Entertainment,TRUE,TRUE,TRUE,1
,"Arrival, The/The Arrival 2 (DVD, 1999, WS)",Default,EB-205584297651,"Arrival, The/The Arrival 2 (DVD, 1999, WS). Category: Movies & Entertainment. Sold by OnlineRecycle — tested, described accurately. Local pickup available in Central Florida or ships with tracking.",5.41,USD,Movies & Entertainment,TRUE,TRUE,TRUE,1
,"Katt Williams - Live (DVD, 2006)",Default,EB-205584298091,"Katt Williams - Live (DVD, 2006). Category: Movies & Entertainment. Sold by OnlineRecycle — tested, described accurately. Local pickup available in Central Florida or ships with tracking.",4.28,USD,Movies & Entertainment,TRUE,TRUE,TRUE,1
,Lost Episodes of Victor Borge V02 (DVD),Default,EB-205584298468,"Lost Episodes of Victor Borge V02 (DVD). Category: Movies & Entertainment. Sold by OnlineRecycle — tested, described accurately. Local pickup available in Central Florida or ships with tracking.",4.14,USD,Movies & Entertainment,TRUE,TRUE,TRUE,1
,"28 Days (DVD, 2000)",Default,EB-205584298922,"28 Days (DVD, 2000). Category: Movies & Entertainment. Sold by OnlineRecycle — tested, described accurately. Local pickup available in Central Florida or ships with tracking.",2.44,USD,Movies & Entertainment,TRUE,TRUE,TRUE,1
,"Planet of the Apes (DVD, 2001, 2-Disc Set)",Default,EB-205584299268,"Planet of the Apes (DVD, 2001, 2-Disc Set). Category: Movies & Entertainment. Sold by OnlineRecycle — tested, described accurately. Local pickup available in Central Florida or ships with tracking.",2.03,USD,Movies & Entertainment,TRUE,TRUE,TRUE,1
,"Babel (DVD, 2006)",Default,EB-205584302528,"Babel (DVD, 2006). Category: Movies & Entertainment. Sold by OnlineRecycle — tested, described accurately. Local pickup available in Central Florida or ships with tracking.",1.00,USD,Movies & Entertainment,TRUE,TRUE,TRUE,1
,"(DVD, 2007, Full Frame)",Default,EB-205584303035,"(DVD, 2007, Full Frame). Category: Movies & Entertainment. Sold by OnlineRecycle — tested, described accurately. Local pickup available in Central Florida or ships with tracking.",4.85,USD,Movies & Entertainment,TRUE,TRUE,TRUE,1
,"Unseen Evil (DVD, 1999)",Default,EB-205584303360,"Unseen Evil (DVD, 1999). Category: Movies & Entertainment. Sold by OnlineRecycle — tested, described accurately. Local pickup available in Central Florida or ships with tracking.",8.91,USD,Movies & Entertainment,TRUE,TRUE,TRUE,1
,"The Air I Breathe (DVD, 2008)",Default,EB-205584303914,"The Air I Breathe (DVD, 2008). Category: Movies & Entertainment. Sold by OnlineRecycle — tested, described accurately. Local pickup available in Central Florida or ships with tracking.",5.00,USD,Movies & Entertainment,TRUE,TRUE,TRUE,1
,Get the Gringo (DVD),Default,EB-205584306123,"Get the Gringo (DVD). Category: Movies & Entertainment. Sold by OnlineRecycle — tested, described accurately. Local pickup available in Central Florida or ships with tracking.",1.00,USD,Movies & Entertainment,TRUE,TRUE,TRUE,1
,"Traffic (2000) (DVD, 2000)",Default,EB-205584306934,"Traffic (2000) (DVD, 2000). Category: Movies & Entertainment. Sold by OnlineRecycle — tested, described accurately. Local pickup available in Central Florida or ships with tracking.",3.59,USD,Movies & Entertainment,TRUE,TRUE,TRUE,1
,"Rollerball (DVD, 2002)",Default,EB-205584308864,"Rollerball (DVD, 2002). Category: Movies & Entertainment. Sold by OnlineRecycle — tested, described accurately. Local pickup available in Central Florida or ships with tracking.",6.02,USD,Movies & Entertainment,TRUE,TRUE,TRUE,1
,Grilled DVD,Default,EB-205584311420,"Grilled DVD. Category: Movies & Entertainment. Sold by OnlineRecycle — tested, described accurately. Local pickup available in Central Florida or ships with tracking.",2.17,USD,Movies & Entertainment,TRUE,TRUE,TRUE,1
,"Universal Soldier (DVD, 1998, WS)",Default,EB-205584311593,"Universal Soldier (DVD, 1998, WS). Category: Movies & Entertainment. Sold by OnlineRecycle — tested, described accurately. Local pickup available in Central Florida or ships with tracking.",6.01,USD,Movies & Entertainment,TRUE,TRUE,TRUE,1
,"The Boston Strangler (DVD, 2005)",Default,EB-205584311763,"The Boston Strangler (DVD, 2005). Category: Movies & Entertainment. Sold by OnlineRecycle — tested, described accurately. Local pickup available in Central Florida or ships with tracking.",9.97,USD,Movies & Entertainment,TRUE,TRUE,TRUE,1
,"Specimen (DVD, 1998)",Default,EB-205584312203,"Specimen (DVD, 1998). Category: Movies & Entertainment. Sold by OnlineRecycle — tested, described accurately. Local pickup available in Central Florida or ships with tracking.",9.99,USD,Movies & Entertainment,TRUE,TRUE,TRUE,1
,"Fun with Dick and Jane (DVD, 2005)",Default,EB-205584312556,"Fun with Dick and Jane (DVD, 2005). Category: Movies & Entertainment. Sold by OnlineRecycle — tested, described accurately. Local pickup available in Central Florida or ships with tracking.",4.86,USD,Movies & Entertainment,TRUE,TRUE,TRUE,1
,"Leatherheads (DVD, 2008)",Default,EB-205584312989,"Leatherheads (DVD, 2008). Category: Movies & Entertainment. Sold by OnlineRecycle — tested, described accurately. Local pickup available in Central Florida or ships with tracking.",1.00,USD,Movies & Entertainment,TRUE,TRUE,TRUE,1
,"Babylon A.D. (DVD, 2008)",Default,EB-205584313304,"Babylon A.D. (DVD, 2008). Category: Movies & Entertainment. Sold by OnlineRecycle — tested, described accurately. Local pickup available in Central Florida or ships with tracking.",2.77,USD,Movies & Entertainment,TRUE,TRUE,TRUE,1
,"Strange Brew (DVD, 1983)",Default,EB-205584313584,"Strange Brew (DVD, 1983). Category: Movies & Entertainment. Sold by OnlineRecycle — tested, described accurately. Local pickup available in Central Florida or ships with tracking.",2.25,USD,Movies & Entertainment,TRUE,TRUE,TRUE,1
,"Falling Down (DVD, 1993)",Default,EB-205584313854,"Falling Down (DVD, 1993). Category: Movies & Entertainment. Sold by OnlineRecycle — tested, described accurately. Local pickup available in Central Florida or ships with tracking.",7.00,USD,Movies & Entertainment,TRUE,TRUE,TRUE,1
,"Coach Carter (DVD, 2005)",Default,EB-205584314064,"Coach Carter (DVD, 2005). Category: Movies & Entertainment. Sold by OnlineRecycle — tested, described accurately. Local pickup available in Central Florida or ships with tracking.",3.07,USD,Movies & Entertainment,TRUE,TRUE,TRUE,1
,"Blades of Glory (DVD, 2007)",Default,EB-205584384693,"Blades of Glory (DVD, 2007). Category: Movies & Entertainment. Sold by OnlineRecycle — tested, described accurately. Local pickup available in Central Florida or ships with tracking.",3.46,USD,Movies & Entertainment,TRUE,TRUE,TRUE,1
,"War (2007) (DVD, 2007)",Default,EB-205584385031,"War (2007) (DVD, 2007). Category: Movies & Entertainment. Sold by OnlineRecycle — tested, described accurately. Local pickup available in Central Florida or ships with tracking.",1.00,USD,Movies & Entertainment,TRUE,TRUE,TRUE,1
,"Bad Company (DVD, 2002)",Default,EB-205584385248,"Bad Company (DVD, 2002). Category: Movies & Entertainment. Sold by OnlineRecycle — tested, described accurately. Local pickup available in Central Florida or ships with tracking.",3.59,USD,Movies & Entertainment,TRUE,TRUE,TRUE,1
,Seeking a Friend for the End of the World (DVD),Default,EB-205584385603,"Seeking a Friend for the End of the World (DVD). Category: Movies & Entertainment. Sold by OnlineRecycle — tested, described accurately. Local pickup available in Central Florida or ships with tracking.",3.74,USD,Movies & Entertainment,TRUE,TRUE,TRUE,1
,"From Paris with Love (DVD, 2010)",Default,EB-205584385816,"From Paris with Love (DVD, 2010). Category: Movies & Entertainment. Sold by OnlineRecycle — tested, described accurately. Local pickup available in Central Florida or ships with tracking.",4.30,USD,Movies & Entertainment,TRUE,TRUE,TRUE,1
,"The Kid (DVD, 2000)",Default,EB-205584386003,"The Kid (DVD, 2000). Category: Movies & Entertainment. Sold by OnlineRecycle — tested, described accurately. Local pickup available in Central Florida or ships with tracking.",4.10,USD,Movies & Entertainment,TRUE,TRUE,TRUE,1
,"The Curious Case of Benjamin Button (DVD, 2008)",Default,EB-205584386247,"The Curious Case of Benjamin Button (DVD, 2008). Category: Movies & Entertainment. Sold by OnlineRecycle — tested, described accurately. Local pickup available in Central Florida or ships with tracking.",3.37,USD,Movies & Entertainment,TRUE,TRUE,TRUE,1
,"Austin Powers: International Man of Mystery (DVD, 1997)",Default,EB-205584386426,"Austin Powers: International Man of Mystery (DVD, 1997). Category: Movies & Entertainment. Sold by OnlineRecycle — tested, described accurately. Local pickup available in Central Florida or ships with tracking.",2.03,USD,Movies & Entertainment,TRUE,TRUE,TRUE,1
,"Trouble with the Curve (DVD, 2012)",Default,EB-205584386762,"Trouble with the Curve (DVD, 2012). Category: Movies & Entertainment. Sold by OnlineRecycle — tested, described accurately. Local pickup available in Central Florida or ships with tracking.",3.94,USD,Movies & Entertainment,TRUE,TRUE,TRUE,1
,"Dead Fire (DVD, 1997)",Default,EB-205584388931,"Dead Fire (DVD, 1997). Category: Movies & Entertainment. Sold by OnlineRecycle — tested, described accurately. Local pickup available in Central Florida or ships with tracking.",7.00,USD,Movies & Entertainment,TRUE,TRUE,TRUE,1
,"Horrible Bosses (DVD, 2011)",Default,EB-205584391757,"Horrible Bosses (DVD, 2011). Category: Movies & Entertainment. Sold by OnlineRecycle — tested, described accurately. Local pickup available in Central Florida or ships with tracking.",2.33,USD,Movies & Entertainment,TRUE,TRUE,TRUE,1
,"Eastern Promises (DVD, 2007)",Default,EB-205584393771,"Eastern Promises (DVD, 2007). Category: Movies & Entertainment. Sold by OnlineRecycle — tested, described accurately. Local pickup available in Central Florida or ships with tracking.",5.99,USD,Movies & Entertainment,TRUE,TRUE,TRUE,1
,"Snatch (DVD, 2000)",Default,EB-205584396343,"Snatch (DVD, 2000). Category: Movies & Entertainment. Sold by OnlineRecycle — tested, described accurately. Local pickup available in Central Florida or ships with tracking.",3.89,USD,Movies & Entertainment,TRUE,TRUE,TRUE,1
,"Knight and Day (DVD, 2010)",Default,EB-205584396693,"Knight and Day (DVD, 2010). Category: Movies & Entertainment. Sold by OnlineRecycle — tested, described accurately. Local pickup available in Central Florida or ships with tracking.",2.67,USD,Movies & Entertainment,TRUE,TRUE,TRUE,1
,"Fort Bliss (DVD, 2014)",Default,EB-205584401130,"Fort Bliss (DVD, 2014). Category: Movies & Entertainment. Sold by OnlineRecycle — tested, described accurately. Local pickup available in Central Florida or ships with tracking.",3.00,USD,Movies & Entertainment,TRUE,TRUE,TRUE,1
,"Before They Were Kings - Vol. 2 (DVD, 2005)",Default,EB-205584401924,"Before They Were Kings - Vol. 2 (DVD, 2005). Category: Movies & Entertainment. Sold by OnlineRecycle — tested, described accurately. Local pickup available in Central Florida or ships with tracking.",6.27,USD,Movies & Entertainment,TRUE,TRUE,TRUE,1
,"Spider-Man (DVD, 2002)",Default,EB-205584402672,"Spider-Man (DVD, 2002). Category: Movies & Entertainment. Sold by OnlineRecycle — tested, described accurately. Local pickup available in Central Florida or ships with tracking.",2.64,USD,Movies & Entertainment,TRUE,TRUE,TRUE,1
,Skin Traffik (DVD),Default,EB-205584402862,"Skin Traffik (DVD). Category: Movies & Entertainment. Sold by OnlineRecycle — tested, described accurately. Local pickup available in Central Florida or ships with tracking.",7.35,USD,Movies & Entertainment,TRUE,TRUE,TRUE,1
,"Crossover (DVD, 2006)",Default,EB-205584403016,"Crossover (DVD, 2006). Category: Movies & Entertainment. Sold by OnlineRecycle — tested, described accurately. Local pickup available in Central Florida or ships with tracking.",1.00,USD,Movies & Entertainment,TRUE,TRUE,TRUE,1
,"Scoop (2006) (DVD, 2006)",Default,EB-205584403248,"Scoop (2006) (DVD, 2006). Category: Movies & Entertainment. Sold by OnlineRecycle — tested, described accurately. Local pickup available in Central Florida or ships with tracking.",2.09,USD,Movies & Entertainment,TRUE,TRUE,TRUE,1
,"The Jeff Foxworthy Show: the Complete First Season (DVD, 1995)",Default,EB-205584403504,"The Jeff Foxworthy Show: the Complete First Season (DVD, 1995). Category: Movies & Entertainment. Sold by OnlineRecycle — tested, described accurately. Local pickup available in Central Florida or ships with tracking.",5.18,USD,Movies & Entertainment,TRUE,TRUE,TRUE,1
,"Your Highness (DVD, 2011)",Default,EB-205584404292,"Your Highness (DVD, 2011). Category: Movies & Entertainment. Sold by OnlineRecycle — tested, described accurately. Local pickup available in Central Florida or ships with tracking.",2.99,USD,Movies & Entertainment,TRUE,TRUE,TRUE,1
,"Collateral (DVD, 2004)",Default,EB-205584404775,"Collateral (DVD, 2004). Category: Movies & Entertainment. Sold by OnlineRecycle — tested, described accurately. Local pickup available in Central Florida or ships with tracking.",2.49,USD,Movies & Entertainment,TRUE,TRUE,TRUE,1
,"Roll Bounce (DVD, 2005, Full Screen)",Default,EB-205584405105,"Roll Bounce (DVD, 2005, Full Screen). Category: Movies & Entertainment. Sold by OnlineRecycle — tested, described accurately. Local pickup available in Central Florida or ships with tracking.",3.80,USD,Movies & Entertainment,TRUE,TRUE,TRUE,1
,"Deep Blue Sea (DVD, 1999)",Default,EB-205584405469,"Deep Blue Sea (DVD, 1999). Category: Movies & Entertainment. Sold by OnlineRecycle — tested, described accurately. Local pickup available in Central Florida or ships with tracking.",1.00,USD,Movies & Entertainment,TRUE,TRUE,TRUE,1
,"Oceans Eleven (DVD, 2002, Widescreen)",Default,EB-205584405646,"Oceans Eleven (DVD, 2002, Widescreen). Category: Movies & Entertainment. Sold by OnlineRecycle — tested, described accurately. Local pickup available in Central Florida or ships with tracking.",2.03,USD,Movies & Entertainment,TRUE,TRUE,TRUE,1
,"Jaws 2 (DVD, 1978)",Default,EB-205584405754,"Jaws 2 (DVD, 1978). Category: Movies & Entertainment. Sold by OnlineRecycle — tested, described accurately. Local pickup available in Central Florida or ships with tracking.",4.50,USD,Movies & Entertainment,TRUE,TRUE,TRUE,1
,"Eight Legged Freaks (DVD, 2002, Widescreen)",Default,EB-205584405969,"Eight Legged Freaks (DVD, 2002, Widescreen). Category: Movies & Entertainment. Sold by OnlineRecycle — tested, described accurately. Local pickup available in Central Florida or ships with tracking.",3.45,USD,Movies & Entertainment,TRUE,TRUE,TRUE,1
,The Last Rites of Ransom Pride (DVD),Default,EB-205584406764,"The Last Rites of Ransom Pride (DVD). Category: Movies & Entertainment. Sold by OnlineRecycle — tested, described accurately. Local pickup available in Central Florida or ships with tracking.",5.00,USD,Movies & Entertainment,TRUE,TRUE,TRUE,1
,"The Peacemaker (DVD, 1998, Anamorphic Widescreen)",Default,EB-205584408872,"The Peacemaker (DVD, 1998, Anamorphic Widescreen). Category: Movies & Entertainment. Sold by OnlineRecycle — tested, described accurately. Local pickup available in Central Florida or ships with tracking.",4.43,USD,Movies & Entertainment,TRUE,TRUE,TRUE,1
,"Meet Joe Black (DVD, 1998)",Default,EB-205584410161,"Meet Joe Black (DVD, 1998). Category: Movies & Entertainment. Sold by OnlineRecycle — tested, described accurately. Local pickup available in Central Florida or ships with tracking.",5.97,USD,Movies & Entertainment,TRUE,TRUE,TRUE,1
,"School for Scoundrels (2006) (DVD, 2006)",Default,EB-205584411636,"School for Scoundrels (2006) (DVD, 2006). Category: Movies & Entertainment. Sold by OnlineRecycle — tested, described accurately. Local pickup available in Central Florida or ships with tracking.",2.93,USD,Movies & Entertainment,TRUE,TRUE,TRUE,1
,"A Lot like Love (DVD, 2005)",Default,EB-205584588777,"A Lot like Love (DVD, 2005). Category: Movies & Entertainment. Sold by OnlineRecycle — tested, described accurately. Local pickup available in Central Florida or ships with tracking.",7.99,USD,Movies & Entertainment,TRUE,TRUE,TRUE,1
,"Date Movie (DVD, 2006, Unrated Widescreen)",Default,EB-205584589383,"Date Movie (DVD, 2006, Unrated Widescreen). Category: Movies & Entertainment. Sold by OnlineRecycle — tested, described accurately. Local pickup available in Central Florida or ships with tracking.",2.30,USD,Movies & Entertainment,TRUE,TRUE,TRUE,1
,"Victory (1981) (DVD, 1981)",Default,EB-205584590356,"Victory (1981) (DVD, 1981). Category: Movies & Entertainment. Sold by OnlineRecycle — tested, described accurately. Local pickup available in Central Florida or ships with tracking.",5.00,USD,Movies & Entertainment,TRUE,TRUE,TRUE,1
,"Newlyweds: Nick & Jessica-The Complete First Season (DVD, 2003)",Default,EB-205584592200,"Newlyweds: Nick & Jessica-The Complete First Season (DVD, 2003). Category: Movies & Entertainment. Sold by OnlineRecycle — tested, described accurately. Local pickup available in Central Florida or ships with tracking.",4.39,USD,Movies & Entertainment,TRUE,TRUE,TRUE,1
,"The Secret Life of Bees (DVD, 2008)",Default,EB-205584594300,"The Secret Life of Bees (DVD, 2008). Category: Movies & Entertainment. Sold by OnlineRecycle — tested, described accurately. Local pickup available in Central Florida or ships with tracking.",3.02,USD,Movies & Entertainment,TRUE,TRUE,TRUE,1
,"Undercover Brother (DVD, 2002)",Default,EB-205584594943,"Undercover Brother (DVD, 2002). Category: Movies & Entertainment. Sold by OnlineRecycle — tested, described accurately. Local pickup available in Central Florida or ships with tracking.",3.90,USD,Movies & Entertainment,TRUE,TRUE,TRUE,1
,"Daddy's Little Girls (DVD, 2007)",Default,EB-205584595681,"Daddy's Little Girls (DVD, 2007). Category: Movies & Entertainment. Sold by OnlineRecycle — tested, described accurately. Local pickup available in Central Florida or ships with tracking.",2.61,USD,Movies & Entertainment,TRUE,TRUE,TRUE,1
,"Run Fat Boy Run (DVD, 2008)",Default,EB-205584596517,"Run Fat Boy Run (DVD, 2008). Category: Movies & Entertainment. Sold by OnlineRecycle — tested, described accurately. Local pickup available in Central Florida or ships with tracking.",4.05,USD,Movies & Entertainment,TRUE,TRUE,TRUE,1
,"New York, I Love You (DVD, 2009)",Default,EB-205584596875,"New York, I Love You (DVD, 2009). Category: Movies & Entertainment. Sold by OnlineRecycle — tested, described accurately. Local pickup available in Central Florida or ships with tracking.",4.19,USD,Movies & Entertainment,TRUE,TRUE,TRUE,1
,"The Majestic (DVD, 2001)",Default,EB-205584597428,"The Majestic (DVD, 2001). Category: Movies & Entertainment. Sold by OnlineRecycle — tested, described accurately. Local pickup available in Central Florida or ships with tracking.",9.00,USD,Movies & Entertainment,TRUE,TRUE,TRUE,1
,"The Manchurian Candidate (DVD, 2004, Widescreen Version)",Default,EB-205584597692,"The Manchurian Candidate (DVD, 2004, Widescreen Version). Category: Movies & Entertainment. Sold by OnlineRecycle — tested, described accurately. Local pickup available in Central Florida or ships with tracking.",3.40,USD,Movies & Entertainment,TRUE,TRUE,TRUE,1
,"Perfect Storm (DVD, 2000)",Default,EB-205584598187,"Perfect Storm (DVD, 2000). Category: Movies & Entertainment. Sold by OnlineRecycle — tested, described accurately. Local pickup available in Central Florida or ships with tracking.",2.63,USD,Movies & Entertainment,TRUE,TRUE,TRUE,1
,"Radio (DVD, 2003)",Default,EB-205584600574,"Radio (DVD, 2003). Category: Movies & Entertainment. Sold by OnlineRecycle — tested, described accurately. Local pickup available in Central Florida or ships with tracking.",2.50,USD,Movies & Entertainment,TRUE,TRUE,TRUE,1
,"The Wrestler (DVD, 2008)",Default,EB-205584601984,"The Wrestler (DVD, 2008). Category: Movies & Entertainment. Sold by OnlineRecycle — tested, described accurately. Local pickup available in Central Florida or ships with tracking.",4.19,USD,Movies & Entertainment,TRUE,TRUE,TRUE,1
,"Man of the Year (DVD, 2007, Full Frame Edition)",Default,EB-205584603268,"Man of the Year (DVD, 2007, Full Frame Edition). Category: Movies & Entertainment. Sold by OnlineRecycle — tested, described accurately. Local pickup available in Central Florida or ships with tracking.",2.08,USD,Movies & Entertainment,TRUE,TRUE,TRUE,1
,"Something New (DVD, 2006)",Default,EB-205584614572,"Something New (DVD, 2006). Category: Movies & Entertainment. Sold by OnlineRecycle — tested, described accurately. Local pickup available in Central Florida or ships with tracking.",6.98,USD,Movies & Entertainment,TRUE,TRUE,TRUE,1
,"Scenic Route (DVD, 2013)",Default,EB-205584617903,"Scenic Route (DVD, 2013). Category: Movies & Entertainment. Sold by OnlineRecycle — tested, described accurately. Local pickup available in Central Florida or ships with tracking.",1.00,USD,Movies & Entertainment,TRUE,TRUE,TRUE,1
,"12 Monkeys (DVD, 1995)",Default,EB-205584618185,"12 Monkeys (DVD, 1995). Category: Movies & Entertainment. Sold by OnlineRecycle — tested, described accurately. Local pickup available in Central Florida or ships with tracking.",6.66,USD,Movies & Entertainment,TRUE,TRUE,TRUE,1
,"Clueless (DVD, 1995)",Default,EB-205584618703,"Clueless (DVD, 1995). Category: Movies & Entertainment. Sold by OnlineRecycle — tested, described accurately. Local pickup available in Central Florida or ships with tracking.",4.08,USD,Movies & Entertainment,TRUE,TRUE,TRUE,1
,"Clockstoppers (DVD, 2002)",Default,EB-205584619077,"Clockstoppers (DVD, 2002). Category: Movies & Entertainment. Sold by OnlineRecycle — tested, described accurately. Local pickup available in Central Florida or ships with tracking.",1.00,USD,Movies & Entertainment,TRUE,TRUE,TRUE,1
,"Crank 2: High Voltage (DVD, 2009)",Default,EB-205584619953,"Crank 2: High Voltage (DVD, 2009). Category: Movies & Entertainment. Sold by OnlineRecycle — tested, described accurately. Local pickup available in Central Florida or ships with tracking.",3.00,USD,Movies & Entertainment,TRUE,TRUE,TRUE,1
,"Prophecy 3-The Ascent (DVD, 1999)",Default,EB-205584637214,"Prophecy 3-The Ascent (DVD, 1999). Category: Movies & Entertainment. Sold by OnlineRecycle — tested, described accurately. Local pickup available in Central Florida or ships with tracking.",5.99,USD,Movies & Entertainment,TRUE,TRUE,TRUE,1
,"Revelation (DVD, 1998)",Default,EB-205585909436,"Revelation (DVD, 1998). Category: Movies & Entertainment. Sold by OnlineRecycle — tested, described accurately. Local pickup available in Central Florida or ships with tracking.",5.98,USD,Movies & Entertainment,TRUE,TRUE,TRUE,1
,"Ladder 49 (DVD, 2004)",Default,EB-205585911449,"Ladder 49 (DVD, 2004). Category: Movies & Entertainment. Sold by OnlineRecycle — tested, described accurately. Local pickup available in Central Florida or ships with tracking.",1.00,USD,Movies & Entertainment,TRUE,TRUE,TRUE,1
,"Into the Blue (DVD, 2005, Full Frame)",Default,EB-205585914127,"Into the Blue (DVD, 2005, Full Frame). Category: Movies & Entertainment. Sold by OnlineRecycle — tested, described accurately. Local pickup available in Central Florida or ships with tracking.",5.28,USD,Movies & Entertainment,TRUE,TRUE,TRUE,1
,"The Last Legion (DVD, 2007)",Default,EB-205585914958,"The Last Legion (DVD, 2007). Category: Movies & Entertainment. Sold by OnlineRecycle — tested, described accurately. Local pickup available in Central Florida or ships with tracking.",3.55,USD,Movies & Entertainment,TRUE,TRUE,TRUE,1
,4 Action Films (DVD),Default,EB-205585915588,"4 Action Films (DVD). Category: Movies & Entertainment. Sold by OnlineRecycle — tested, described accurately. Local pickup available in Central Florida or ships with tracking.",1.99,USD,Movies & Entertainment,TRUE,TRUE,TRUE,1
,"Killer Elite (DVD, 2011)",Default,EB-205585916089,"Killer Elite (DVD, 2011). Category: Movies & Entertainment. Sold by OnlineRecycle — tested, described accurately. Local pickup available in Central Florida or ships with tracking.",2.24,USD,Movies & Entertainment,TRUE,TRUE,TRUE,1
,"Changing Lanes (DVD, 2002)",Default,EB-205585916872,"Changing Lanes (DVD, 2002). Category: Movies & Entertainment. Sold by OnlineRecycle — tested, described accurately. Local pickup available in Central Florida or ships with tracking.",2.33,USD,Movies & Entertainment,TRUE,TRUE,TRUE,1
,"The Assassination of Jesse James by the Coward Robert Ford (DVD, 2007)",Default,EB-205585917931,"The Assassination of Jesse James by the Coward Robert Ford (DVD, 2007). Category: Movies & Entertainment. Sold by OnlineRecycle — tested, described accurately. Local pickup available in Central Florida or ships with tracking.",3.91,USD,Movies & Entertainment,TRUE,TRUE,TRUE,1
,"Spy (DVD, 2015)",Default,EB-205585918644,"Spy (DVD, 2015). Category: Movies & Entertainment. Sold by OnlineRecycle — tested, described accurately. Local pickup available in Central Florida or ships with tracking.",3.98,USD,Movies & Entertainment,TRUE,TRUE,TRUE,1
,"The Scorpion King 3: Battle for Redemption (DVD, 2011)",Default,EB-205585919302,"The Scorpion King 3: Battle for Redemption (DVD, 2011). Category: Movies & Entertainment. Sold by OnlineRecycle — tested, described accurately. Local pickup available in Central Florida or ships with tracking.",2.99,USD,Movies & Entertainment,TRUE,TRUE,TRUE,1
,"The Men Who Stare at Goats (DVD, 2009)",Default,EB-205585919710,"The Men Who Stare at Goats (DVD, 2009). Category: Movies & Entertainment. Sold by OnlineRecycle — tested, described accurately. Local pickup available in Central Florida or ships with tracking.",3.49,USD,Movies & Entertainment,TRUE,TRUE,TRUE,1
,"K-Pax (DVD, 2001)",Default,EB-205585919894,"K-Pax (DVD, 2001). Category: Movies & Entertainment. Sold by OnlineRecycle — tested, described accurately. Local pickup available in Central Florida or ships with tracking.",3.82,USD,Movies & Entertainment,TRUE,TRUE,TRUE,1
,"Gift (DVD, 2000)",Default,EB-205585920398,"Gift (DVD, 2000). Category: Movies & Entertainment. Sold by OnlineRecycle — tested, described accurately. Local pickup available in Central Florida or ships with tracking.",4.20,USD,Movies & Entertainment,TRUE,TRUE,TRUE,1
,"The Fan (DVD, 1997, Closed Caption)",Default,EB-205585956741,"The Fan (DVD, 1997, Closed Caption). Category: Movies & Entertainment. Sold by OnlineRecycle — tested, described accurately. Local pickup available in Central Florida or ships with tracking.",4.39,USD,Movies & Entertainment,TRUE,TRUE,TRUE,1
,"Torque (DVD, 2004, Full-Screen)",Default,EB-205585957232,"Torque (DVD, 2004, Full-Screen). Category: Movies & Entertainment. Sold by OnlineRecycle — tested, described accurately. Local pickup available in Central Florida or ships with tracking.",2.50,USD,Movies & Entertainment,TRUE,TRUE,TRUE,1
,"Hot Rod (DVD, 2007)",Default,EB-205585957402,"Hot Rod (DVD, 2007). Category: Movies & Entertainment. Sold by OnlineRecycle — tested, described accurately. Local pickup available in Central Florida or ships with tracking.",3.00,USD,Movies & Entertainment,TRUE,TRUE,TRUE,1
,"Boat Trip (DVD, 2003)",Default,EB-205585958090,"Boat Trip (DVD, 2003). Category: Movies & Entertainment. Sold by OnlineRecycle — tested, described accurately. Local pickup available in Central Florida or ships with tracking.",4.16,USD,Movies & Entertainment,TRUE,TRUE,TRUE,1
,"The Dukes of Hazzard (DVD, 2005, Unrated, Full Frame Edition)",Default,EB-205585959019,"The Dukes of Hazzard (DVD, 2005, Unrated, Full Frame Edition). Category: Movies & Entertainment. Sold by OnlineRecycle — tested, described accurately. Local pickup available in Central Florida or ships with tracking.",3.28,USD,Movies & Entertainment,TRUE,TRUE,TRUE,1
,"Children of Men (DVD, 2006)",Default,EB-205585962303,"Children of Men (DVD, 2006). Category: Movies & Entertainment. Sold by OnlineRecycle — tested, described accurately. Local pickup available in Central Florida or ships with tracking.",3.94,USD,Movies & Entertainment,TRUE,TRUE,TRUE,1
,"Step UP 2: the Streets (DVD, 2008)",Default,EB-205585965363,"Step UP 2: the Streets (DVD, 2008). Category: Movies & Entertainment. Sold by OnlineRecycle — tested, described accurately. Local pickup available in Central Florida or ships with tracking.",2.19,USD,Movies & Entertainment,TRUE,TRUE,TRUE,1
,"Trespass (DVD, 2011)",Default,EB-205585965656,"Trespass (DVD, 2011). Category: Movies & Entertainment. Sold by OnlineRecycle — tested, described accurately. Local pickup available in Central Florida or ships with tracking.",4.18,USD,Movies & Entertainment,TRUE,TRUE,TRUE,1
,Wicked (DVD),Default,EB-205585965926,"Wicked (DVD). Category: Movies & Entertainment. Sold by OnlineRecycle — tested, described accurately. Local pickup available in Central Florida or ships with tracking.",7.36,USD,Movies & Entertainment,TRUE,TRUE,TRUE,1
,"Desperate Measures (DVD, 1998, Subtitled in Multiple Languages Closed Caption)",Default,EB-205585966407,"Desperate Measures (DVD, 1998, Subtitled in Multiple Languages Closed Caption). Category: Movies & Entertainment. Sold by OnlineRecycle — tested, described accurately. Local pickup available in Central Florida or ships with tracking.",2.78,USD,Movies & Entertainment,TRUE,TRUE,TRUE,1
,"Mona Lisa Smile (DVD, 2003)",Default,EB-205585966853,"Mona Lisa Smile (DVD, 2003). Category: Movies & Entertainment. Sold by OnlineRecycle — tested, described accurately. Local pickup available in Central Florida or ships with tracking.",1.00,USD,Movies & Entertainment,TRUE,TRUE,TRUE,1
,"Dan in Real Life (DVD, 2007)",Default,EB-205585967834,"Dan in Real Life (DVD, 2007). Category: Movies & Entertainment. Sold by OnlineRecycle — tested, described accurately. Local pickup available in Central Florida or ships with tracking.",2.89,USD,Movies & Entertainment,TRUE,TRUE,TRUE,1
,"The Reluctant Fundamentalist (DVD, 2013)",Default,EB-205585968300,"The Reluctant Fundamentalist (DVD, 2013). Category: Movies & Entertainment. Sold by OnlineRecycle — tested, described accurately. Local pickup available in Central Florida or ships with tracking.",5.56,USD,Movies & Entertainment,TRUE,TRUE,TRUE,1
,"Thirteen Ghosts (DVD, 2001)",Default,EB-205585968574,"Thirteen Ghosts (DVD, 2001). Category: Movies & Entertainment. Sold by OnlineRecycle — tested, described accurately. Local pickup available in Central Florida or ships with tracking.",2.00,USD,Movies & Entertainment,TRUE,TRUE,TRUE,1
,"American Outlaws (DVD, 2001)",Default,EB-205585968827,"American Outlaws (DVD, 2001). Category: Movies & Entertainment. Sold by OnlineRecycle — tested, described accurately. Local pickup available in Central Florida or ships with tracking.",2.99,USD,Movies & Entertainment,TRUE,TRUE,TRUE,1
,"Hollow Man (DVD, 2001, Special Edition)",Default,EB-205585990328,"Hollow Man (DVD, 2001, Special Edition). Category: Movies & Entertainment. Sold by OnlineRecycle — tested, described accurately. Local pickup available in Central Florida or ships with tracking.",3.92,USD,Movies & Entertainment,TRUE,TRUE,TRUE,1
,"Hardball (DVD, 2002, Sensormatic)",Default,EB-205585990741,"Hardball (DVD, 2002, Sensormatic). Category: Movies & Entertainment. Sold by OnlineRecycle — tested, described accurately. Local pickup available in Central Florida or ships with tracking.",2.57,USD,Movies & Entertainment,TRUE,TRUE,TRUE,1
,"Man of the House (DVD, 2005)",Default,EB-205585991025,"Man of the House (DVD, 2005). Category: Movies & Entertainment. Sold by OnlineRecycle — tested, described accurately. Local pickup available in Central Florida or ships with tracking.",3.50,USD,Movies & Entertainment,TRUE,TRUE,TRUE,1
,"The Color of Time (DVD, 2012)",Default,EB-205585991568,"The Color of Time (DVD, 2012). Category: Movies & Entertainment. Sold by OnlineRecycle — tested, described accurately. Local pickup available in Central Florida or ships with tracking.",4.64,USD,Movies & Entertainment,TRUE,TRUE,TRUE,1
,"The Comebacks (DVD, 2008, Unrated)",Default,EB-205585992126,"The Comebacks (DVD, 2008, Unrated). Category: Movies & Entertainment. Sold by OnlineRecycle — tested, described accurately. Local pickup available in Central Florida or ships with tracking.",2.56,USD,Movies & Entertainment,TRUE,TRUE,TRUE,1
,"The Boondock Saints (DVD, 1999)",Default,EB-205585994425,"The Boondock Saints (DVD, 1999). Category: Movies & Entertainment. Sold by OnlineRecycle — tested, described accurately. Local pickup available in Central Florida or ships with tracking.",2.99,USD,Movies & Entertainment,TRUE,TRUE,TRUE,1
,"Almost Perfect Bank Robbery (DVD, 1999)",Default,EB-205585995187,"Almost Perfect Bank Robbery (DVD, 1999). Category: Movies & Entertainment. Sold by OnlineRecycle — tested, described accurately. Local pickup available in Central Florida or ships with tracking.",6.58,USD,Movies & Entertainment,TRUE,TRUE,TRUE,1
,"Shaft (2000) (DVD, 2000)",Default,EB-205585995364,"Shaft (2000) (DVD, 2000). Category: Movies & Entertainment. Sold by OnlineRecycle — tested, described accurately. Local pickup available in Central Florida or ships with tracking.",3.16,USD,Movies & Entertainment,TRUE,TRUE,TRUE,1
,"Crank (DVD, 2007, Full Frame Edition)",Default,EB-205585996545,"Crank (DVD, 2007, Full Frame Edition). Category: Movies & Entertainment. Sold by OnlineRecycle — tested, described accurately. Local pickup available in Central Florida or ships with tracking.",2.15,USD,Movies & Entertainment,TRUE,TRUE,TRUE,1
,"Perfect Score (DVD, 2004)",Default,EB-205585996947,"Perfect Score (DVD, 2004). Category: Movies & Entertainment. Sold by OnlineRecycle — tested, described accurately. Local pickup available in Central Florida or ships with tracking.",3.98,USD,Movies & Entertainment,TRUE,TRUE,TRUE,1
,"Biker Boyz (DVD, 2003, Full Frame)",Default,EB-205585998259,"Biker Boyz (DVD, 2003, Full Frame). Category: Movies & Entertainment. Sold by OnlineRecycle — tested, described accurately. Local pickup available in Central Florida or ships with tracking.",3.87,USD,Movies & Entertainment,TRUE,TRUE,TRUE,1
,"xXx (DVD, 2002)",Default,EB-205585999672,"xXx (DVD, 2002). Category: Movies & Entertainment. Sold by OnlineRecycle — tested, described accurately. Local pickup available in Central Florida or ships with tracking.",2.75,USD,Movies & Entertainment,TRUE,TRUE,TRUE,1
,"Supernova (DVD, 2000, R-Rated Version)",Default,EB-205586000694,"Supernova (DVD, 2000, R-Rated Version). Category: Movies & Entertainment. Sold by OnlineRecycle — tested, described accurately. Local pickup available in Central Florida or ships with tracking.",4.39,USD,Movies & Entertainment,TRUE,TRUE,TRUE,1
,"Signs (DVD, 2002)",Default,EB-205586037529,"Signs (DVD, 2002). Category: Movies & Entertainment. Sold by OnlineRecycle — tested, described accurately. Local pickup available in Central Florida or ships with tracking.",5.00,USD,Movies & Entertainment,TRUE,TRUE,TRUE,1
,"Quigley Down Under (DVD, 1990)",Default,EB-205586037848,"Quigley Down Under (DVD, 1990). Category: Movies & Entertainment. Sold by OnlineRecycle — tested, described accurately. Local pickup available in Central Florida or ships with tracking.",2.95,USD,Movies & Entertainment,TRUE,TRUE,TRUE,1
,"Urban Legend (DVD, 1998)",Default,EB-205586038089,"Urban Legend (DVD, 1998). Category: Movies & Entertainment. Sold by OnlineRecycle — tested, described accurately. Local pickup available in Central Florida or ships with tracking.",5.99,USD,Movies & Entertainment,TRUE,TRUE,TRUE,1
,"Hercules (DVD, 2014)",Default,EB-205586038562,"Hercules (DVD, 2014). Category: Movies & Entertainment. Sold by OnlineRecycle — tested, described accurately. Local pickup available in Central Florida or ships with tracking.",3.75,USD,Movies & Entertainment,TRUE,TRUE,TRUE,1
,"Wrong Turn (DVD, 2003)",Default,EB-205586039122,"Wrong Turn (DVD, 2003). Category: Movies & Entertainment. Sold by OnlineRecycle — tested, described accurately. Local pickup available in Central Florida or ships with tracking.",6.11,USD,Movies & Entertainment,TRUE,TRUE,TRUE,1
,"Death Warrant (DVD, 1990)",Default,EB-205586039403,"Death Warrant (DVD, 1990). Category: Movies & Entertainment. Sold by OnlineRecycle — tested, described accurately. Local pickup available in Central Florida or ships with tracking.",6.07,USD,Movies & Entertainment,TRUE,TRUE,TRUE,1
,"Paul Blart: Mall Cop (DVD, 2009)",Default,EB-205586040018,"Paul Blart: Mall Cop (DVD, 2009). Category: Movies & Entertainment. Sold by OnlineRecycle — tested, described accurately. Local pickup available in Central Florida or ships with tracking.",2.13,USD,Movies & Entertainment,TRUE,TRUE,TRUE,1
,"Gigantic (DVD, 2008)",Default,EB-205586040966,"Gigantic (DVD, 2008). Category: Movies & Entertainment. Sold by OnlineRecycle — tested, described accurately. Local pickup available in Central Florida or ships with tracking.",5.84,USD,Movies & Entertainment,TRUE,TRUE,TRUE,1
,"The Losers (DVD, 2010)",Default,EB-205586041752,"The Losers (DVD, 2010). Category: Movies & Entertainment. Sold by OnlineRecycle — tested, described accurately. Local pickup available in Central Florida or ships with tracking.",2.48,USD,Movies & Entertainment,TRUE,TRUE,TRUE,1
,"Fighter (DVD, 2010)",Default,EB-205586042704,"Fighter (DVD, 2010). Category: Movies & Entertainment. Sold by OnlineRecycle — tested, described accurately. Local pickup available in Central Florida or ships with tracking.",3.72,USD,Movies & Entertainment,TRUE,TRUE,TRUE,1
,"300 (DVD, 2007)",Default,EB-205586042925,"300 (DVD, 2007). Category: Movies & Entertainment. Sold by OnlineRecycle — tested, described accurately. Local pickup available in Central Florida or ships with tracking.",2.75,USD,Movies & Entertainment,TRUE,TRUE,TRUE,1
,"Kickin It Old Skool (DVD, 2007)",Default,EB-205586044846,"Kickin It Old Skool (DVD, 2007). Category: Movies & Entertainment. Sold by OnlineRecycle — tested, described accurately. Local pickup available in Central Florida or ships with tracking.",4.19,USD,Movies & Entertainment,TRUE,TRUE,TRUE,1
,"Easy Virtue (DVD, 2009)",Default,EB-205586073249,"Easy Virtue (DVD, 2009). Category: Movies & Entertainment. Sold by OnlineRecycle — tested, described accurately. Local pickup available in Central Florida or ships with tracking.",5.01,USD,Movies & Entertainment,TRUE,TRUE,TRUE,1
,"Romeo Must Die (DVD, 2000)",Default,EB-205586073595,"Romeo Must Die (DVD, 2000). Category: Movies & Entertainment. Sold by OnlineRecycle — tested, described accurately. Local pickup available in Central Florida or ships with tracking.",3.00,USD,Movies & Entertainment,TRUE,TRUE,TRUE,1
,"The Lazarus Project (DVD, 2008)",Default,EB-205586074019,"The Lazarus Project (DVD, 2008). Category: Movies & Entertainment. Sold by OnlineRecycle — tested, described accurately. Local pickup available in Central Florida or ships with tracking.",5.22,USD,Movies & Entertainment,TRUE,TRUE,TRUE,1
,Skyfall (DVD),Default,EB-205586074194,"Skyfall (DVD). Category: Movies & Entertainment. Sold by OnlineRecycle — tested, described accurately. Local pickup available in Central Florida or ships with tracking.",3.32,USD,Movies & Entertainment,TRUE,TRUE,TRUE,1
,"Mansfield Park (1999) (DVD, 1999)",Default,EB-205586074451,"Mansfield Park (1999) (DVD, 1999). Category: Movies & Entertainment. Sold by OnlineRecycle — tested, described accurately. Local pickup available in Central Florida or ships with tracking.",5.73,USD,Movies & Entertainment,TRUE,TRUE,TRUE,1
,"Bangkok Dangerous (DVD, 2008)",Default,EB-205586074946,"Bangkok Dangerous (DVD, 2008). Category: Movies & Entertainment. Sold by OnlineRecycle — tested, described accurately. Local pickup available in Central Florida or ships with tracking.",3.03,USD,Movies & Entertainment,TRUE,TRUE,TRUE,1
,"Parker (DVD, 2013)",Default,EB-205586075708,"Parker (DVD, 2013). Category: Movies & Entertainment. Sold by OnlineRecycle — tested, described accurately. Local pickup available in Central Florida or ships with tracking.",5.91,USD,Movies & Entertainment,TRUE,TRUE,TRUE,1
,"Knowing (DVD, 2009)",Default,EB-205586075958,"Knowing (DVD, 2009). Category: Movies & Entertainment. Sold by OnlineRecycle — tested, described accurately. Local pickup available in Central Florida or ships with tracking.",3.97,USD,Movies & Entertainment,TRUE,TRUE,TRUE,1
,"My Best Friend's Girl (DVD, 2008)",Default,EB-205586076156,"My Best Friend's Girl (DVD, 2008). Category: Movies & Entertainment. Sold by OnlineRecycle — tested, described accurately. Local pickup available in Central Florida or ships with tracking.",2.78,USD,Movies & Entertainment,TRUE,TRUE,TRUE,1
,"Pretty Persuasion (DVD, 2005)",Default,EB-205586076601,"Pretty Persuasion (DVD, 2005). Category: Movies & Entertainment. Sold by OnlineRecycle — tested, described accurately. Local pickup available in Central Florida or ships with tracking.",4.03,USD,Movies & Entertainment,TRUE,TRUE,TRUE,1
,"A Murder of Crows (DVD, 1999)",Default,EB-205586077126,"A Murder of Crows (DVD, 1999). Category: Movies & Entertainment. Sold by OnlineRecycle — tested, described accurately. Local pickup available in Central Florida or ships with tracking.",2.03,USD,Movies & Entertainment,TRUE,TRUE,TRUE,1
,"Asian Connection (DVD, 2016)",Default,EB-205586077710,"Asian Connection (DVD, 2016). Category: Movies & Entertainment. Sold by OnlineRecycle — tested, described accurately. Local pickup available in Central Florida or ships with tracking.",4.35,USD,Movies & Entertainment,TRUE,TRUE,TRUE,1
,"Fallen (DVD, 1998)",Default,EB-205586110795,"Fallen (DVD, 1998). Category: Movies & Entertainment. Sold by OnlineRecycle — tested, described accurately. Local pickup available in Central Florida or ships with tracking.",4.83,USD,Movies & Entertainment,TRUE,TRUE,TRUE,1
,"Hart's War (DVD, 2002)",Default,EB-205586111443,"Hart's War (DVD, 2002). Category: Movies & Entertainment. Sold by OnlineRecycle — tested, described accurately. Local pickup available in Central Florida or ships with tracking.",3.40,USD,Movies & Entertainment,TRUE,TRUE,TRUE,1
,"The Informant! (DVD, 2009)",Default,EB-205586111946,"The Informant! (DVD, 2009). Category: Movies & Entertainment. Sold by OnlineRecycle — tested, described accurately. Local pickup available in Central Florida or ships with tracking.",2.46,USD,Movies & Entertainment,TRUE,TRUE,TRUE,1
,"Smokin' Aces (DVD, 2007)",Default,EB-205586112444,"Smokin' Aces (DVD, 2007). Category: Movies & Entertainment. Sold by OnlineRecycle — tested, described accurately. Local pickup available in Central Florida or ships with tracking.",1.00,USD,Movies & Entertainment,TRUE,TRUE,TRUE,1
,"Absolute Power (DVD, 1997, Clint Eastwood Collection)",Default,EB-205586112665,"Absolute Power (DVD, 1997, Clint Eastwood Collection). Category: Movies & Entertainment. Sold by OnlineRecycle — tested, described accurately. Local pickup available in Central Florida or ships with tracking.",6.36,USD,Movies & Entertainment,TRUE,TRUE,TRUE,1
,"Seraphim Falls (DVD, 2006)",Default,EB-205586113486,"Seraphim Falls (DVD, 2006). Category: Movies & Entertainment. Sold by OnlineRecycle — tested, described accurately. Local pickup available in Central Florida or ships with tracking.",6.32,USD,Movies & Entertainment,TRUE,TRUE,TRUE,1
,"Bourne Supremacy (DVD, 2004)",Default,EB-205586113669,"Bourne Supremacy (DVD, 2004). Category: Movies & Entertainment. Sold by OnlineRecycle — tested, described accurately. Local pickup available in Central Florida or ships with tracking.",1.00,USD,Movies & Entertainment,TRUE,TRUE,TRUE,1
,"Layer Cake (DVD, 2005, Special Edition, Widescreen)",Default,EB-205586113968,"Layer Cake (DVD, 2005, Special Edition, Widescreen). Category: Movies & Entertainment. Sold by OnlineRecycle — tested, described accurately. Local pickup available in Central Florida or ships with tracking.",2.95,USD,Movies & Entertainment,TRUE,TRUE,TRUE,1
,A Man Apart / Running Scared (DVD),Default,EB-205586117684,"A Man Apart / Running Scared (DVD). Category: Movies & Entertainment. Sold by OnlineRecycle — tested, described accurately. Local pickup available in Central Florida or ships with tracking.",4.37,USD,Movies & Entertainment,TRUE,TRUE,TRUE,1
,Big Love: the Complete Second Season (DVD),Default,EB-205586119924,"Big Love: the Complete Second Season (DVD). Category: Movies & Entertainment. Sold by OnlineRecycle — tested, described accurately. Local pickup available in Central Florida or ships with tracking.",4.39,USD,Movies & Entertainment,TRUE,TRUE,TRUE,1
,"War of the Worlds (DVD, 2005, Full Frame)",Default,EB-205586121162,"War of the Worlds (DVD, 2005, Full Frame). Category: Movies & Entertainment. Sold by OnlineRecycle — tested, described accurately. Local pickup available in Central Florida or ships with tracking.",2.77,USD,Movies & Entertainment,TRUE,TRUE,TRUE,1
,"The Astronauts Wife (DVD, 2000)",Default,EB-205586121835,"The Astronauts Wife (DVD, 2000). Category: Movies & Entertainment. Sold by OnlineRecycle — tested, described accurately. Local pickup available in Central Florida or ships with tracking.",5.26,USD,Movies & Entertainment,TRUE,TRUE,TRUE,1
,Eye See You - DVD - VERY GOOD,Default,EB-205586258552,"Eye See You - DVD - VERY GOOD. Category: Movies & Entertainment. Sold by OnlineRecycle — tested, described accurately. Local pickup available in Central Florida or ships with tracking.",2.09,USD,Movies & Entertainment,TRUE,TRUE,TRUE,1
,"Baseketball (DVD, 1998)",Default,EB-205586848677,"Baseketball (DVD, 1998). Category: Movies & Entertainment. Sold by OnlineRecycle — tested, described accurately. Local pickup available in Central Florida or ships with tracking.",5.86,USD,Movies & Entertainment,TRUE,TRUE,TRUE,1
,"A Bridge Too Far (DVD, 1977)",Default,EB-205586850141,"A Bridge Too Far (DVD, 1977). Category: Movies & Entertainment. Sold by OnlineRecycle — tested, described accurately. Local pickup available in Central Florida or ships with tracking.",3.95,USD,Movies & Entertainment,TRUE,TRUE,TRUE,1
,"Friends with Benefits (DVD, 2011)",Default,EB-205586851094,"Friends with Benefits (DVD, 2011). Category: Movies & Entertainment. Sold by OnlineRecycle — tested, described accurately. Local pickup available in Central Florida or ships with tracking.",3.02,USD,Movies & Entertainment,TRUE,TRUE,TRUE,1
,"Lost Souls (DVD, 2000)",Default,EB-205586856350,"Lost Souls (DVD, 2000). Category: Movies & Entertainment. Sold by OnlineRecycle — tested, described accurately. Local pickup available in Central Florida or ships with tracking.",5.63,USD,Movies & Entertainment,TRUE,TRUE,TRUE,1
,"Pieces of April (DVD, 2003)",Default,EB-205586858580,"Pieces of April (DVD, 2003). Category: Movies & Entertainment. Sold by OnlineRecycle — tested, described accurately. Local pickup available in Central Florida or ships with tracking.",4.99,USD,Movies & Entertainment,TRUE,TRUE,TRUE,1
,"Gone Baby Gone (DVD, 2007)",Default,EB-205586860907,"Gone Baby Gone (DVD, 2007). Category: Movies & Entertainment. Sold by OnlineRecycle — tested, described accurately. Local pickup available in Central Florida or ships with tracking.",2.53,USD,Movies & Entertainment,TRUE,TRUE,TRUE,1
,"Monkeybone (DVD, 2001, Special Edition)",Default,EB-205586861476,"Monkeybone (DVD, 2001, Special Edition). Category: Movies & Entertainment. Sold by OnlineRecycle — tested, described accurately. Local pickup available in Central Florida or ships with tracking.",7.35,USD,Movies & Entertainment,TRUE,TRUE,TRUE,1
,"Thirteen Days (DVD, 2000)",Default,EB-205586862467,"Thirteen Days (DVD, 2000). Category: Movies & Entertainment. Sold by OnlineRecycle — tested, described accurately. Local pickup available in Central Florida or ships with tracking.",4.17,USD,Movies & Entertainment,TRUE,TRUE,TRUE,1
,Zack and Miri Dvd (DVD),Default,EB-205586863537,"Zack and Miri Dvd (DVD). Category: Movies & Entertainment. Sold by OnlineRecycle — tested, described accurately. Local pickup available in Central Florida or ships with tracking.",3.25,USD,Movies & Entertainment,TRUE,TRUE,TRUE,1
,"Blackhat (DVD, 2015)",Default,EB-205586864123,"Blackhat (DVD, 2015). Category: Movies & Entertainment. Sold by OnlineRecycle — tested, described accurately. Local pickup available in Central Florida or ships with tracking.",2.51,USD,Movies & Entertainment,TRUE,TRUE,TRUE,1
,"Little Nicky (DVD, 2000)",Default,EB-205586864750,"Little Nicky (DVD, 2000). Category: Movies & Entertainment. Sold by OnlineRecycle — tested, described accurately. Local pickup available in Central Florida or ships with tracking.",4.39,USD,Movies & Entertainment,TRUE,TRUE,TRUE,1
,"Freedomland (DVD, 2006)",Default,EB-205586865510,"Freedomland (DVD, 2006). Category: Movies & Entertainment. Sold by OnlineRecycle — tested, described accurately. Local pickup available in Central Florida or ships with tracking.",2.50,USD,Movies & Entertainment,TRUE,TRUE,TRUE,1
,"The Big Bounce (DVD, 2004)",Default,EB-205586867046,"The Big Bounce (DVD, 2004). Category: Movies & Entertainment. Sold by OnlineRecycle — tested, described accurately. Local pickup available in Central Florida or ships with tracking.",3.97,USD,Movies & Entertainment,TRUE,TRUE,TRUE,1
,"Igby Goes Down (DVD, 2002)",Default,EB-205586867885,"Igby Goes Down (DVD, 2002). Category: Movies & Entertainment. Sold by OnlineRecycle — tested, described accurately. Local pickup available in Central Florida or ships with tracking.",7.27,USD,Movies & Entertainment,TRUE,TRUE,TRUE,1
,"Galaxy Quest (DVD, 2000, DTS Surround 5.1 Widescreen)",Default,EB-205586869878,"Galaxy Quest (DVD, 2000, DTS Surround 5.1 Widescreen). Category: Movies & Entertainment. Sold by OnlineRecycle — tested, described accurately. Local pickup available in Central Florida or ships with tracking.",4.22,USD,Movies & Entertainment,TRUE,TRUE,TRUE,1
,"Saving Private Ryan (DVD, 1998)",Default,EB-205586870335,"Saving Private Ryan (DVD, 1998). Category: Movies & Entertainment. Sold by OnlineRecycle — tested, described accurately. Local pickup available in Central Florida or ships with tracking.",5.84,USD,Movies & Entertainment,TRUE,TRUE,TRUE,1
,"Mind of Mencia: Uncensored Season 3 (DVD, 2007)",Default,EB-205586871382,"Mind of Mencia: Uncensored Season 3 (DVD, 2007). Category: Movies & Entertainment. Sold by OnlineRecycle — tested, described accurately. Local pickup available in Central Florida or ships with tracking.",4.31,USD,Movies & Entertainment,TRUE,TRUE,TRUE,1
,"Mind of Mencia - Uncensored Season 1 (DVD, 2006, 2-Disc Set, Checkpoint)",Default,EB-205586872579,"Mind of Mencia - Uncensored Season 1 (DVD, 2006, 2-Disc Set, Checkpoint). Category: Movies & Entertainment. Sold by OnlineRecycle — tested, described accurately. Local pickup available in Central Florida or ships with tracking.",3.84,USD,Movies & Entertainment,TRUE,TRUE,TRUE,1
,"Broken Arrow (1996) (DVD, 1996)",Default,EB-205587252826,"Broken Arrow (1996) (DVD, 1996). Category: Movies & Entertainment. Sold by OnlineRecycle — tested, described accurately. Local pickup available in Central Florida or ships with tracking.",4.20,USD,Movies & Entertainment,TRUE,TRUE,TRUE,1
,"The Missing (DVD, 2004, 2-Disc Set, Widescreen)",Default,EB-205587253796,"The Missing (DVD, 2004, 2-Disc Set, Widescreen). Category: Movies & Entertainment. Sold by OnlineRecycle — tested, described accurately. Local pickup available in Central Florida or ships with tracking.",2.99,USD,Movies & Entertainment,TRUE,TRUE,TRUE,1
,"The Matrix Revolutions (DVD, 2004, 2-Disc Set)",Default,EB-205587255354,"The Matrix Revolutions (DVD, 2004, 2-Disc Set). Category: Movies & Entertainment. Sold by OnlineRecycle — tested, described accurately. Local pickup available in Central Florida or ships with tracking.",2.69,USD,Movies & Entertainment,TRUE,TRUE,TRUE,1
,"The New Guy (DVD, 2002)",Default,EB-205587256899,"The New Guy (DVD, 2002). Category: Movies & Entertainment. Sold by OnlineRecycle — tested, described accurately. Local pickup available in Central Florida or ships with tracking.",1.00,USD,Movies & Entertainment,TRUE,TRUE,TRUE,1
,"The Patriot (DVD, 1998)",Default,EB-205587258990,"The Patriot (DVD, 1998). Category: Movies & Entertainment. Sold by OnlineRecycle — tested, described accurately. Local pickup available in Central Florida or ships with tracking.",1.00,USD,Movies & Entertainment,TRUE,TRUE,TRUE,1
,"Hustle Flow (DVD, 2006)",Default,EB-205587259972,"Hustle Flow (DVD, 2006). Category: Movies & Entertainment. Sold by OnlineRecycle — tested, described accurately. Local pickup available in Central Florida or ships with tracking.",2.50,USD,Movies & Entertainment,TRUE,TRUE,TRUE,1
,"Phantoms (DVD, 1998, Widescreen)",Default,EB-205587260414,"Phantoms (DVD, 1998, Widescreen). Category: Movies & Entertainment. Sold by OnlineRecycle — tested, described accurately. Local pickup available in Central Florida or ships with tracking.",5.68,USD,Movies & Entertainment,TRUE,TRUE,TRUE,1
,"The Proposition (DVD, 2006, Widescreen Edition)",Default,EB-205587260833,"The Proposition (DVD, 2006, Widescreen Edition). Category: Movies & Entertainment. Sold by OnlineRecycle — tested, described accurately. Local pickup available in Central Florida or ships with tracking.",6.09,USD,Movies & Entertainment,TRUE,TRUE,TRUE,1
,"Wanted (DVD, 2008, Full Frame)",Default,EB-205587261141,"Wanted (DVD, 2008, Full Frame). Category: Movies & Entertainment. Sold by OnlineRecycle — tested, described accurately. Local pickup available in Central Florida or ships with tracking.",1.00,USD,Movies & Entertainment,TRUE,TRUE,TRUE,1
,"Just Cause (DVD, 1995)",Default,EB-205587261413,"Just Cause (DVD, 1995). Category: Movies & Entertainment. Sold by OnlineRecycle — tested, described accurately. Local pickup available in Central Florida or ships with tracking.",2.46,USD,Movies & Entertainment,TRUE,TRUE,TRUE,1
,"The Upside of Anger (DVD, 2005)",Default,EB-205587262464,"The Upside of Anger (DVD, 2005). Category: Movies & Entertainment. Sold by OnlineRecycle — tested, described accurately. Local pickup available in Central Florida or ships with tracking.",3.52,USD,Movies & Entertainment,TRUE,TRUE,TRUE,1
,"White House Down (DVD, 2013)",Default,EB-205587262972,"White House Down (DVD, 2013). Category: Movies & Entertainment. Sold by OnlineRecycle — tested, described accurately. Local pickup available in Central Florida or ships with tracking.",1.00,USD,Movies & Entertainment,TRUE,TRUE,TRUE,1
,"Mystic River (DVD, 2004, Full-Screen)",Default,EB-205587263237,"Mystic River (DVD, 2004, Full-Screen). Category: Movies & Entertainment. Sold by OnlineRecycle — tested, described accurately. Local pickup available in Central Florida or ships with tracking.",2.23,USD,Movies & Entertainment,TRUE,TRUE,TRUE,1
,"The Call (DVD, 2013)",Default,EB-205587263436,"The Call (DVD, 2013). Category: Movies & Entertainment. Sold by OnlineRecycle — tested, described accurately. Local pickup available in Central Florida or ships with tracking.",1.99,USD,Movies & Entertainment,TRUE,TRUE,TRUE,1
,"Halloween II (DVD, 1998)",Default,EB-205587263962,"Halloween II (DVD, 1998). Category: Movies & Entertainment. Sold by OnlineRecycle — tested, described accurately. Local pickup available in Central Florida or ships with tracking.",4.19,USD,Movies & Entertainment,TRUE,TRUE,TRUE,1
,"Jurassic Park 3 (DVD, 2001)",Default,EB-205587264586,"Jurassic Park 3 (DVD, 2001). Category: Movies & Entertainment. Sold by OnlineRecycle — tested, described accurately. Local pickup available in Central Florida or ships with tracking.",7.98,USD,Movies & Entertainment,TRUE,TRUE,TRUE,1
,"Batman Returns (DVD, 1992)",Default,EB-205587264854,"Batman Returns (DVD, 1992). Category: Movies & Entertainment. Sold by OnlineRecycle — tested, described accurately. Local pickup available in Central Florida or ships with tracking.",4.99,USD,Movies & Entertainment,TRUE,TRUE,TRUE,1
,"Domino (DVD, 2005)",Default,EB-205587267992,"Domino (DVD, 2005). Category: Movies & Entertainment. Sold by OnlineRecycle — tested, described accurately. Local pickup available in Central Florida or ships with tracking.",2.98,USD,Movies & Entertainment,TRUE,TRUE,TRUE,1
,"Wanted (DVD, 2008)",Default,EB-205587276963,"Wanted (DVD, 2008). Category: Movies & Entertainment. Sold by OnlineRecycle — tested, described accurately. Local pickup available in Central Florida or ships with tracking.",1.00,USD,Movies & Entertainment,TRUE,TRUE,TRUE,1
,"Super Size Me (DVD, 2004)",Default,EB-205587277630,"Super Size Me (DVD, 2004). Category: Movies & Entertainment. Sold by OnlineRecycle — tested, described accurately. Local pickup available in Central Florida or ships with tracking.",1.00,USD,Movies & Entertainment,TRUE,TRUE,TRUE,1
,"In the Name of the King: a Dungeon Siege Tale (DVD, 2007)",Default,EB-205587278412,"In the Name of the King: a Dungeon Siege Tale (DVD, 2007). Category: Movies & Entertainment. Sold by OnlineRecycle — tested, described accurately. Local pickup available in Central Florida or ships with tracking.",3.97,USD,Movies & Entertainment,TRUE,TRUE,TRUE,1
,"The Babymakers (DVD, 2012)",Default,EB-205587279678,"The Babymakers (DVD, 2012). Category: Movies & Entertainment. Sold by OnlineRecycle — tested, described accurately. Local pickup available in Central Florida or ships with tracking.",2.03,USD,Movies & Entertainment,TRUE,TRUE,TRUE,1
,"Wedding Crashers (DVD, 2006, Full Frame Unrated)",Default,EB-205587279931,"Wedding Crashers (DVD, 2006, Full Frame Unrated). Category: Movies & Entertainment. Sold by OnlineRecycle — tested, described accurately. Local pickup available in Central Florida or ships with tracking.",1.00,USD,Movies & Entertainment,TRUE,TRUE,TRUE,1
,"Barbershop (DVD, 2003, Special Edition)",Default,EB-205587280161,"Barbershop (DVD, 2003, Special Edition). Category: Movies & Entertainment. Sold by OnlineRecycle — tested, described accurately. Local pickup available in Central Florida or ships with tracking.",1.00,USD,Movies & Entertainment,TRUE,TRUE,TRUE,1
,"The New Guy (DVD, 2002)",Default,EB-205587289837,"The New Guy (DVD, 2002). Category: Movies & Entertainment. Sold by OnlineRecycle — tested, described accurately. Local pickup available in Central Florida or ships with tracking.",1.00,USD,Movies & Entertainment,TRUE,TRUE,TRUE,1
,"Sisters (DVD, 2015)",Default,EB-205587299058,"Sisters (DVD, 2015). Category: Movies & Entertainment. Sold by OnlineRecycle — tested, described accurately. Local pickup available in Central Florida or ships with tracking.",2.86,USD,Movies & Entertainment,TRUE,TRUE,TRUE,1
,"The Sea (DVD, 2000)",Default,EB-205587302390,"The Sea (DVD, 2000). Category: Movies & Entertainment. Sold by OnlineRecycle — tested, described accurately. Local pickup available in Central Florida or ships with tracking.",1.99,USD,Movies & Entertainment,TRUE,TRUE,TRUE,1
,"Charlie Bartlett (DVD, 2007)",Default,EB-205587310689,"Charlie Bartlett (DVD, 2007). Category: Movies & Entertainment. Sold by OnlineRecycle — tested, described accurately. Local pickup available in Central Florida or ships with tracking.",2.95,USD,Movies & Entertainment,TRUE,TRUE,TRUE,1
,"Shadowheart (DVD, 2009)",Default,EB-205588852022,"Shadowheart (DVD, 2009). Category: Movies & Entertainment. Sold by OnlineRecycle — tested, described accurately. Local pickup available in Central Florida or ships with tracking.",2.03,USD,Movies & Entertainment,TRUE,TRUE,TRUE,1
,"12 Rounds (DVD, 2009, Rated/Unrated)",Default,EB-205588853062,"12 Rounds (DVD, 2009, Rated/Unrated). Category: Movies & Entertainment. Sold by OnlineRecycle — tested, described accurately. Local pickup available in Central Florida or ships with tracking.",3.16,USD,Movies & Entertainment,TRUE,TRUE,TRUE,1
,"Unbreakable (DVD, 2001, 2-Disc Set, Vista Series)",Default,EB-205588853330,"Unbreakable (DVD, 2001, 2-Disc Set, Vista Series). Category: Movies & Entertainment. Sold by OnlineRecycle — tested, described accurately. Local pickup available in Central Florida or ships with tracking.",4.13,USD,Movies & Entertainment,TRUE,TRUE,TRUE,1
,"Nooma, Vol. 10: Lump (DVD, 2005)",Default,EB-205588854292,"Nooma, Vol. 10: Lump (DVD, 2005). Category: Movies & Entertainment. Sold by OnlineRecycle — tested, described accurately. Local pickup available in Central Florida or ships with tracking.",4.18,USD,Movies & Entertainment,TRUE,TRUE,TRUE,1
,"The 10th Kingdom (DVD, 2000)",Default,EB-205588854638,"The 10th Kingdom (DVD, 2000). Category: Movies & Entertainment. Sold by OnlineRecycle — tested, described accurately. Local pickup available in Central Florida or ships with tracking.",2.38,USD,Movies & Entertainment,TRUE,TRUE,TRUE,1
,"House - Season 4 (DVD, 2008, 4-Disc Set)",Default,EB-205588854816,"House - Season 4 (DVD, 2008, 4-Disc Set). Category: Movies & Entertainment. Sold by OnlineRecycle — tested, described accurately. Local pickup available in Central Florida or ships with tracking.",3.29,USD,Movies & Entertainment,TRUE,TRUE,TRUE,1
,"Jurassic Park-Lost World (DVD, 1997)",Default,EB-205588858718,"Jurassic Park-Lost World (DVD, 1997). Category: Movies & Entertainment. Sold by OnlineRecycle — tested, described accurately. Local pickup available in Central Florida or ships with tracking.",3.70,USD,Movies & Entertainment,TRUE,TRUE,TRUE,1
,"The Cell (DVD, 2000)",Default,EB-205588860586,"The Cell (DVD, 2000). Category: Movies & Entertainment. Sold by OnlineRecycle — tested, described accurately. Local pickup available in Central Florida or ships with tracking.",4.33,USD,Movies & Entertainment,TRUE,TRUE,TRUE,1
,"The Wedding Ringer (DVD, 2015)",Default,EB-205588862281,"The Wedding Ringer (DVD, 2015). Category: Movies & Entertainment. Sold by OnlineRecycle — tested, described accurately. Local pickup available in Central Florida or ships with tracking.",3.01,USD,Movies & Entertainment,TRUE,TRUE,TRUE,1
,"Let's Be Cops (DVD, 2014)",Default,EB-205588862772,"Let's Be Cops (DVD, 2014). Category: Movies & Entertainment. Sold by OnlineRecycle — tested, described accurately. Local pickup available in Central Florida or ships with tracking.",3.34,USD,Movies & Entertainment,TRUE,TRUE,TRUE,1
,"Stomp The Yard (DVD, 2007, Full Frame)",Default,EB-205588864844,"Stomp The Yard (DVD, 2007, Full Frame). Category: Movies & Entertainment. Sold by OnlineRecycle — tested, described accurately. Local pickup available in Central Florida or ships with tracking.",5.81,USD,Movies & Entertainment,TRUE,TRUE,TRUE,1
,Brick Mansions (DVD),Default,EB-205588865658,"Brick Mansions (DVD). Category: Movies & Entertainment. Sold by OnlineRecycle — tested, described accurately. Local pickup available in Central Florida or ships with tracking.",1.00,USD,Movies & Entertainment,TRUE,TRUE,TRUE,1
,"The Order (DVD, 2003)",Default,EB-205588884354,"The Order (DVD, 2003). Category: Movies & Entertainment. Sold by OnlineRecycle — tested, described accurately. Local pickup available in Central Florida or ships with tracking.",2.25,USD,Movies & Entertainment,TRUE,TRUE,TRUE,1
,"Facing the Giants (DVD, 2006)",Default,EB-205588886262,"Facing the Giants (DVD, 2006). Category: Movies & Entertainment. Sold by OnlineRecycle — tested, described accurately. Local pickup available in Central Florida or ships with tracking.",3.59,USD,Movies & Entertainment,TRUE,TRUE,TRUE,1
,"Sex Tape (DVD, 2014)",Default,EB-205588887418,"Sex Tape (DVD, 2014). Category: Movies & Entertainment. Sold by OnlineRecycle — tested, described accurately. Local pickup available in Central Florida or ships with tracking.",2.03,USD,Movies & Entertainment,TRUE,TRUE,TRUE,1
,"Spy Kids 3-Game over 3d (DVD, 2003)",Default,EB-205588888598,"Spy Kids 3-Game over 3d (DVD, 2003). Category: Movies & Entertainment. Sold by OnlineRecycle — tested, described accurately. Local pickup available in Central Florida or ships with tracking.",1.00,USD,Movies & Entertainment,TRUE,TRUE,TRUE,1
,"The Ninth Gate (DVD, 1999)",Default,EB-205588889328,"The Ninth Gate (DVD, 1999). Category: Movies & Entertainment. Sold by OnlineRecycle — tested, described accurately. Local pickup available in Central Florida or ships with tracking.",2.99,USD,Movies & Entertainment,TRUE,TRUE,TRUE,1
,"The Bridges of Madison County (DVD, 1997)",Default,EB-205588890281,"The Bridges of Madison County (DVD, 1997). Category: Movies & Entertainment. Sold by OnlineRecycle — tested, described accurately. Local pickup available in Central Florida or ships with tracking.",5.88,USD,Movies & Entertainment,TRUE,TRUE,TRUE,1
,"The Skulls II (DVD, 2002)",Default,EB-205588890491,"The Skulls II (DVD, 2002). Category: Movies & Entertainment. Sold by OnlineRecycle — tested, described accurately. Local pickup available in Central Florida or ships with tracking.",2.69,USD,Movies & Entertainment,TRUE,TRUE,TRUE,1
,"The Patriot (DVD, 2000)",Default,EB-205588890856,"The Patriot (DVD, 2000). Category: Movies & Entertainment. Sold by OnlineRecycle — tested, described accurately. Local pickup available in Central Florida or ships with tracking.",2.01,USD,Movies & Entertainment,TRUE,TRUE,TRUE,1
,"Rock School (DVD, 2005)",Default,EB-205588891553,"Rock School (DVD, 2005). Category: Movies & Entertainment. Sold by OnlineRecycle — tested, described accurately. Local pickup available in Central Florida or ships with tracking.",1.00,USD,Movies & Entertainment,TRUE,TRUE,TRUE,1
,"Breakin’ All the Rules (DVD, 2004)",Default,EB-205588894582,"Breakin’ All the Rules (DVD, 2004). Category: Movies & Entertainment. Sold by OnlineRecycle — tested, described accurately. Local pickup available in Central Florida or ships with tracking.",3.00,USD,Movies & Entertainment,TRUE,TRUE,TRUE,1
,"Whip It (DVD, 2010)",Default,EB-205588896030,"Whip It (DVD, 2010). Category: Movies & Entertainment. Sold by OnlineRecycle — tested, described accurately. Local pickup available in Central Florida or ships with tracking.",4.21,USD,Movies & Entertainment,TRUE,TRUE,TRUE,1
,"Australia (DVD, 2008)",Default,EB-205588897107,"Australia (DVD, 2008). Category: Movies & Entertainment. Sold by OnlineRecycle — tested, described accurately. Local pickup available in Central Florida or ships with tracking.",3.84,USD,Movies & Entertainment,TRUE,TRUE,TRUE,1
,"The Fighting Temptations (DVD, 2013)",Default,EB-205588897741,"The Fighting Temptations (DVD, 2013). Category: Movies & Entertainment. Sold by OnlineRecycle — tested, described accurately. Local pickup available in Central Florida or ships with tracking.",3.05,USD,Movies & Entertainment,TRUE,TRUE,TRUE,1
,"Gran Torino (DVD, 2009, Widescreen)",Default,EB-205588897999,"Gran Torino (DVD, 2009, Widescreen). Category: Movies & Entertainment. Sold by OnlineRecycle — tested, described accurately. Local pickup available in Central Florida or ships with tracking.",2.97,USD,Movies & Entertainment,TRUE,TRUE,TRUE,1
,"Say It Isn't So (DVD, 2001)",Default,EB-205588898285,"Say It Isn't So (DVD, 2001). Category: Movies & Entertainment. Sold by OnlineRecycle — tested, described accurately. Local pickup available in Central Florida or ships with tracking.",5.00,USD,Movies & Entertainment,TRUE,TRUE,TRUE,1
,"Dying of the Light (DVD, 2014)",Default,EB-205588898740,"Dying of the Light (DVD, 2014). Category: Movies & Entertainment. Sold by OnlineRecycle — tested, described accurately. Local pickup available in Central Florida or ships with tracking.",2.33,USD,Movies & Entertainment,TRUE,TRUE,TRUE,1
,"Pacific Rim (DVD, 2013)",Default,EB-205589014500,"Pacific Rim (DVD, 2013). Category: Movies & Entertainment. Sold by OnlineRecycle — tested, described accurately. Local pickup available in Central Florida or ships with tracking.",1.00,USD,Movies & Entertainment,TRUE,TRUE,TRUE,1
,"Rise of the Fellowship (DVD, 2013)",Default,EB-205589015177,"Rise of the Fellowship (DVD, 2013). Category: Movies & Entertainment. Sold by OnlineRecycle — tested, described accurately. Local pickup available in Central Florida or ships with tracking.",4.39,USD,Movies & Entertainment,TRUE,TRUE,TRUE,1
,"Flight of the Phoenix (DVD, 2005, English Widescreen Version)",Default,EB-205589017636,"Flight of the Phoenix (DVD, 2005, English Widescreen Version). Category: Movies & Entertainment. Sold by OnlineRecycle — tested, described accurately. Local pickup available in Central Florida or ships with tracking.",3.30,USD,Movies & Entertainment,TRUE,TRUE,TRUE,1
,"The Texas Chainsaw Massacre (DVD, 2003)",Default,EB-205589018727,"The Texas Chainsaw Massacre (DVD, 2003). Category: Movies & Entertainment. Sold by OnlineRecycle — tested, described accurately. Local pickup available in Central Florida or ships with tracking.",1.00,USD,Movies & Entertainment,TRUE,TRUE,TRUE,1
,"First Knight (DVD, 1995)",Default,EB-205589021534,"First Knight (DVD, 1995). Category: Movies & Entertainment. Sold by OnlineRecycle — tested, described accurately. Local pickup available in Central Florida or ships with tracking.",4.14,USD,Movies & Entertainment,TRUE,TRUE,TRUE,1
,"Red Dawn (DVD, 1984)",Default,EB-205589022588,"Red Dawn (DVD, 1984). Category: Movies & Entertainment. Sold by OnlineRecycle — tested, described accurately. Local pickup available in Central Florida or ships with tracking.",5.97,USD,Movies & Entertainment,TRUE,TRUE,TRUE,1
,"Austin Powers: the Spy Who Shagged Me (DVD, 1999)",Default,EB-205589023763,"Austin Powers: the Spy Who Shagged Me (DVD, 1999). Category: Movies & Entertainment. Sold by OnlineRecycle — tested, described accurately. Local pickup available in Central Florida or ships with tracking.",3.21,USD,Movies & Entertainment,TRUE,TRUE,TRUE,1
,"Serenity (DVD, 2005)",Default,EB-205589024954,"Serenity (DVD, 2005). Category: Movies & Entertainment. Sold by OnlineRecycle — tested, described accurately. Local pickup available in Central Florida or ships with tracking.",2.17,USD,Movies & Entertainment,TRUE,TRUE,TRUE,1
,"Blood In...Blood Out: Bound by Honor (DVD, 1993)",Default,EB-205589025445,"Blood In...Blood Out: Bound by Honor (DVD, 1993). Category: Movies & Entertainment. Sold by OnlineRecycle — tested, described accurately. Local pickup available in Central Florida or ships with tracking.",7.00,USD,Movies & Entertainment,TRUE,TRUE,TRUE,1
,"Halo Legends (DVD, 2010)",Default,EB-205589025743,"Halo Legends (DVD, 2010). Category: Movies & Entertainment. Sold by OnlineRecycle — tested, described accurately. Local pickup available in Central Florida or ships with tracking.",1.99,USD,Movies & Entertainment,TRUE,TRUE,TRUE,1
,"Blazing Saddles (DVD, 1974)",Default,EB-205589026206,"Blazing Saddles (DVD, 1974). Category: Movies & Entertainment. Sold by OnlineRecycle — tested, described accurately. Local pickup available in Central Florida or ships with tracking.",3.67,USD,Movies & Entertainment,TRUE,TRUE,TRUE,1
,"High Crimes (DVD, 2002)",Default,EB-205589026458,"High Crimes (DVD, 2002). Category: Movies & Entertainment. Sold by OnlineRecycle — tested, described accurately. Local pickup available in Central Florida or ships with tracking.",2.50,USD,Movies & Entertainment,TRUE,TRUE,TRUE,1
,"The Glass House (DVD, 2001)",Default,EB-205589027008,"The Glass House (DVD, 2001). Category: Movies & Entertainment. Sold by OnlineRecycle — tested, described accurately. Local pickup available in Central Florida or ships with tracking.",2.00,USD,Movies & Entertainment,TRUE,TRUE,TRUE,1
,"The Bank Job (DVD, 2008)",Default,EB-205589028126,"The Bank Job (DVD, 2008). Category: Movies & Entertainment. Sold by OnlineRecycle — tested, described accurately. Local pickup available in Central Florida or ships with tracking.",1.00,USD,Movies & Entertainment,TRUE,TRUE,TRUE,1
,"How to Be a Player (DVD, 1997)",Default,EB-205589029178,"How to Be a Player (DVD, 1997). Category: Movies & Entertainment. Sold by OnlineRecycle — tested, described accurately. Local pickup available in Central Florida or ships with tracking.",3.92,USD,Movies & Entertainment,TRUE,TRUE,TRUE,1
,From Luther with Love: the Videos (DVD),Default,EB-205589031549,"From Luther with Love: the Videos (DVD). Category: Movies & Entertainment. Sold by OnlineRecycle — tested, described accurately. Local pickup available in Central Florida or ships with tracking.",10.75,USD,Movies & Entertainment,TRUE,TRUE,TRUE,1
,"Slither (DVD, 2006)",Default,EB-205589032977,"Slither (DVD, 2006). Category: Movies & Entertainment. Sold by OnlineRecycle — tested, described accurately. Local pickup available in Central Florida or ships with tracking.",5.66,USD,Movies & Entertainment,TRUE,TRUE,TRUE,1
,"The Key Man (DVD, 2011)",Default,EB-205589033618,"The Key Man (DVD, 2011). Category: Movies & Entertainment. Sold by OnlineRecycle — tested, described accurately. Local pickup available in Central Florida or ships with tracking.",4.84,USD,Movies & Entertainment,TRUE,TRUE,TRUE,1
,"Semi-Pro (DVD, 2008)",Default,EB-205589034114,"Semi-Pro (DVD, 2008). Category: Movies & Entertainment. Sold by OnlineRecycle — tested, described accurately. Local pickup available in Central Florida or ships with tracking.",3.09,USD,Movies & Entertainment,TRUE,TRUE,TRUE,1
,"The Kingdom (DVD, 2007)",Default,EB-205589035214,"The Kingdom (DVD, 2007). Category: Movies & Entertainment. Sold by OnlineRecycle — tested, described accurately. Local pickup available in Central Florida or ships with tracking.",2.83,USD,Movies & Entertainment,TRUE,TRUE,TRUE,1
,Super Nice Velodyne Acoustics DPS-10 Active/ Powered Subwoofer - Tested W/Manual,Default,EB-205589579319,"Super Nice Velodyne Acoustics DPS-10 Active/ Powered Subwoofer - Tested W/Manual. Category: General Merchandise. Sold by OnlineRecycle — tested, described accurately. Local pickup available in Central Florida or ships with tracking.",160.00,USD,General Merchandise,TRUE,TRUE,TRUE,1
,BLUETTI 1 -Module 94.2-in x 23.8-in 220-Watt Solar Panel,Default,EB-205589864648,"BLUETTI 1 -Module 94.2-in x 23.8-in 220-Watt Solar Panel. Category: Electronics. Sold by OnlineRecycle — tested, described accurately. Local pickup available in Central Florida or ships with tracking.",329.99,USD,Electronics,TRUE,TRUE,TRUE,2
,AQUARIUM AIR PUMP Single Outlet Ultra Quiet,Default,EB-205589898440,"AQUARIUM AIR PUMP Single Outlet Ultra Quiet. Category: General Merchandise. Sold by OnlineRecycle — tested, described accurately. Local pickup available in Central Florida or ships with tracking.",12.49,USD,General Merchandise,TRUE,TRUE,TRUE,1
,09-14 Ford F-150 Right Dashboard Side Trim Cover 9L34-1504480 OEM,Default,EB-205592386410,"09-14 Ford F-150 Right Dashboard Side Trim Cover 9L34-1504480 OEM. Category: General Merchandise. Sold by OnlineRecycle — tested, described accurately. Local pickup available in Central Florida or ships with tracking.",19.00,USD,General Merchandise,TRUE,TRUE,TRUE,1
,"Chaos (DVD, 2005)",Default,EB-205592424758,"Chaos (DVD, 2005). Category: Movies & Entertainment. Sold by OnlineRecycle — tested, described accurately. Local pickup available in Central Florida or ships with tracking.",2.89,USD,Movies & Entertainment,TRUE,TRUE,TRUE,1
,"Basic Instinct 2 (DVD, 2006, Unrated)",Default,EB-205592424997,"Basic Instinct 2 (DVD, 2006, Unrated). Category: Movies & Entertainment. Sold by OnlineRecycle — tested, described accurately. Local pickup available in Central Florida or ships with tracking.",4.29,USD,Movies & Entertainment,TRUE,TRUE,TRUE,1
,"Freelancers (DVD, 2012)",Default,EB-205592426838,"Freelancers (DVD, 2012). Category: Movies & Entertainment. Sold by OnlineRecycle — tested, described accurately. Local pickup available in Central Florida or ships with tracking.",4.51,USD,Movies & Entertainment,TRUE,TRUE,TRUE,1
,"Ghost & the Darkness (DVD, 1996)",Default,EB-205592427526,"Ghost & the Darkness (DVD, 1996). Category: Movies & Entertainment. Sold by OnlineRecycle — tested, described accurately. Local pickup available in Central Florida or ships with tracking.",5.57,USD,Movies & Entertainment,TRUE,TRUE,TRUE,1
,"Lock Up (DVD, 1998)",Default,EB-205592429003,"Lock Up (DVD, 1998). Category: Movies & Entertainment. Sold by OnlineRecycle — tested, described accurately. Local pickup available in Central Florida or ships with tracking.",3.70,USD,Movies & Entertainment,TRUE,TRUE,TRUE,1
,"Stargate Atlantis: the Complete Fifth Season (DVD, 2008)",Default,EB-205592437230,"Stargate Atlantis: the Complete Fifth Season (DVD, 2008). Category: Movies & Entertainment. Sold by OnlineRecycle — tested, described accurately. Local pickup available in Central Florida or ships with tracking.",1.00,USD,Movies & Entertainment,TRUE,TRUE,TRUE,1
,House: Season Two (DVD),Default,EB-205592511294,"House: Season Two (DVD). Category: Movies & Entertainment. Sold by OnlineRecycle — tested, described accurately. Local pickup available in Central Florida or ships with tracking.",3.11,USD,Movies & Entertainment,TRUE,TRUE,TRUE,1
,House: Season One (DVD),Default,EB-205592512194,"House: Season One (DVD). Category: Movies & Entertainment. Sold by OnlineRecycle — tested, described accurately. Local pickup available in Central Florida or ships with tracking.",1.00,USD,Movies & Entertainment,TRUE,TRUE,TRUE,1
,"House - Season Three (DVD, 2007, 5-Disc Set)",Default,EB-205592512804,"House - Season Three (DVD, 2007, 5-Disc Set). Category: Movies & Entertainment. Sold by OnlineRecycle — tested, described accurately. Local pickup available in Central Florida or ships with tracking.",2.67,USD,Movies & Entertainment,TRUE,TRUE,TRUE,1
,"Knock Knock (DVD, 2015)",Default,EB-205592513204,"Knock Knock (DVD, 2015). Category: Movies & Entertainment. Sold by OnlineRecycle — tested, described accurately. Local pickup available in Central Florida or ships with tracking.",8.12,USD,Movies & Entertainment,TRUE,TRUE,TRUE,1
,"Southland Tales (DVD, 2006)",Default,EB-205592513666,"Southland Tales (DVD, 2006). Category: Movies & Entertainment. Sold by OnlineRecycle — tested, described accurately. Local pickup available in Central Florida or ships with tracking.",4.48,USD,Movies & Entertainment,TRUE,TRUE,TRUE,1
,"The Forbidden Kingdom (DVD, 2008)",Default,EB-205592514184,"The Forbidden Kingdom (DVD, 2008). Category: Movies & Entertainment. Sold by OnlineRecycle — tested, described accurately. Local pickup available in Central Florida or ships with tracking.",2.66,USD,Movies & Entertainment,TRUE,TRUE,TRUE,1
,"Apollo 13 (DVD, 1995)",Default,EB-205592514601,"Apollo 13 (DVD, 1995). Category: Movies & Entertainment. Sold by OnlineRecycle — tested, described accurately. Local pickup available in Central Florida or ships with tracking.",4.28,USD,Movies & Entertainment,TRUE,TRUE,TRUE,1
,"National Security (DVD, 2003, Full Screen)",Default,EB-205592515533,"National Security (DVD, 2003, Full Screen). Category: Movies & Entertainment. Sold by OnlineRecycle — tested, described accurately. Local pickup available in Central Florida or ships with tracking.",1.00,USD,Movies & Entertainment,TRUE,TRUE,TRUE,1
,"House on Haunted Hill (1999) (DVD, 1999)",Default,EB-205592516119,"House on Haunted Hill (1999) (DVD, 1999). Category: Movies & Entertainment. Sold by OnlineRecycle — tested, described accurately. Local pickup available in Central Florida or ships with tracking.",3.42,USD,Movies & Entertainment,TRUE,TRUE,TRUE,1
,"Never Die Alone (DVD, 2004)",Default,EB-205594213734,"Never Die Alone (DVD, 2004). Category: Movies & Entertainment. Sold by OnlineRecycle — tested, described accurately. Local pickup available in Central Florida or ships with tracking.",6.00,USD,Movies & Entertainment,TRUE,TRUE,TRUE,1
,10 Movies of Excellence (DVD),Default,EB-205594214041,"10 Movies of Excellence (DVD). Category: Movies & Entertainment. Sold by OnlineRecycle — tested, described accurately. Local pickup available in Central Florida or ships with tracking.",2.53,USD,Movies & Entertainment,TRUE,TRUE,TRUE,1
,Under Fire 12 Movie Collection (DVD),Default,EB-205594222333,"Under Fire 12 Movie Collection (DVD). Category: Movies & Entertainment. Sold by OnlineRecycle — tested, described accurately. Local pickup available in Central Florida or ships with tracking.",2.28,USD,Movies & Entertainment,TRUE,TRUE,TRUE,1
,"Muppets from Space (DVD, 1999)",Default,EB-205594225350,"Muppets from Space (DVD, 1999). Category: Movies & Entertainment. Sold by OnlineRecycle — tested, described accurately. Local pickup available in Central Florida or ships with tracking.",4.49,USD,Movies & Entertainment,TRUE,TRUE,TRUE,1
,"Anger Management (DVD, 2003, Full Frame Special Edition)",Default,EB-205594228554,"Anger Management (DVD, 2003, Full Frame Special Edition). Category: Movies & Entertainment. Sold by OnlineRecycle — tested, described accurately. Local pickup available in Central Florida or ships with tracking.",3.16,USD,Movies & Entertainment,TRUE,TRUE,TRUE,1
,"Booty Call & Keep Case (DVD, 1997)",Default,EB-205594231793,"Booty Call & Keep Case (DVD, 1997). Category: Movies & Entertainment. Sold by OnlineRecycle — tested, described accurately. Local pickup available in Central Florida or ships with tracking.",3.95,USD,Movies & Entertainment,TRUE,TRUE,TRUE,1
,"Step Up (DVD, 2006, Full Frame)",Default,EB-205594232881,"Step Up (DVD, 2006, Full Frame). Category: Movies & Entertainment. Sold by OnlineRecycle — tested, described accurately. Local pickup available in Central Florida or ships with tracking.",2.69,USD,Movies & Entertainment,TRUE,TRUE,TRUE,1
,"Antz (DVD, 1999, Signature Selection)",Default,EB-205594233669,"Antz (DVD, 1999, Signature Selection). Category: Movies & Entertainment. Sold by OnlineRecycle — tested, described accurately. Local pickup available in Central Florida or ships with tracking.",6.08,USD,Movies & Entertainment,TRUE,TRUE,TRUE,1
,"The Wolverine (DVD, 2013)",Default,EB-205594234091,"The Wolverine (DVD, 2013). Category: Movies & Entertainment. Sold by OnlineRecycle — tested, described accurately. Local pickup available in Central Florida or ships with tracking.",5.88,USD,Movies & Entertainment,TRUE,TRUE,TRUE,1
,"Mars Attacks! (DVD, 1996)",Default,EB-205594234477,"Mars Attacks! (DVD, 1996). Category: Movies & Entertainment. Sold by OnlineRecycle — tested, described accurately. Local pickup available in Central Florida or ships with tracking.",5.50,USD,Movies & Entertainment,TRUE,TRUE,TRUE,1
,"Mission to Mars (DVD, 2000)",Default,EB-205594236644,"Mission to Mars (DVD, 2000). Category: Movies & Entertainment. Sold by OnlineRecycle — tested, described accurately. Local pickup available in Central Florida or ships with tracking.",1.00,USD,Movies & Entertainment,TRUE,TRUE,TRUE,1
,"The Constant Gardener (DVD, 2005)",Default,EB-205594240228,"The Constant Gardener (DVD, 2005). Category: Movies & Entertainment. Sold by OnlineRecycle — tested, described accurately. Local pickup available in Central Florida or ships with tracking.",2.51,USD,Movies & Entertainment,TRUE,TRUE,TRUE,1
,"Hannibal (DVD, 2001, 2-Disc Set, Special Edition)",Default,EB-205594246804,"Hannibal (DVD, 2001, 2-Disc Set, Special Edition). Category: Movies & Entertainment. Sold by OnlineRecycle — tested, described accurately. Local pickup available in Central Florida or ships with tracking.",4.87,USD,Movies & Entertainment,TRUE,TRUE,TRUE,1
,"National Lampoons Adam Eve (DVD, 2006)",Default,EB-205594267750,"National Lampoons Adam Eve (DVD, 2006). Category: Movies & Entertainment. Sold by OnlineRecycle — tested, described accurately. Local pickup available in Central Florida or ships with tracking.",2.00,USD,Movies & Entertainment,TRUE,TRUE,TRUE,1
,"Enough (DVD, 2002)",Default,EB-205594268424,"Enough (DVD, 2002). Category: Movies & Entertainment. Sold by OnlineRecycle — tested, described accurately. Local pickup available in Central Florida or ships with tracking.",4.53,USD,Movies & Entertainment,TRUE,TRUE,TRUE,1
,"Cats Dogs (DVD, 2001, Full Frame Version)",Default,EB-205594270122,"Cats Dogs (DVD, 2001, Full Frame Version). Category: Movies & Entertainment. Sold by OnlineRecycle — tested, described accurately. Local pickup available in Central Florida or ships with tracking.",2.87,USD,Movies & Entertainment,TRUE,TRUE,TRUE,1
,"Take the Lead (DVD, 2006, Widescreen Edition)",Default,EB-205594271778,"Take the Lead (DVD, 2006, Widescreen Edition). Category: Movies & Entertainment. Sold by OnlineRecycle — tested, described accurately. Local pickup available in Central Florida or ships with tracking.",4.30,USD,Movies & Entertainment,TRUE,TRUE,TRUE,1
,"Intolerable Cruelty (DVD, 2003)",Default,EB-205594272680,"Intolerable Cruelty (DVD, 2003). Category: Movies & Entertainment. Sold by OnlineRecycle — tested, described accurately. Local pickup available in Central Florida or ships with tracking.",3.01,USD,Movies & Entertainment,TRUE,TRUE,TRUE,1
,"Quick & the Dead (DVD, 1987)",Default,EB-205594274116,"Quick & the Dead (DVD, 1987). Category: Movies & Entertainment. Sold by OnlineRecycle — tested, described accurately. Local pickup available in Central Florida or ships with tracking.",5.00,USD,Movies & Entertainment,TRUE,TRUE,TRUE,1
,"Allied (DVD, 2016)",Default,EB-205594274443,"Allied (DVD, 2016). Category: Movies & Entertainment. Sold by OnlineRecycle — tested, described accurately. Local pickup available in Central Florida or ships with tracking.",4.08,USD,Movies & Entertainment,TRUE,TRUE,TRUE,1
,"Rendition (DVD, 2007)",Default,EB-205594284882,"Rendition (DVD, 2007). Category: Movies & Entertainment. Sold by OnlineRecycle — tested, described accurately. Local pickup available in Central Florida or ships with tracking.",4.23,USD,Movies & Entertainment,TRUE,TRUE,TRUE,1
,"Contraband (DVD, 2012)",Default,EB-205594287945,"Contraband (DVD, 2012). Category: Movies & Entertainment. Sold by OnlineRecycle — tested, described accurately. Local pickup available in Central Florida or ships with tracking.",3.09,USD,Movies & Entertainment,TRUE,TRUE,TRUE,1
,"The Gambler (DVD, 2014)",Default,EB-205594290352,"The Gambler (DVD, 2014). Category: Movies & Entertainment. Sold by OnlineRecycle — tested, described accurately. Local pickup available in Central Florida or ships with tracking.",6.54,USD,Movies & Entertainment,TRUE,TRUE,TRUE,1
,"Beowulf (DVD, 2007)",Default,EB-205594291860,"Beowulf (DVD, 2007). Category: Movies & Entertainment. Sold by OnlineRecycle — tested, described accurately. Local pickup available in Central Florida or ships with tracking.",2.83,USD,Movies & Entertainment,TRUE,TRUE,TRUE,1
,"The Secret (DVD, 2007)",Default,EB-205594294248,"The Secret (DVD, 2007). Category: Movies & Entertainment. Sold by OnlineRecycle — tested, described accurately. Local pickup available in Central Florida or ships with tracking.",4.11,USD,Movies & Entertainment,TRUE,TRUE,TRUE,1
,"Lord of War (DVD, 2005)",Default,EB-205594301510,"Lord of War (DVD, 2005). Category: Movies & Entertainment. Sold by OnlineRecycle — tested, described accurately. Local pickup available in Central Florida or ships with tracking.",2.78,USD,Movies & Entertainment,TRUE,TRUE,TRUE,1
,"The Cutting Edge (DVD, 1992)",Default,EB-205594303730,"The Cutting Edge (DVD, 1992). Category: Movies & Entertainment. Sold by OnlineRecycle — tested, described accurately. Local pickup available in Central Florida or ships with tracking.",3.22,USD,Movies & Entertainment,TRUE,TRUE,TRUE,1
,"Meet the Parents (2000) (DVD, 2000)",Default,EB-205594305925,"Meet the Parents (2000) (DVD, 2000). Category: Movies & Entertainment. Sold by OnlineRecycle — tested, described accurately. Local pickup available in Central Florida or ships with tracking.",2.98,USD,Movies & Entertainment,TRUE,TRUE,TRUE,1
,"The Medallion (DVD, 2003)",Default,EB-205594307522,"The Medallion (DVD, 2003). Category: Movies & Entertainment. Sold by OnlineRecycle — tested, described accurately. Local pickup available in Central Florida or ships with tracking.",2.30,USD,Movies & Entertainment,TRUE,TRUE,TRUE,1
,"Solaris (DVD, 2003, Widescreen Version)",Default,EB-205594310213,"Solaris (DVD, 2003, Widescreen Version). Category: Movies & Entertainment. Sold by OnlineRecycle — tested, described accurately. Local pickup available in Central Florida or ships with tracking.",3.22,USD,Movies & Entertainment,TRUE,TRUE,TRUE,1
,"Redline (DVD, 2007)",Default,EB-205597066805,"Redline (DVD, 2007). Category: Movies & Entertainment. Sold by OnlineRecycle — tested, described accurately. Local pickup available in Central Florida or ships with tracking.",2.03,USD,Movies & Entertainment,TRUE,TRUE,TRUE,1
,"The Groomsmen (DVD, 2006)",Default,EB-205597067618,"The Groomsmen (DVD, 2006). Category: Movies & Entertainment. Sold by OnlineRecycle — tested, described accurately. Local pickup available in Central Florida or ships with tracking.",2.00,USD,Movies & Entertainment,TRUE,TRUE,TRUE,1
,"Gettysburg (DVD, 1993)",Default,EB-205597068365,"Gettysburg (DVD, 1993). Category: Movies & Entertainment. Sold by OnlineRecycle — tested, described accurately. Local pickup available in Central Florida or ships with tracking.",5.27,USD,Movies & Entertainment,TRUE,TRUE,TRUE,1
,"Con Air (DVD, 1997)",Default,EB-205597068667,"Con Air (DVD, 1997). Category: Movies & Entertainment. Sold by OnlineRecycle — tested, described accurately. Local pickup available in Central Florida or ships with tracking.",3.23,USD,Movies & Entertainment,TRUE,TRUE,TRUE,1
,"Antwone Fisher (DVD, 2002)",Default,EB-205597069021,"Antwone Fisher (DVD, 2002). Category: Movies & Entertainment. Sold by OnlineRecycle — tested, described accurately. Local pickup available in Central Florida or ships with tracking.",1.00,USD,Movies & Entertainment,TRUE,TRUE,TRUE,1
,"Duplex (DVD, 2003)",Default,EB-205597070400,"Duplex (DVD, 2003). Category: Movies & Entertainment. Sold by OnlineRecycle — tested, described accurately. Local pickup available in Central Florida or ships with tracking.",4.99,USD,Movies & Entertainment,TRUE,TRUE,TRUE,1
,"Hot Pursuit (DVD, 2015)",Default,EB-205597072282,"Hot Pursuit (DVD, 2015). Category: Movies & Entertainment. Sold by OnlineRecycle — tested, described accurately. Local pickup available in Central Florida or ships with tracking.",2.03,USD,Movies & Entertainment,TRUE,TRUE,TRUE,1
,"The 13th Warrior (DVD, 1999)",Default,EB-205597072541,"The 13th Warrior (DVD, 1999). Category: Movies & Entertainment. Sold by OnlineRecycle — tested, described accurately. Local pickup available in Central Florida or ships with tracking.",3.35,USD,Movies & Entertainment,TRUE,TRUE,TRUE,1
,"Armageddon (DVD, 1998)",Default,EB-205597073467,"Armageddon (DVD, 1998). Category: Movies & Entertainment. Sold by OnlineRecycle — tested, described accurately. Local pickup available in Central Florida or ships with tracking.",3.47,USD,Movies & Entertainment,TRUE,TRUE,TRUE,1
,1950s Vintage 8 Qty Chirstmas Glasses Set Of 8Hpr,Default,EB-205597454504,"1950s Vintage 8 Qty Chirstmas Glasses Set Of 8Hpr. Category: General Merchandise. Sold by OnlineRecycle — tested, described accurately. Local pickup available in Central Florida or ships with tracking.",40.00,USD,General Merchandise,TRUE,TRUE,TRUE,1
,"Mr. 3000 (DVD, 2005, Full Frame)",Default,EB-205597461171,"Mr. 3000 (DVD, 2005, Full Frame). Category: Movies & Entertainment. Sold by OnlineRecycle — tested, described accurately. Local pickup available in Central Florida or ships with tracking.",2.91,USD,Movies & Entertainment,TRUE,TRUE,TRUE,1
,"Kicking and Screaming (DVD, 2005, Full Frame)",Default,EB-205597463536,"Kicking and Screaming (DVD, 2005, Full Frame). Category: Movies & Entertainment. Sold by OnlineRecycle — tested, described accurately. Local pickup available in Central Florida or ships with tracking.",4.20,USD,Movies & Entertainment,TRUE,TRUE,TRUE,1
,"Fame (Extended Dance Edition) (DVD, 2009)",Default,EB-205597463894,"Fame (Extended Dance Edition) (DVD, 2009). Category: Movies & Entertainment. Sold by OnlineRecycle — tested, described accurately. Local pickup available in Central Florida or ships with tracking.",2.99,USD,Movies & Entertainment,TRUE,TRUE,TRUE,1
,"Barbershop 2: Back in Business (DVD, 2004, Special Edition)",Default,EB-205597464746,"Barbershop 2: Back in Business (DVD, 2004, Special Edition). Category: Movies & Entertainment. Sold by OnlineRecycle — tested, described accurately. Local pickup available in Central Florida or ships with tracking.",1.00,USD,Movies & Entertainment,TRUE,TRUE,TRUE,1
,"Hot Fuzz (DVD, 2007, Full Frame)",Default,EB-205597466114,"Hot Fuzz (DVD, 2007, Full Frame). Category: Movies & Entertainment. Sold by OnlineRecycle — tested, described accurately. Local pickup available in Central Florida or ships with tracking.",3.72,USD,Movies & Entertainment,TRUE,TRUE,TRUE,1
,"We Were Soldiers (DVD, 2002)",Default,EB-205597466535,"We Were Soldiers (DVD, 2002). Category: Movies & Entertainment. Sold by OnlineRecycle — tested, described accurately. Local pickup available in Central Florida or ships with tracking.",1.99,USD,Movies & Entertainment,TRUE,TRUE,TRUE,1
,"Get Smart (DVD, 2008)",Default,EB-205597466766,"Get Smart (DVD, 2008). Category: Movies & Entertainment. Sold by OnlineRecycle — tested, described accurately. Local pickup available in Central Florida or ships with tracking.",2.87,USD,Movies & Entertainment,TRUE,TRUE,TRUE,1
,"Mystery, Alaska (DVD, 1999)",Default,EB-205597467733,"Mystery, Alaska (DVD, 1999). Category: Movies & Entertainment. Sold by OnlineRecycle — tested, described accurately. Local pickup available in Central Florida or ships with tracking.",5.13,USD,Movies & Entertainment,TRUE,TRUE,TRUE,1
,"Austin Powers in Goldmember (DVD, 2002)",Default,EB-205597468270,"Austin Powers in Goldmember (DVD, 2002). Category: Movies & Entertainment. Sold by OnlineRecycle — tested, described accurately. Local pickup available in Central Florida or ships with tracking.",2.84,USD,Movies & Entertainment,TRUE,TRUE,TRUE,1
,"Not Another Teen Movie (DVD, 2005, Unrated, Extended Directors Cut)",Default,EB-205597468578,"Not Another Teen Movie (DVD, 2005, Unrated, Extended Directors Cut). Category: Movies & Entertainment. Sold by OnlineRecycle — tested, described accurately. Local pickup available in Central Florida or ships with tracking.",6.02,USD,Movies & Entertainment,TRUE,TRUE,TRUE,1
,"Winter Break (DVD, 2003, Widescreen)",Default,EB-205597469103,"Winter Break (DVD, 2003, Widescreen). Category: Movies & Entertainment. Sold by OnlineRecycle — tested, described accurately. Local pickup available in Central Florida or ships with tracking.",5.99,USD,Movies & Entertainment,TRUE,TRUE,TRUE,1
,"Premonition (DVD, 2007, Full Frame)",Default,EB-205597470136,"Premonition (DVD, 2007, Full Frame). Category: Movies & Entertainment. Sold by OnlineRecycle — tested, described accurately. Local pickup available in Central Florida or ships with tracking.",2.65,USD,Movies & Entertainment,TRUE,TRUE,TRUE,1
,"Tarzan and the Lost City (DVD, 1999)",Default,EB-205597471283,"Tarzan and the Lost City (DVD, 1999). Category: Movies & Entertainment. Sold by OnlineRecycle — tested, described accurately. Local pickup available in Central Florida or ships with tracking.",6.49,USD,Movies & Entertainment,TRUE,TRUE,TRUE,1
,"Chris Rock - Never Scared (DVD, 2004)",Default,EB-205597472735,"Chris Rock - Never Scared (DVD, 2004). Category: Movies & Entertainment. Sold by OnlineRecycle — tested, described accurately. Local pickup available in Central Florida or ships with tracking.",2.03,USD,Movies & Entertainment,TRUE,TRUE,TRUE,1
,"Final Fantasy: the Spirits Within (DVD, 2001)",Default,EB-205597474637,"Final Fantasy: the Spirits Within (DVD, 2001). Category: Movies & Entertainment. Sold by OnlineRecycle — tested, described accurately. Local pickup available in Central Florida or ships with tracking.",3.15,USD,Movies & Entertainment,TRUE,TRUE,TRUE,1
,"88 Minutes (DVD, 2007)",Default,EB-205598895068,"88 Minutes (DVD, 2007). Category: Movies & Entertainment. Sold by OnlineRecycle — tested, described accurately. Local pickup available in Central Florida or ships with tracking.",1.00,USD,Movies & Entertainment,TRUE,TRUE,TRUE,1
,"Doom (DVD, 2006, Unrated Extended Edition)",Default,EB-205598895458,"Doom (DVD, 2006, Unrated Extended Edition). Category: Movies & Entertainment. Sold by OnlineRecycle — tested, described accurately. Local pickup available in Central Florida or ships with tracking.",2.49,USD,Movies & Entertainment,TRUE,TRUE,TRUE,1
,"The Exorcism of Emily Rose (DVD, 2005)",Default,EB-205598899481,"The Exorcism of Emily Rose (DVD, 2005). Category: Movies & Entertainment. Sold by OnlineRecycle — tested, described accurately. Local pickup available in Central Florida or ships with tracking.",2.48,USD,Movies & Entertainment,TRUE,TRUE,TRUE,1
,"Doomsday (DVD, 2008)",Default,EB-205598900229,"Doomsday (DVD, 2008). Category: Movies & Entertainment. Sold by OnlineRecycle — tested, described accurately. Local pickup available in Central Florida or ships with tracking.",2.03,USD,Movies & Entertainment,TRUE,TRUE,TRUE,1
,"Jack Ryan: Shadow Recruit (DVD, 2014)",Default,EB-205598903767,"Jack Ryan: Shadow Recruit (DVD, 2014). Category: Movies & Entertainment. Sold by OnlineRecycle — tested, described accurately. Local pickup available in Central Florida or ships with tracking.",1.00,USD,Movies & Entertainment,TRUE,TRUE,TRUE,1
,"The Mist (DVD, 2007)",Default,EB-205598906986,"The Mist (DVD, 2007). Category: Movies & Entertainment. Sold by OnlineRecycle — tested, described accurately. Local pickup available in Central Florida or ships with tracking.",4.59,USD,Movies & Entertainment,TRUE,TRUE,TRUE,1
,"Master and Commander: the Far Side of the World (DVD, 2003)",Default,EB-205598908233,"Master and Commander: the Far Side of the World (DVD, 2003). Category: Movies & Entertainment. Sold by OnlineRecycle — tested, described accurately. Local pickup available in Central Florida or ships with tracking.",2.31,USD,Movies & Entertainment,TRUE,TRUE,TRUE,1
,"Never Back Down (DVD, 2008)",Default,EB-205598913794,"Never Back Down (DVD, 2008). Category: Movies & Entertainment. Sold by OnlineRecycle — tested, described accurately. Local pickup available in Central Florida or ships with tracking.",3.98,USD,Movies & Entertainment,TRUE,TRUE,TRUE,1
,"The Sum of All Fears (DVD, 2002)",Default,EB-205598917142,"The Sum of All Fears (DVD, 2002). Category: Movies & Entertainment. Sold by OnlineRecycle — tested, described accurately. Local pickup available in Central Florida or ships with tracking.",2.64,USD,Movies & Entertainment,TRUE,TRUE,TRUE,1
,"Like Mike (DVD, 2002)",Default,EB-205598918890,"Like Mike (DVD, 2002). Category: Movies & Entertainment. Sold by OnlineRecycle — tested, described accurately. Local pickup available in Central Florida or ships with tracking.",4.28,USD,Movies & Entertainment,TRUE,TRUE,TRUE,1
,"3000 Miles to Graceland (DVD, 2001)",Default,EB-205598919566,"3000 Miles to Graceland (DVD, 2001). Category: Movies & Entertainment. Sold by OnlineRecycle — tested, described accurately. Local pickup available in Central Florida or ships with tracking.",2.74,USD,Movies & Entertainment,TRUE,TRUE,TRUE,1
,"Shooter (DVD, 2007)",Default,EB-205598920990,"Shooter (DVD, 2007). Category: Movies & Entertainment. Sold by OnlineRecycle — tested, described accurately. Local pickup available in Central Florida or ships with tracking.",2.85,USD,Movies & Entertainment,TRUE,TRUE,TRUE,1
,"Jeepers Creepers (DVD, 2001)",Default,EB-205598921856,"Jeepers Creepers (DVD, 2001). Category: Movies & Entertainment. Sold by OnlineRecycle — tested, described accurately. Local pickup available in Central Florida or ships with tracking.",5.17,USD,Movies & Entertainment,TRUE,TRUE,TRUE,1
,"The Tommyknockers (DVD, 1993)",Default,EB-205598923252,"The Tommyknockers (DVD, 1993). Category: Movies & Entertainment. Sold by OnlineRecycle — tested, described accurately. Local pickup available in Central Florida or ships with tracking.",8.49,USD,Movies & Entertainment,TRUE,TRUE,TRUE,1
,"Cloud Atlas (DVD, 2012)",Default,EB-205598927339,"Cloud Atlas (DVD, 2012). Category: Movies & Entertainment. Sold by OnlineRecycle — tested, described accurately. Local pickup available in Central Florida or ships with tracking.",3.05,USD,Movies & Entertainment,TRUE,TRUE,TRUE,1
,"Triple 9 (DVD, 2016)",Default,EB-205599089291,"Triple 9 (DVD, 2016). Category: Movies & Entertainment. Sold by OnlineRecycle — tested, described accurately. Local pickup available in Central Florida or ships with tracking.",6.06,USD,Movies & Entertainment,TRUE,TRUE,TRUE,1
,"Wild Card (DVD, 2014)",Default,EB-205599089592,"Wild Card (DVD, 2014). Category: Movies & Entertainment. Sold by OnlineRecycle — tested, described accurately. Local pickup available in Central Florida or ships with tracking.",5.17,USD,Movies & Entertainment,TRUE,TRUE,TRUE,1
,"Batman (1989) (DVD, 1989)",Default,EB-205599089873,"Batman (1989) (DVD, 1989). Category: Movies & Entertainment. Sold by OnlineRecycle — tested, described accurately. Local pickup available in Central Florida or ships with tracking.",4.90,USD,Movies & Entertainment,TRUE,TRUE,TRUE,1
,"The Green Mile (DVD, 2000)",Default,EB-205599090399,"The Green Mile (DVD, 2000). Category: Movies & Entertainment. Sold by OnlineRecycle — tested, described accurately. Local pickup available in Central Florida or ships with tracking.",3.64,USD,Movies & Entertainment,TRUE,TRUE,TRUE,1
,"Apocalypse (DVD, 1999)",Default,EB-205599092250,"Apocalypse (DVD, 1999). Category: Movies & Entertainment. Sold by OnlineRecycle — tested, described accurately. Local pickup available in Central Florida or ships with tracking.",3.38,USD,Movies & Entertainment,TRUE,TRUE,TRUE,1
,Black Mass (Rental) (DVD),Default,EB-205599092628,"Black Mass (Rental) (DVD). Category: Movies & Entertainment. Sold by OnlineRecycle — tested, described accurately. Local pickup available in Central Florida or ships with tracking.",2.53,USD,Movies & Entertainment,TRUE,TRUE,TRUE,1
,"The Prestige (DVD, 2006)",Default,EB-205599093302,"The Prestige (DVD, 2006). Category: Movies & Entertainment. Sold by OnlineRecycle — tested, described accurately. Local pickup available in Central Florida or ships with tracking.",4.19,USD,Movies & Entertainment,TRUE,TRUE,TRUE,1
,"Echoes of War (DVD, 2015)",Default,EB-205599095883,"Echoes of War (DVD, 2015). Category: Movies & Entertainment. Sold by OnlineRecycle — tested, described accurately. Local pickup available in Central Florida or ships with tracking.",3.44,USD,Movies & Entertainment,TRUE,TRUE,TRUE,1
,"Fearless (DVD, 2006, 2-Disc Set, Unrated and Theatrical Editions Full Frame)",Default,EB-205599099785,"Fearless (DVD, 2006, 2-Disc Set, Unrated and Theatrical Editions Full Frame). Category: Movies & Entertainment. Sold by OnlineRecycle — tested, described accurately. Local pickup available in Central Florida or ships with tracking.",3.25,USD,Movies & Entertainment,TRUE,TRUE,TRUE,1
,"Hell or High Water (DVD, 2016)",Default,EB-205599100821,"Hell or High Water (DVD, 2016). Category: Movies & Entertainment. Sold by OnlineRecycle — tested, described accurately. Local pickup available in Central Florida or ships with tracking.",4.22,USD,Movies & Entertainment,TRUE,TRUE,TRUE,1
,"Two for the Money (DVD, 2006, Full Frame)",Default,EB-205599102111,"Two for the Money (DVD, 2006, Full Frame). Category: Movies & Entertainment. Sold by OnlineRecycle — tested, described accurately. Local pickup available in Central Florida or ships with tracking.",3.59,USD,Movies & Entertainment,TRUE,TRUE,TRUE,1
,"The Sixth Sense (DVD, 1999)",Default,EB-205599107088,"The Sixth Sense (DVD, 1999). Category: Movies & Entertainment. Sold by OnlineRecycle — tested, described accurately. Local pickup available in Central Florida or ships with tracking.",3.05,USD,Movies & Entertainment,TRUE,TRUE,TRUE,1
,"The Bourne Ultimatum (DVD, 2007)",Default,EB-205599107966,"The Bourne Ultimatum (DVD, 2007). Category: Movies & Entertainment. Sold by OnlineRecycle — tested, described accurately. Local pickup available in Central Florida or ships with tracking.",2.75,USD,Movies & Entertainment,TRUE,TRUE,TRUE,1
,"Bait Shop (DVD, 2008)",Default,EB-205599109862,"Bait Shop (DVD, 2008). Category: Movies & Entertainment. Sold by OnlineRecycle — tested, described accurately. Local pickup available in Central Florida or ships with tracking.",6.06,USD,Movies & Entertainment,TRUE,TRUE,TRUE,1
,"Return of the Outlaws (DVD, 2007)",Default,EB-205599111077,"Return of the Outlaws (DVD, 2007). Category: Movies & Entertainment. Sold by OnlineRecycle — tested, described accurately. Local pickup available in Central Florida or ships with tracking.",2.03,USD,Movies & Entertainment,TRUE,TRUE,TRUE,1
,"Vice (DVD, 2015)",Default,EB-205599116194,"Vice (DVD, 2015). Category: Movies & Entertainment. Sold by OnlineRecycle — tested, described accurately. Local pickup available in Central Florida or ships with tracking.",5.93,USD,Movies & Entertainment,TRUE,TRUE,TRUE,1
,"Antitrust (DVD, 2000)",Default,EB-205599118980,"Antitrust (DVD, 2000). Category: Movies & Entertainment. Sold by OnlineRecycle — tested, described accurately. Local pickup available in Central Florida or ships with tracking.",2.01,USD,Movies & Entertainment,TRUE,TRUE,TRUE,1
,"John Carpenters Ghosts of Mars (DVD, 2001, Special Edition)",Default,EB-205599120528,"John Carpenters Ghosts of Mars (DVD, 2001, Special Edition). Category: Movies & Entertainment. Sold by OnlineRecycle — tested, described accurately. Local pickup available in Central Florida or ships with tracking.",4.39,USD,Movies & Entertainment,TRUE,TRUE,TRUE,1
,"The Marine (DVD, 2006)",Default,EB-205599121381,"The Marine (DVD, 2006). Category: Movies & Entertainment. Sold by OnlineRecycle — tested, described accurately. Local pickup available in Central Florida or ships with tracking.",3.58,USD,Movies & Entertainment,TRUE,TRUE,TRUE,1
,"Lower Learning (DVD, 2008)",Default,EB-205599123037,"Lower Learning (DVD, 2008). Category: Movies & Entertainment. Sold by OnlineRecycle — tested, described accurately. Local pickup available in Central Florida or ships with tracking.",2.03,USD,Movies & Entertainment,TRUE,TRUE,TRUE,1
,"Spy Game (DVD, 2002, Full Frame Collectors Edition)",Default,EB-205599123568,"Spy Game (DVD, 2002, Full Frame Collectors Edition). Category: Movies & Entertainment. Sold by OnlineRecycle — tested, described accurately. Local pickup available in Central Florida or ships with tracking.",2.58,USD,Movies & Entertainment,TRUE,TRUE,TRUE,1
,"Running Scared (2006) (DVD, 2006)",Default,EB-205599123990,"Running Scared (2006) (DVD, 2006). Category: Movies & Entertainment. Sold by OnlineRecycle — tested, described accurately. Local pickup available in Central Florida or ships with tracking.",1.00,USD,Movies & Entertainment,TRUE,TRUE,TRUE,1
,"Rebound (DVD, 2005)",Default,EB-205599124605,"Rebound (DVD, 2005). Category: Movies & Entertainment. Sold by OnlineRecycle — tested, described accurately. Local pickup available in Central Florida or ships with tracking.",1.99,USD,Movies & Entertainment,TRUE,TRUE,TRUE,1
,"Find Me Guilty (DVD, 2006)",Default,EB-205599126352,"Find Me Guilty (DVD, 2006). Category: Movies & Entertainment. Sold by OnlineRecycle — tested, described accurately. Local pickup available in Central Florida or ships with tracking.",2.03,USD,Movies & Entertainment,TRUE,TRUE,TRUE,1
,"The Condemned (DVD, 2007)",Default,EB-205599153169,"The Condemned (DVD, 2007). Category: Movies & Entertainment. Sold by OnlineRecycle — tested, described accurately. Local pickup available in Central Florida or ships with tracking.",2.83,USD,Movies & Entertainment,TRUE,TRUE,TRUE,1
,"Frequency (DVD, 2000)",Default,EB-205599153948,"Frequency (DVD, 2000). Category: Movies & Entertainment. Sold by OnlineRecycle — tested, described accurately. Local pickup available in Central Florida or ships with tracking.",2.00,USD,Movies & Entertainment,TRUE,TRUE,TRUE,1
,"Panic Room (DVD, 2002, The Superbit Collection)",Default,EB-205599155243,"Panic Room (DVD, 2002, The Superbit Collection). Category: Movies & Entertainment. Sold by OnlineRecycle — tested, described accurately. Local pickup available in Central Florida or ships with tracking.",4.49,USD,Movies & Entertainment,TRUE,TRUE,TRUE,1
,"Friday Night Lights (DVD, 2005, Full Frame)",Default,EB-205599156560,"Friday Night Lights (DVD, 2005, Full Frame). Category: Movies & Entertainment. Sold by OnlineRecycle — tested, described accurately. Local pickup available in Central Florida or ships with tracking.",1.00,USD,Movies & Entertainment,TRUE,TRUE,TRUE,1
,"Spy Kids 2: Island of Lost Dreams (DVD, 2003)",Default,EB-205599157092,"Spy Kids 2: Island of Lost Dreams (DVD, 2003). Category: Movies & Entertainment. Sold by OnlineRecycle — tested, described accurately. Local pickup available in Central Florida or ships with tracking.",2.14,USD,Movies & Entertainment,TRUE,TRUE,TRUE,1
,"Pirates of the Caribbean: The Curse of the Black Pearl (DVD, 2003)",Default,EB-205599157401,"Pirates of the Caribbean: The Curse of the Black Pearl (DVD, 2003). Category: Movies & Entertainment. Sold by OnlineRecycle — tested, described accurately. Local pickup available in Central Florida or ships with tracking.",2.44,USD,Movies & Entertainment,TRUE,TRUE,TRUE,1
,"Men in Black II (DVD, 2002)",Default,EB-205599157951,"Men in Black II (DVD, 2002). Category: Movies & Entertainment. Sold by OnlineRecycle — tested, described accurately. Local pickup available in Central Florida or ships with tracking.",2.74,USD,Movies & Entertainment,TRUE,TRUE,TRUE,1
,"A History of Violence (DVD, 2005)",Default,EB-205599161707,"A History of Violence (DVD, 2005). Category: Movies & Entertainment. Sold by OnlineRecycle — tested, described accurately. Local pickup available in Central Florida or ships with tracking.",4.19,USD,Movies & Entertainment,TRUE,TRUE,TRUE,1
,"No Escape (DVD, 2015)",Default,EB-205600691963,"No Escape (DVD, 2015). Category: Movies & Entertainment. Sold by OnlineRecycle — tested, described accurately. Local pickup available in Central Florida or ships with tracking.",3.82,USD,Movies & Entertainment,TRUE,TRUE,TRUE,1
,"Never Been Kissed (DVD, 1999, Widescreen)",Default,EB-205600693068,"Never Been Kissed (DVD, 1999, Widescreen). Category: Movies & Entertainment. Sold by OnlineRecycle — tested, described accurately. Local pickup available in Central Florida or ships with tracking.",3.14,USD,Movies & Entertainment,TRUE,TRUE,TRUE,1
,Intel Core i5-3470 3.2GHz Quad-Core (BX80637I53470) Processor Tested,Default,EB-205610595635,"Intel Core i5-3470 3.2GHz Quad-Core (BX80637I53470) Processor Tested. Category: Computer Parts. Sold by OnlineRecycle — tested, described accurately. Local pickup available in Central Florida or ships with tracking.",8.00,USD,Computer Parts,TRUE,TRUE,TRUE,3
,Tenacious D - Tenacious D (CD) Parental Advisory Explicit Content,Default,EB-205619293436,"Tenacious D - Tenacious D (CD) Parental Advisory Explicit Content. Category: Music & Audio. Sold by OnlineRecycle — tested, described accurately. Local pickup available in Central Florida or ships with tracking.",5.00,USD,Music & Audio,TRUE,TRUE,TRUE,1
,Unplugged ...And Seated - Rod Stewart With Special Guest Ron Wood CD,Default,EB-205619294972,"Unplugged ...And Seated - Rod Stewart With Special Guest Ron Wood CD. Category: Music & Audio. Sold by OnlineRecycle — tested, described accurately. Local pickup available in Central Florida or ships with tracking.",2.87,USD,Music & Audio,TRUE,TRUE,TRUE,1
,2011 White Ford F-150 3.7 v6 Driver Side Mirror OEM,Default,EB-205619648501,"2011 White Ford F-150 3.7 v6 Driver Side Mirror OEM. Category: Auto Parts. Sold by OnlineRecycle — tested, described accurately. Local pickup available in Central Florida or ships with tracking.",129.00,USD,Auto Parts,TRUE,TRUE,TRUE,1
,2011 White Ford F-150 3.7 v6 OEM Passenger Side Mirror,Default,EB-205619660127,"2011 White Ford F-150 3.7 v6 OEM Passenger Side Mirror. Category: Auto Parts. Sold by OnlineRecycle — tested, described accurately. Local pickup available in Central Florida or ships with tracking.",89.00,USD,Auto Parts,TRUE,TRUE,TRUE,1
,"Kobalt 13/16"" Spark Plug Socket 6 Point 3/8"" Drive New Sealed",Default,EB-205619675910,"Kobalt 13/16"" Spark Plug Socket 6 Point 3/8"" Drive New Sealed. Category: Tools & Hardware. Sold by OnlineRecycle — tested, described accurately. Local pickup available in Central Florida or ships with tracking.",9.00,USD,Tools & Hardware,TRUE,TRUE,TRUE,2
,"KOBALT 22600, 1-1/8in. 1/2 Drive Deep 12pt SAE Socket, USA Made Sealed",Default,EB-205619734498,"KOBALT 22600, 1-1/8in. 1/2 Drive Deep 12pt SAE Socket, USA Made Sealed. Category: General Merchandise. Sold by OnlineRecycle — tested, described accurately. Local pickup available in Central Florida or ships with tracking.",10.00,USD,General Merchandise,TRUE,TRUE,TRUE,3
,Intel Core i5-3570S 3.1 GHz 5 GT/s DMI SR0T9 LGA1155 CPU Processor Tested Works,Default,EB-205620212669,"Intel Core i5-3570S 3.1 GHz 5 GT/s DMI SR0T9 LGA1155 CPU Processor Tested Works. Category: Computer Parts. Sold by OnlineRecycle — tested, described accurately. Local pickup available in Central Florida or ships with tracking.",25.00,USD,Computer Parts,TRUE,TRUE,TRUE,1
,BLUE OYSTER CULT: WORKSHOP OF THE TELESCOPES - 1 CD Only,Default,EB-205625128803,"BLUE OYSTER CULT: WORKSHOP OF THE TELESCOPES - 1 CD Only. Category: Music & Audio. Sold by OnlineRecycle — tested, described accurately. Local pickup available in Central Florida or ships with tracking.",2.96,USD,Music & Audio,TRUE,TRUE,TRUE,1
,Califone Headphones - Model 3068AV 2,Default,EB-205625129523,"Califone Headphones - Model 3068AV 2. Category: General Merchandise. Sold by OnlineRecycle — tested, described accurately. Local pickup available in Central Florida or ships with tracking.",6.99,USD,General Merchandise,TRUE,TRUE,TRUE,1
,Engine ECM Electronic Control Module 3.7L Fits 11-13 FORD F150 PICKUP 1735172,Default,EB-205625133290,"Engine ECM Electronic Control Module 3.7L Fits 11-13 FORD F150 PICKUP 1735172. Category: General Merchandise. Sold by OnlineRecycle — tested, described accurately. Local pickup available in Central Florida or ships with tracking.",150.00,USD,General Merchandise,TRUE,TRUE,TRUE,1
,Service Ideas Inc. Airport Coffee Dispenser Pump Beverage 2.2 Liter. USED,Default,EB-205625134952,"Service Ideas Inc. Airport Coffee Dispenser Pump Beverage 2.2 Liter. USED. Category: General Merchandise. Sold by OnlineRecycle — tested, described accurately. Local pickup available in Central Florida or ships with tracking.",17.00,USD,General Merchandise,TRUE,TRUE,TRUE,2
,Anchor Hocking Clear Sandwich Glass Punch Tea Cup REPLACEMENT,Default,EB-205625135356,"Anchor Hocking Clear Sandwich Glass Punch Tea Cup REPLACEMENT. Category: General Merchandise. Sold by OnlineRecycle — tested, described accurately. Local pickup available in Central Florida or ships with tracking.",15.00,USD,General Merchandise,TRUE,TRUE,TRUE,1
,Vintage Indiana Glass Oval Luncheon Plates,Default,EB-205625136149,"Vintage Indiana Glass Oval Luncheon Plates. Category: General Merchandise. Sold by OnlineRecycle — tested, described accurately. Local pickup available in Central Florida or ships with tracking.",15.00,USD,General Merchandise,TRUE,TRUE,TRUE,3
,SUNBEAM PANNINI MAKER/GRILL MODEL CKSBPM5020 - WORKING,Default,EB-205625137246,"SUNBEAM PANNINI MAKER/GRILL MODEL CKSBPM5020 - WORKING. Category: General Merchandise. Sold by OnlineRecycle — tested, described accurately. Local pickup available in Central Florida or ships with tracking.",9.99,USD,General Merchandise,TRUE,TRUE,TRUE,1
,Chefman Air Fryer RJ38-OPP,Default,EB-205625137572,"Chefman Air Fryer RJ38-OPP. Category: General Merchandise. Sold by OnlineRecycle — tested, described accurately. Local pickup available in Central Florida or ships with tracking.",24.00,USD,General Merchandise,TRUE,TRUE,TRUE,1
,Toastmaster 5-Cup Coffee Maker - Pause & serve - Water window (RM-7),Default,EB-205625138726,"Toastmaster 5-Cup Coffee Maker - Pause & serve - Water window (RM-7). Category: General Merchandise. Sold by OnlineRecycle — tested, described accurately. Local pickup available in Central Florida or ships with tracking.",15.00,USD,General Merchandise,TRUE,TRUE,TRUE,1
,Steppenwolf 16 Greatest Hits CD 1973 Very Good Condition,Default,EB-205630367350,"Steppenwolf 16 Greatest Hits CD 1973 Very Good Condition. Category: Music & Audio. Sold by OnlineRecycle — tested, described accurately. Local pickup available in Central Florida or ships with tracking.",5.00,USD,Music & Audio,TRUE,TRUE,TRUE,1
,"All for You by Janet Jackson (CD, 2001) Contemporary R&B. Disc Only",Default,EB-205630368812,"All for You by Janet Jackson (CD, 2001) Contemporary R&B. Disc Only. Category: Music & Audio. Sold by OnlineRecycle — tested, described accurately. Local pickup available in Central Florida or ships with tracking.",3.46,USD,Music & Audio,TRUE,TRUE,TRUE,1
,LIbbey Tumblers Home Is Where My Heart Is Family Memories Blue Green Set of 2,Default,EB-205630370013,"LIbbey Tumblers Home Is Where My Heart Is Family Memories Blue Green Set of 2. Category: General Merchandise. Sold by OnlineRecycle — tested, described accurately. Local pickup available in Central Florida or ships with tracking.",21.00,USD,General Merchandise,TRUE,TRUE,TRUE,1
,"Dan Gibson Solitudes Exploring Nature With Music The Classics 2,1992 Music cd",Default,EB-205630374186,"Dan Gibson Solitudes Exploring Nature With Music The Classics 2,1992 Music cd. Category: Music & Audio. Sold by OnlineRecycle — tested, described accurately. Local pickup available in Central Florida or ships with tracking.",5.00,USD,Music & Audio,TRUE,TRUE,TRUE,1
,EVGA X58 Classified 3 Way SLI W / Manuals CD Disc Bent Pins # Pc1,Default,EB-205496840834,"EVGA X58 Classified 3 Way SLI W / Manuals CD Disc Bent Pins # Pc1. Category: General Merchandise. Sold by OnlineRecycle — tested, described accurately. Local pickup available in Central Florida or ships with tracking.",40.00,USD,General Merchandise,TRUE,TRUE,TRUE,1
,"Kobalt 1/2"" Drive 12 Point SAE Socket Chrome 1-1/8 in #0337746 NEW w/ Tag",Default,EB-205631730535,"Kobalt 1/2"" Drive 12 Point SAE Socket Chrome 1-1/8 in #0337746 NEW w/ Tag. Category: Tools & Hardware. Sold by OnlineRecycle — tested, described accurately. Local pickup available in Central Florida or ships with tracking.",5.00,USD,Tools & Hardware,TRUE,TRUE,TRUE,1
,"Kobalt 1/2 Inch Drive 3/4"" SAE 12 Point Deep Socket 0337754 New Unopened Pack",Default,EB-205631735074,"Kobalt 1/2 Inch Drive 3/4"" SAE 12 Point Deep Socket 0337754 New Unopened Pack. Category: Tools & Hardware. Sold by OnlineRecycle — tested, described accurately. Local pickup available in Central Florida or ships with tracking.",4.00,USD,Tools & Hardware,TRUE,TRUE,TRUE,3
,Kobalt 1/2 Inch Drive 1 Inch SAE 12 Point Deep Socket 0337758 Red Band,Default,EB-205631736524,"Kobalt 1/2 Inch Drive 1 Inch SAE 12 Point Deep Socket 0337758 Red Band. Category: Tools & Hardware. Sold by OnlineRecycle — tested, described accurately. Local pickup available in Central Florida or ships with tracking.",5.00,USD,Tools & Hardware,TRUE,TRUE,TRUE,1
,Kobalt 13mm 1/2 Drive 12 point Deep Socket Metric 337719,Default,EB-205631752206,"Kobalt 13mm 1/2 Drive 12 point Deep Socket Metric 337719. Category: Tools & Hardware. Sold by OnlineRecycle — tested, described accurately. Local pickup available in Central Florida or ships with tracking.",5.00,USD,Tools & Hardware,TRUE,TRUE,TRUE,1
,Kobalt 1/2 Drive 12 Point 12 Mm New,Default,EB-205631759426,"Kobalt 1/2 Drive 12 Point 12 Mm New. Category: General Merchandise. Sold by OnlineRecycle — tested, described accurately. Local pickup available in Central Florida or ships with tracking.",7.00,USD,General Merchandise,TRUE,TRUE,TRUE,1
,Nike Spin Yourh Football Used,Default,EB-205635172277,"Nike Spin Yourh Football Used. Category: General Merchandise. Sold by OnlineRecycle — tested, described accurately. Local pickup available in Central Florida or ships with tracking.",10.00,USD,General Merchandise,TRUE,TRUE,TRUE,1
,7 Makita Batteries For Parts Not Working-hpr,Default,EB-205635176763,"7 Makita Batteries For Parts Not Working-hpr. Category: Tools & Hardware. Sold by OnlineRecycle — tested, described accurately. Local pickup available in Central Florida or ships with tracking.",45.00,USD,Tools & Hardware,TRUE,TRUE,TRUE,1
,Lot Of 8 Makita Batteries Slim Working Various Voltage Sold As Is,Default,EB-205635183859,"Lot Of 8 Makita Batteries Slim Working Various Voltage Sold As Is. Category: Tools & Hardware. Sold by OnlineRecycle — tested, described accurately. Local pickup available in Central Florida or ships with tracking.",65.00,USD,Tools & Hardware,TRUE,TRUE,TRUE,1
,5 Makita 9.6 Volt Battery Lot Tested Working Sold As Is,Default,EB-205635195268,"5 Makita 9.6 Volt Battery Lot Tested Working Sold As Is. Category: Tools & Hardware. Sold by OnlineRecycle — tested, described accurately. Local pickup available in Central Florida or ships with tracking.",50.00,USD,Tools & Hardware,TRUE,TRUE,TRUE,1
,Lot Of 7 Makita Chargers Not Working,Default,EB-205635200325,"Lot Of 7 Makita Chargers Not Working. Category: General Merchandise. Sold by OnlineRecycle — tested, described accurately. Local pickup available in Central Florida or ships with tracking.",40.00,USD,General Merchandise,TRUE,TRUE,TRUE,1
,Lot Of 4 Tested Makita Chargers With 1 Battery Working,Default,EB-205635213561,"Lot Of 4 Tested Makita Chargers With 1 Battery Working. Category: General Merchandise. Sold by OnlineRecycle — tested, described accurately. Local pickup available in Central Florida or ships with tracking.",50.00,USD,General Merchandise,TRUE,TRUE,TRUE,1
,Black&Decker Black Decker BDER0100 5 Inch Random Orbit Sander Tested,Default,EB-205635395217,"Black&Decker Black Decker BDER0100 5 Inch Random Orbit Sander Tested. Category: General Merchandise. Sold by OnlineRecycle — tested, described accurately. Local pickup available in Central Florida or ships with tracking.",40.00,USD,General Merchandise,TRUE,TRUE,TRUE,1
,Lot Of 3 batteries Not Tested For Parts Power Tools,Default,EB-205635423003,"Lot Of 3 batteries Not Tested For Parts Power Tools. Category: Tools & Hardware. Sold by OnlineRecycle — tested, described accurately. Local pickup available in Central Florida or ships with tracking.",19.00,USD,Tools & Hardware,TRUE,TRUE,TRUE,1
,Milwaukee M12 and M18 Rapid Charger Tested Working,Default,EB-205635436915,"Milwaukee M12 and M18 Rapid Charger Tested Working. Category: General Merchandise. Sold by OnlineRecycle — tested, described accurately. Local pickup available in Central Florida or ships with tracking.",49.99,USD,General Merchandise,TRUE,TRUE,TRUE,1
,Porter Cable PCmVC Type 1 9.6-18V Battery Charger Tested,Default,EB-205635440140,"Porter Cable PCmVC Type 1 9.6-18V Battery Charger Tested. Category: General Merchandise. Sold by OnlineRecycle — tested, described accurately. Local pickup available in Central Florida or ships with tracking.",15.00,USD,General Merchandise,TRUE,TRUE,TRUE,1
,2011-2017 FORD PICKUP F150 Air Cleaner Intake Box Coolant Overflow Bottle,Default,EB-205635549175,"2011-2017 FORD PICKUP F150 Air Cleaner Intake Box Coolant Overflow Bottle. Category: General Merchandise. Sold by OnlineRecycle — tested, described accurately. Local pickup available in Central Florida or ships with tracking.",128.00,USD,General Merchandise,TRUE,TRUE,TRUE,1
,OEM Used Ford F-150 2011-2014 Engine Air Inlet Assembly-BL3Z-9B659-B,Default,EB-205635560573,"OEM Used Ford F-150 2011-2014 Engine Air Inlet Assembly-BL3Z-9B659-B. Category: General Merchandise. Sold by OnlineRecycle — tested, described accurately. Local pickup available in Central Florida or ships with tracking.",60.00,USD,General Merchandise,TRUE,TRUE,TRUE,1
,2009-2014 Ford F-150 F150 Automatic Transmission Oil Cooler DL34-7869-AA,Default,EB-205635562813,"2009-2014 Ford F-150 F150 Automatic Transmission Oil Cooler DL34-7869-AA. Category: General Merchandise. Sold by OnlineRecycle — tested, described accurately. Local pickup available in Central Florida or ships with tracking.",79.00,USD,General Merchandise,TRUE,TRUE,TRUE,1
,09-14 Ford F-150 Left Dashboard Side Trim Cover 9L34-1504481,Default,EB-205635598336,"09-14 Ford F-150 Left Dashboard Side Trim Cover 9L34-1504481. Category: General Merchandise. Sold by OnlineRecycle — tested, described accurately. Local pickup available in Central Florida or ships with tracking.",18.00,USD,General Merchandise,TRUE,TRUE,TRUE,1
,ELVIS PRESLEY Cd Only No Booklet,Default,EB-205656945432,"ELVIS PRESLEY Cd Only No Booklet. Category: Music & Audio. Sold by OnlineRecycle — tested, described accurately. Local pickup available in Central Florida or ships with tracking.",4.00,USD,Music & Audio,TRUE,TRUE,TRUE,1
,PINK FLOYD Cluster One CD Only And No Booklet,Default,EB-205656947318,"PINK FLOYD Cluster One CD Only And No Booklet. Category: Music & Audio. Sold by OnlineRecycle — tested, described accurately. Local pickup available in Central Florida or ships with tracking.",4.00,USD,Music & Audio,TRUE,TRUE,TRUE,1
,"Rush - Signals (CD, Album, RE, RM) 1997 314 534 633-2 CD Only And No Booklet",Default,EB-205656948303,"Rush - Signals (CD, Album, RE, RM) 1997 314 534 633-2 CD Only And No Booklet. Category: Music & Audio. Sold by OnlineRecycle — tested, described accurately. Local pickup available in Central Florida or ships with tracking.",4.00,USD,Music & Audio,TRUE,TRUE,TRUE,1
,"Come Clean by Puddle of Mudd (CD, 2001) CD Only And No Booklet",Default,EB-205656949648,"Come Clean by Puddle of Mudd (CD, 2001) CD Only And No Booklet. Category: Music & Audio. Sold by OnlineRecycle — tested, described accurately. Local pickup available in Central Florida or ships with tracking.",4.00,USD,Music & Audio,TRUE,TRUE,TRUE,1
,Get Happy - Audio CD By Elvis Costello - GOOD Cd Only And No Booklet,Default,EB-205656950807,"Get Happy - Audio CD By Elvis Costello - GOOD Cd Only And No Booklet. Category: Music & Audio. Sold by OnlineRecycle — tested, described accurately. Local pickup available in Central Florida or ships with tracking.",4.00,USD,Music & Audio,TRUE,TRUE,TRUE,1
,CD Elvis Costello and The Attractions: IbMePdErRoIoAmL - 2007 Cd Only No Booklet,Default,EB-205656952152,"CD Elvis Costello and The Attractions: IbMePdErRoIoAmL - 2007 Cd Only No Booklet. Category: Music & Audio. Sold by OnlineRecycle — tested, described accurately. Local pickup available in Central Florida or ships with tracking.",4.00,USD,Music & Audio,TRUE,TRUE,TRUE,1
,"Brutal Youth by Elvis Costello (CD, Only And No Booklet",Default,EB-205656954072,"Brutal Youth by Elvis Costello (CD, Only And No Booklet. Category: Music & Audio. Sold by OnlineRecycle — tested, described accurately. Local pickup available in Central Florida or ships with tracking.",4.00,USD,Music & Audio,TRUE,TRUE,TRUE,1
,Cd Only And No Booklet,Default,EB-205656955013,"Cd Only And No Booklet. Category: Music & Audio. Sold by OnlineRecycle — tested, described accurately. Local pickup available in Central Florida or ships with tracking.",4.00,USD,Music & Audio,TRUE,TRUE,TRUE,1
,"Bob Dylan's Greatest Hits, cd Only And No Booklet",Default,EB-205656955260,"Bob Dylan's Greatest Hits, cd Only And No Booklet. Category: Music & Audio. Sold by OnlineRecycle — tested, described accurately. Local pickup available in Central Florida or ships with tracking.",4.00,USD,Music & Audio,TRUE,TRUE,TRUE,1
,THE 30TH ANNIVERSARY CONCERT CELEBRATION Disc 2 Only CD Only And No Booklet,Default,EB-205656956091,"THE 30TH ANNIVERSARY CONCERT CELEBRATION Disc 2 Only CD Only And No Booklet. Category: Music & Audio. Sold by OnlineRecycle — tested, described accurately. Local pickup available in Central Florida or ships with tracking.",4.00,USD,Music & Audio,TRUE,TRUE,TRUE,1
,Bob Dylan Blood on the Tracks CD Only And No Booklet,Default,EB-205656956719,"Bob Dylan Blood on the Tracks CD Only And No Booklet. Category: Music & Audio. Sold by OnlineRecycle — tested, described accurately. Local pickup available in Central Florida or ships with tracking.",4.00,USD,Music & Audio,TRUE,TRUE,TRUE,1
,Poetic Champions Compose - Audio CD By Van Morrison - GOOD CD Only No Booklet,Default,EB-205656964223,"Poetic Champions Compose - Audio CD By Van Morrison - GOOD CD Only No Booklet. Category: Music & Audio. Sold by OnlineRecycle — tested, described accurately. Local pickup available in Central Florida or ships with tracking.",4.00,USD,Music & Audio,TRUE,TRUE,TRUE,1
,Van Morrison Astral Weeks (CD) only An No Booklet,Default,EB-205656966878,"Van Morrison Astral Weeks (CD) only An No Booklet. Category: Music & Audio. Sold by OnlineRecycle — tested, described accurately. Local pickup available in Central Florida or ships with tracking.",4.00,USD,Music & Audio,TRUE,TRUE,TRUE,1
,"Rush Chronicles Disc 2 Replacement Disc , CD ONLY, No Case or Artwork",Default,EB-205656969972,"Rush Chronicles Disc 2 Replacement Disc , CD ONLY, No Case or Artwork. Category: Music & Audio. Sold by OnlineRecycle — tested, described accurately. Local pickup available in Central Florida or ships with tracking.",4.00,USD,Music & Audio,TRUE,TRUE,TRUE,1
,JIMMY BUFFET CHRISTMAS ISLAND CD R6791 CD Only,Default,EB-205656971069,"JIMMY BUFFET CHRISTMAS ISLAND CD R6791 CD Only. Category: Music & Audio. Sold by OnlineRecycle — tested, described accurately. Local pickup available in Central Florida or ships with tracking.",4.00,USD,Music & Audio,TRUE,TRUE,TRUE,1
,Zoot Suit Riot by Cherry Poppin' Daddies (CD DISC Only/NO CASE or INSERTS/,Default,EB-205656971335,"Zoot Suit Riot by Cherry Poppin' Daddies (CD DISC Only/NO CASE or INSERTS/. Category: Music & Audio. Sold by OnlineRecycle — tested, described accurately. Local pickup available in Central Florida or ships with tracking.",4.00,USD,Music & Audio,TRUE,TRUE,TRUE,1
,Donnie Iris - King Cool [Used Very Good CD] only,Default,EB-205656972748,"Donnie Iris - King Cool [Used Very Good CD] only. Category: Music & Audio. Sold by OnlineRecycle — tested, described accurately. Local pickup available in Central Florida or ships with tracking.",4.00,USD,Music & Audio,TRUE,TRUE,TRUE,1
,"Optimystique by Yanni (CD, May-1989, Private Music) CD Only",Default,EB-205656975014,"Optimystique by Yanni (CD, May-1989, Private Music) CD Only. Category: Music & Audio. Sold by OnlineRecycle — tested, described accurately. Local pickup available in Central Florida or ships with tracking.",4.00,USD,Music & Audio,TRUE,TRUE,TRUE,1
,"Puddle of Mudd - Come Clean (2001) CD, 11 Tracks, Disc Only",Default,EB-205656976734,"Puddle of Mudd - Come Clean (2001) CD, 11 Tracks, Disc Only. Category: Music & Audio. Sold by OnlineRecycle — tested, described accurately. Local pickup available in Central Florida or ships with tracking.",4.00,USD,Music & Audio,TRUE,TRUE,TRUE,1
,"Greatest Hits: 1976-1986 by Elton John (CD, Nov-1992, Island/Mercury) Cd Only",Default,EB-205656978263,"Greatest Hits: 1976-1986 by Elton John (CD, Nov-1992, Island/Mercury) Cd Only. Category: Music & Audio. Sold by OnlineRecycle — tested, described accurately. Local pickup available in Central Florida or ships with tracking.",4.00,USD,Music & Audio,TRUE,TRUE,TRUE,1
,"Tom Petty And The Heartbreakers Greatest Hits (CD, 1993) *CD ONLY",Default,EB-205656979646,"Tom Petty And The Heartbreakers Greatest Hits (CD, 1993) *CD ONLY. Category: Music & Audio. Sold by OnlineRecycle — tested, described accurately. Local pickup available in Central Florida or ships with tracking.",4.00,USD,Music & Audio,TRUE,TRUE,TRUE,1
,matchbox twenty - Mad Season CD Only,Default,EB-205656980898,"matchbox twenty - Mad Season CD Only. Category: Music & Audio. Sold by OnlineRecycle — tested, described accurately. Local pickup available in Central Florida or ships with tracking.",4.00,USD,Music & Audio,TRUE,TRUE,TRUE,1
,"Springsteen, Bruce Born to Run CD Only",Default,EB-205656981190,"Springsteen, Bruce Born to Run CD Only. Category: Music & Audio. Sold by OnlineRecycle — tested, described accurately. Local pickup available in Central Florida or ships with tracking.",4.00,USD,Music & Audio,TRUE,TRUE,TRUE,1
,Rush Hold Your Fire CD Only,Default,EB-205656981489,"Rush Hold Your Fire CD Only. Category: Music & Audio. Sold by OnlineRecycle — tested, described accurately. Local pickup available in Central Florida or ships with tracking.",4.00,USD,Music & Audio,TRUE,TRUE,TRUE,1
,Genesis And Then There Were - CD Only,Default,EB-205656993119,"Genesis And Then There Were - CD Only. Category: Music & Audio. Sold by OnlineRecycle — tested, described accurately. Local pickup available in Central Florida or ships with tracking.",4.00,USD,Music & Audio,TRUE,TRUE,TRUE,1
,The Beatles : Past Masters: Volume 2 CD (1988) Original Audio CD,Default,EB-205656993670,"The Beatles : Past Masters: Volume 2 CD (1988) Original Audio CD. Category: Music & Audio. Sold by OnlineRecycle — tested, described accurately. Local pickup available in Central Florida or ships with tracking.",4.00,USD,Music & Audio,TRUE,TRUE,TRUE,1
,Go Away [Import CD Single] [Maxi Single] by Gloria Estefan (CD Only,Default,EB-205656994594,"Go Away [Import CD Single] [Maxi Single] by Gloria Estefan (CD Only. Category: Music & Audio. Sold by OnlineRecycle — tested, described accurately. Local pickup available in Central Florida or ships with tracking.",4.00,USD,Music & Audio,TRUE,TRUE,TRUE,1
,Tupelo Honey - Audio CD By Van Morrison - VERY GOOd CD Only,Default,EB-205656995112,"Tupelo Honey - Audio CD By Van Morrison - VERY GOOd CD Only. Category: Music & Audio. Sold by OnlineRecycle — tested, described accurately. Local pickup available in Central Florida or ships with tracking.",4.00,USD,Music & Audio,TRUE,TRUE,TRUE,1
,100% Dance: cd Only,Default,EB-205656995282,"100% Dance: cd Only. Category: Music & Audio. Sold by OnlineRecycle — tested, described accurately. Local pickup available in Central Florida or ships with tracking.",4.00,USD,Music & Audio,TRUE,TRUE,TRUE,1
,Neil Diamond - The Greatest Hits 1966-1992 DISC 2 ONLY,Default,EB-205656995795,"Neil Diamond - The Greatest Hits 1966-1992 DISC 2 ONLY. Category: Music & Audio. Sold by OnlineRecycle — tested, described accurately. Local pickup available in Central Florida or ships with tracking.",4.00,USD,Music & Audio,TRUE,TRUE,TRUE,1
,NEIL DIAMOND THE GREATEST HITS 1966-1992 CD COMPACT DISc Only,Default,EB-205656996254,"NEIL DIAMOND THE GREATEST HITS 1966-1992 CD COMPACT DISc Only. Category: Music & Audio. Sold by OnlineRecycle — tested, described accurately. Local pickup available in Central Florida or ships with tracking.",4.00,USD,Music & Audio,TRUE,TRUE,TRUE,1
,Neil Diamond -Tap Root Manuscript CD Only,Default,EB-205656996743,"Neil Diamond -Tap Root Manuscript CD Only. Category: Music & Audio. Sold by OnlineRecycle — tested, described accurately. Local pickup available in Central Florida or ships with tracking.",4.00,USD,Music & Audio,TRUE,TRUE,TRUE,1
,"The Best of The Stray Cats by The Stray Cats (CD, 1998) Disc Only",Default,EB-205656997789,"The Best of The Stray Cats by The Stray Cats (CD, 1998) Disc Only. Category: Music & Audio. Sold by OnlineRecycle — tested, described accurately. Local pickup available in Central Florida or ships with tracking.",4.00,USD,Music & Audio,TRUE,TRUE,TRUE,1
,Patsy Cline The Collection - Music CD - Patsy Cline cd Only,Default,EB-205656998246,"Patsy Cline The Collection - Music CD - Patsy Cline cd Only. Category: Music & Audio. Sold by OnlineRecycle — tested, described accurately. Local pickup available in Central Florida or ships with tracking.",4.00,USD,Music & Audio,TRUE,TRUE,TRUE,1
,John Tesh Live at Red Rocks - Audio CD By John Tesh - VERY GOOD CD Only,Default,EB-205656999540,"John Tesh Live at Red Rocks - Audio CD By John Tesh - VERY GOOD CD Only. Category: Music & Audio. Sold by OnlineRecycle — tested, described accurately. Local pickup available in Central Florida or ships with tracking.",4.00,USD,Music & Audio,TRUE,TRUE,TRUE,1
,"Here, There and Everywhere: The Songs of the Beatles CD Only",Default,EB-205657001549,"Here, There and Everywhere: The Songs of the Beatles CD Only. Category: Music & Audio. Sold by OnlineRecycle — tested, described accurately. Local pickup available in Central Florida or ships with tracking.",4.00,USD,Music & Audio,TRUE,TRUE,TRUE,1
,Mark Knopfler - Sailing To Philadelphia - Mark Knopfler CD Only,Default,EB-205657002914,"Mark Knopfler - Sailing To Philadelphia - Mark Knopfler CD Only. Category: Music & Audio. Sold by OnlineRecycle — tested, described accurately. Local pickup available in Central Florida or ships with tracking.",4.00,USD,Music & Audio,TRUE,TRUE,TRUE,1
,"Falco - Der Kommissar / Helden Von Heute 7"" (VG) .* Cd Only",Default,EB-205657004800,"Falco - Der Kommissar / Helden Von Heute 7"" (VG) .* Cd Only. Category: General Merchandise. Sold by OnlineRecycle — tested, described accurately. Local pickup available in Central Florida or ships with tracking.",4.00,USD,General Merchandise,TRUE,TRUE,TRUE,1
,Falco - CD - Verdammt wir leben noch (1999) CD Only,Default,EB-205657006049,"Falco - CD - Verdammt wir leben noch (1999) CD Only. Category: Music & Audio. Sold by OnlineRecycle — tested, described accurately. Local pickup available in Central Florida or ships with tracking.",4.00,USD,Music & Audio,TRUE,TRUE,TRUE,1
,Falco The Remix Hit Collection Music CD Album 1991 Pop Dance Warner Bros. CD Onl,Default,EB-205657006698,"Falco The Remix Hit Collection Music CD Album 1991 Pop Dance Warner Bros. CD Onl. Category: Music & Audio. Sold by OnlineRecycle — tested, described accurately. Local pickup available in Central Florida or ships with tracking.",4.00,USD,Music & Audio,TRUE,TRUE,TRUE,1
,Falco The Remix Hit Collection Music CD Album 1991 Pop Dance Warner Bros. Record,Default,EB-205657007227,"Falco The Remix Hit Collection Music CD Album 1991 Pop Dance Warner Bros. Record. Category: Music & Audio. Sold by OnlineRecycle — tested, described accurately. Local pickup available in Central Florida or ships with tracking.",4.00,USD,Music & Audio,TRUE,TRUE,TRUE,1
,"Golden Earing The Continuing Story of Radar Love (CD, 1989) MCAD-6355 CD Only",Default,EB-205657007992,"Golden Earing The Continuing Story of Radar Love (CD, 1989) MCAD-6355 CD Only. Category: Music & Audio. Sold by OnlineRecycle — tested, described accurately. Local pickup available in Central Florida or ships with tracking.",4.00,USD,Music & Audio,TRUE,TRUE,TRUE,1
,Different Stages - Audio CD By Rush - GOOD CD Only,Default,EB-205657008712,"Different Stages - Audio CD By Rush - GOOD CD Only. Category: Music & Audio. Sold by OnlineRecycle — tested, described accurately. Local pickup available in Central Florida or ships with tracking.",4.00,USD,Music & Audio,TRUE,TRUE,TRUE,1
,"Bob Dylan – ""Love And Theft"" (CD) **DISC ONLY** ROCK",Default,EB-205657009534,"Bob Dylan – ""Love And Theft"" (CD) **DISC ONLY** ROCK. Category: Music & Audio. Sold by OnlineRecycle — tested, described accurately. Local pickup available in Central Florida or ships with tracking.",4.00,USD,Music & Audio,TRUE,TRUE,TRUE,1
,"1997 Enya, Best of ""Paint the Sky with Stas"" CD (9 46835-2) Warner Music, TESTCD",Default,EB-205657010628,"1997 Enya, Best of ""Paint the Sky with Stas"" CD (9 46835-2) Warner Music, TESTCD. Category: Music & Audio. Sold by OnlineRecycle — tested, described accurately. Local pickup available in Central Florida or ships with tracking.",4.00,USD,Music & Audio,TRUE,TRUE,TRUE,1
,Closer - Audio CD By Better Than Ezra - VERY GOOD CD Only,Default,EB-205657012060,"Closer - Audio CD By Better Than Ezra - VERY GOOD CD Only. Category: Music & Audio. Sold by OnlineRecycle — tested, described accurately. Local pickup available in Central Florida or ships with tracking.",4.00,USD,Music & Audio,TRUE,TRUE,TRUE,1
,"Faith: A Holiday Album by Kenny G (CD, Dec-1999, Arista) DISC ONLY",Default,EB-205657013371,"Faith: A Holiday Album by Kenny G (CD, Dec-1999, Arista) DISC ONLY. Category: Music & Audio. Sold by OnlineRecycle — tested, described accurately. Local pickup available in Central Florida or ships with tracking.",4.00,USD,Music & Audio,TRUE,TRUE,TRUE,1
,Depeche Mode Cd 1988 CD Only,Default,EB-205657014213,"Depeche Mode Cd 1988 CD Only. Category: Music & Audio. Sold by OnlineRecycle — tested, described accurately. Local pickup available in Central Florida or ships with tracking.",4.00,USD,Music & Audio,TRUE,TRUE,TRUE,1
,MELISSA ETHERIDGE YES I AM CD Only,Default,EB-205657015185,"MELISSA ETHERIDGE YES I AM CD Only. Category: Music & Audio. Sold by OnlineRecycle — tested, described accurately. Local pickup available in Central Florida or ships with tracking.",4.00,USD,Music & Audio,TRUE,TRUE,TRUE,1
,BOZ SCAGGS HITS CD COMPACT DISC TESTED Only,Default,EB-205657015795,"BOZ SCAGGS HITS CD COMPACT DISC TESTED Only. Category: Music & Audio. Sold by OnlineRecycle — tested, described accurately. Local pickup available in Central Florida or ships with tracking.",4.00,USD,Music & Audio,TRUE,TRUE,TRUE,1
,1992 Sophie B. Hawkins: Tongues and Tails Sony Music Cd Only,Default,EB-205657016580,"1992 Sophie B. Hawkins: Tongues and Tails Sony Music Cd Only. Category: Music & Audio. Sold by OnlineRecycle — tested, described accurately. Local pickup available in Central Florida or ships with tracking.",4.00,USD,Music & Audio,TRUE,TRUE,TRUE,1
,THE WALLFLOWERS BRINGING DOWN THE HORSE CD only,Default,EB-205657016905,"THE WALLFLOWERS BRINGING DOWN THE HORSE CD only. Category: Music & Audio. Sold by OnlineRecycle — tested, described accurately. Local pickup available in Central Florida or ships with tracking.",4.00,USD,Music & Audio,TRUE,TRUE,TRUE,1
,Dedication: the Very Best of T - Audio CD - VERY GOOD CD Only,Default,EB-205657017710,"Dedication: the Very Best of T - Audio CD - VERY GOOD CD Only. Category: Books. Sold by OnlineRecycle — tested, described accurately. Local pickup available in Central Florida or ships with tracking.",4.00,USD,Books,TRUE,TRUE,TRUE,1
,"CREED - HUMAN CLAY ( CD, 1999 ) W/cd Only",Default,EB-205657018052,"CREED - HUMAN CLAY ( CD, 1999 ) W/cd Only. Category: Music & Audio. Sold by OnlineRecycle — tested, described accurately. Local pickup available in Central Florida or ships with tracking.",4.00,USD,Music & Audio,TRUE,TRUE,TRUE,1
,"Dan Gibson Solitudes Exploring Nature With Music The Classics 2,1992 Music cd O",Default,EB-205657018270,"Dan Gibson Solitudes Exploring Nature With Music The Classics 2,1992 Music cd O. Category: Music & Audio. Sold by OnlineRecycle — tested, described accurately. Local pickup available in Central Florida or ships with tracking.",4.00,USD,Music & Audio,TRUE,TRUE,TRUE,1
,"Yourself or Someone Like You by Matchbox Twenty (CD, 1996) CD Only",Default,EB-205657018454,"Yourself or Someone Like You by Matchbox Twenty (CD, 1996) CD Only. Category: Music & Audio. Sold by OnlineRecycle — tested, described accurately. Local pickup available in Central Florida or ships with tracking.",4.00,USD,Music & Audio,TRUE,TRUE,TRUE,1
,Timberwolf In The Tall Pines (CD) Disc Only,Default,EB-205657018935,"Timberwolf In The Tall Pines (CD) Disc Only. Category: Music & Audio. Sold by OnlineRecycle — tested, described accurately. Local pickup available in Central Florida or ships with tracking.",4.00,USD,Music & Audio,TRUE,TRUE,TRUE,1
,Intel 537EPG 56 Kbps,Default,EB-205657964431,"Intel 537EPG 56 Kbps. Category: General Merchandise. Sold by OnlineRecycle — tested, described accurately. Local pickup available in Central Florida or ships with tracking.",9.00,USD,General Merchandise,TRUE,TRUE,TRUE,1
,HOOTIE & THE BLOWFISH CRACKED REAR VIEW CD CD Only,Default,EB-205658337057,"HOOTIE & THE BLOWFISH CRACKED REAR VIEW CD CD Only. Category: Music & Audio. Sold by OnlineRecycle — tested, described accurately. Local pickup available in Central Florida or ships with tracking.",5.00,USD,Music & Audio,TRUE,TRUE,TRUE,1
,"ONE MUSIC CD ONLY - Unforgettable: With Love by Natalie Cole (CD, 1991 Elektra D",Default,EB-205658338358,"ONE MUSIC CD ONLY - Unforgettable: With Love by Natalie Cole (CD, 1991 Elektra D. Category: Music & Audio. Sold by OnlineRecycle — tested, described accurately. Local pickup available in Central Florida or ships with tracking.",5.00,USD,Music & Audio,TRUE,TRUE,TRUE,1
,Rush Debut Album Self Titled 1974 P2-34623 Disc Only,Default,EB-205658339800,"Rush Debut Album Self Titled 1974 P2-34623 Disc Only. Category: Music & Audio. Sold by OnlineRecycle — tested, described accurately. Local pickup available in Central Florida or ships with tracking.",5.00,USD,Music & Audio,TRUE,TRUE,TRUE,1
,Dillon Fence - Living Room Scene - Disc Only,Default,EB-205658341138,"Dillon Fence - Living Room Scene - Disc Only. Category: Music & Audio. Sold by OnlineRecycle — tested, described accurately. Local pickup available in Central Florida or ships with tracking.",5.00,USD,Music & Audio,TRUE,TRUE,TRUE,1
,Grace Under Pressure Disc Only,Default,EB-205658341735,"Grace Under Pressure Disc Only. Category: Music & Audio. Sold by OnlineRecycle — tested, described accurately. Local pickup available in Central Florida or ships with tracking.",5.00,USD,Music & Audio,TRUE,TRUE,TRUE,1
,Human Nature - Jukebox CD In Case Disc Only,Default,EB-205658342065,"Human Nature - Jukebox CD In Case Disc Only. Category: Music & Audio. Sold by OnlineRecycle — tested, described accurately. Local pickup available in Central Florida or ships with tracking.",5.00,USD,Music & Audio,TRUE,TRUE,TRUE,1
,"Zoot Suit Riot by Cherry Poppin' Daddies (CD ONLY!, Nov-1998, Uptown/Universal)",Default,EB-205658342443,"Zoot Suit Riot by Cherry Poppin' Daddies (CD ONLY!, Nov-1998, Uptown/Universal). Category: Music & Audio. Sold by OnlineRecycle — tested, described accurately. Local pickup available in Central Florida or ships with tracking.",5.00,USD,Music & Audio,TRUE,TRUE,TRUE,1
,DIANA KRALL WHEN I LOOK IN YOUR EYES IMPD-304 VERVE CD COMPACT DISC TESTED Only,Default,EB-205658343072,"DIANA KRALL WHEN I LOOK IN YOUR EYES IMPD-304 VERVE CD COMPACT DISC TESTED Only. Category: Music & Audio. Sold by OnlineRecycle — tested, described accurately. Local pickup available in Central Florida or ships with tracking.",5.00,USD,Music & Audio,TRUE,TRUE,TRUE,1
,"Plays Live by Peter Gabriel (CD, Jun-1983, Geffen) Disc Only",Default,EB-205658343898,"Plays Live by Peter Gabriel (CD, Jun-1983, Geffen) Disc Only. Category: Music & Audio. Sold by OnlineRecycle — tested, described accurately. Local pickup available in Central Florida or ships with tracking.",5.00,USD,Music & Audio,TRUE,TRUE,TRUE,1
,Dire Straits Alchemy Part Two Live Disc Only,Default,EB-205658344899,"Dire Straits Alchemy Part Two Live Disc Only. Category: Music & Audio. Sold by OnlineRecycle — tested, described accurately. Local pickup available in Central Florida or ships with tracking.",5.00,USD,Music & Audio,TRUE,TRUE,TRUE,1
,Dire Straits - Alchemy Live 1 - Dire Straits CD 8DVG disc Only,Default,EB-205658345644,"Dire Straits - Alchemy Live 1 - Dire Straits CD 8DVG disc Only. Category: Music & Audio. Sold by OnlineRecycle — tested, described accurately. Local pickup available in Central Florida or ships with tracking.",5.00,USD,Music & Audio,TRUE,TRUE,TRUE,1
,Bryan Ferry Will You Love Me Tomorrow 4 Track CD Single 1993,Default,EB-205658346434,"Bryan Ferry Will You Love Me Tomorrow 4 Track CD Single 1993. Category: Music & Audio. Sold by OnlineRecycle — tested, described accurately. Local pickup available in Central Florida or ships with tracking.",5.00,USD,Music & Audio,TRUE,TRUE,TRUE,1
,"Bob Dylan - Highway 61 Revisited (CD, Album, RE) (Very Good Plus (VG+)) - 375584",Default,EB-205658346821,"Bob Dylan - Highway 61 Revisited (CD, Album, RE) (Very Good Plus (VG+)) - 375584. Category: Music & Audio. Sold by OnlineRecycle — tested, described accurately. Local pickup available in Central Florida or ships with tracking.",5.00,USD,Music & Audio,TRUE,TRUE,TRUE,1
,"HIROSHIMA - URBAN WORLD MUSIC, CD, ALBUM, 1996 (QWEST RECORDS) CLUB EDITION",Default,EB-205658347760,"HIROSHIMA - URBAN WORLD MUSIC, CD, ALBUM, 1996 (QWEST RECORDS) CLUB EDITION. Category: Music & Audio. Sold by OnlineRecycle — tested, described accurately. Local pickup available in Central Florida or ships with tracking.",5.00,USD,Music & Audio,TRUE,TRUE,TRUE,1
,bob Dylan the bootleg series volume 1-3 rare & unreleased 3x cd,Default,EB-205658348394,"bob Dylan the bootleg series volume 1-3 rare & unreleased 3x cd. Category: Music & Audio. Sold by OnlineRecycle — tested, described accurately. Local pickup available in Central Florida or ships with tracking.",5.00,USD,Music & Audio,TRUE,TRUE,TRUE,1
,Bob Dylan - Biograph 1 Audio CD Very Good Disc 2 Only,Default,EB-205658348897,"Bob Dylan - Biograph 1 Audio CD Very Good Disc 2 Only. Category: Music & Audio. Sold by OnlineRecycle — tested, described accurately. Local pickup available in Central Florida or ships with tracking.",5.00,USD,Music & Audio,TRUE,TRUE,TRUE,1
,Philadelphia: Music From The Motion Picture by Various Artists (Cd 1993),Default,EB-205658349295,"Philadelphia: Music From The Motion Picture by Various Artists (Cd 1993). Category: Music & Audio. Sold by OnlineRecycle — tested, described accurately. Local pickup available in Central Florida or ships with tracking.",5.00,USD,Music & Audio,TRUE,TRUE,TRUE,1
,"What Kids Really Want by Drew's Famous (CD, 2001) Various Artists",Default,EB-205658349739,"What Kids Really Want by Drew's Famous (CD, 2001) Various Artists. Category: Music & Audio. Sold by OnlineRecycle — tested, described accurately. Local pickup available in Central Florida or ships with tracking.",5.00,USD,Music & Audio,TRUE,TRUE,TRUE,1
,CHEAP TRICK:LAP OF LUXURY (CD) DISC + CVR ART - NO CASE - VG,Default,EB-205658350524,"CHEAP TRICK:LAP OF LUXURY (CD) DISC + CVR ART - NO CASE - VG. Category: Music & Audio. Sold by OnlineRecycle — tested, described accurately. Local pickup available in Central Florida or ships with tracking.",5.00,USD,Music & Audio,TRUE,TRUE,TRUE,1
,Eric Clapton Time Pieces,Default,EB-205658350935,"Eric Clapton Time Pieces. Category: Music & Audio. Sold by OnlineRecycle — tested, described accurately. Local pickup available in Central Florida or ships with tracking.",5.00,USD,Music & Audio,TRUE,TRUE,TRUE,1
,Guns and Roses Use Your Illusion CD Music Rock Album Disc Only Very Good!,Default,EB-205658351317,"Guns and Roses Use Your Illusion CD Music Rock Album Disc Only Very Good!. Category: Music & Audio. Sold by OnlineRecycle — tested, described accurately. Local pickup available in Central Florida or ships with tracking.",5.00,USD,Music & Audio,TRUE,TRUE,TRUE,1
,"Anthology by Bread (CD, 1990)",Default,EB-205658351794,"Anthology by Bread (CD, 1990). Category: Music & Audio. Sold by OnlineRecycle — tested, described accurately. Local pickup available in Central Florida or ships with tracking.",5.00,USD,Music & Audio,TRUE,TRUE,TRUE,1
,"Never a Dull Moment by Rod Stewart (CD, 1998)",Default,EB-205658352133,"Never a Dull Moment by Rod Stewart (CD, 1998). Category: Music & Audio. Sold by OnlineRecycle — tested, described accurately. Local pickup available in Central Florida or ships with tracking.",5.00,USD,Music & Audio,TRUE,TRUE,TRUE,1
,"Stage Pass by Stanley, Michael Band Cd",Default,EB-205658352431,"Stage Pass by Stanley, Michael Band Cd. Category: Music & Audio. Sold by OnlineRecycle — tested, described accurately. Local pickup available in Central Florida or ships with tracking.",5.00,USD,Music & Audio,TRUE,TRUE,TRUE,1
,THE CALL - RED MOON!! NEW!!!,Default,EB-205658353097,"THE CALL - RED MOON!! NEW!!!. Category: Music & Audio. Sold by OnlineRecycle — tested, described accurately. Local pickup available in Central Florida or ships with tracking.",5.00,USD,Music & Audio,TRUE,TRUE,TRUE,1
,Bob Dylan - Good as I Been to You RARE out of print original CD '92,Default,EB-205658353761,"Bob Dylan - Good as I Been to You RARE out of print original CD '92. Category: Music & Audio. Sold by OnlineRecycle — tested, described accurately. Local pickup available in Central Florida or ships with tracking.",5.00,USD,Music & Audio,TRUE,TRUE,TRUE,1
,Left of Cool - Audio CD By Bela Fleck The Flecktones - GOOD,Default,EB-205658354004,"Left of Cool - Audio CD By Bela Fleck The Flecktones - GOOD. Category: Music & Audio. Sold by OnlineRecycle — tested, described accurately. Local pickup available in Central Florida or ships with tracking.",5.00,USD,Music & Audio,TRUE,TRUE,TRUE,1
,Rapture Cd Only And No Booklet,Default,EB-205658354484,"Rapture Cd Only And No Booklet. Category: Music & Audio. Sold by OnlineRecycle — tested, described accurately. Local pickup available in Central Florida or ships with tracking.",5.00,USD,Music & Audio,TRUE,TRUE,TRUE,1
,ELVIS COSTELLO and The Attractions Punch The Clock + 6 Bonus Tracks (Rykodisc),Default,EB-205658354922,"ELVIS COSTELLO and The Attractions Punch The Clock + 6 Bonus Tracks (Rykodisc). Category: Music & Audio. Sold by OnlineRecycle — tested, described accurately. Local pickup available in Central Florida or ships with tracking.",5.00,USD,Music & Audio,TRUE,TRUE,TRUE,1
,Elvis Costello And The Attractions - All This Useless Beauty - CD,Default,EB-205658355264,"Elvis Costello And The Attractions - All This Useless Beauty - CD. Category: Music & Audio. Sold by OnlineRecycle — tested, described accurately. Local pickup available in Central Florida or ships with tracking.",5.00,USD,Music & Audio,TRUE,TRUE,TRUE,1
,Elvis Costello And The Attractions - All This Useless Beauty - CD,Default,EB-205658356610,"Elvis Costello And The Attractions - All This Useless Beauty - CD. Category: Music & Audio. Sold by OnlineRecycle — tested, described accurately. Local pickup available in Central Florida or ships with tracking.",5.00,USD,Music & Audio,TRUE,TRUE,TRUE,1
,Elvis Costello and The Attractions Almost Blue (CD) Album,Default,EB-205658357156,"Elvis Costello and The Attractions Almost Blue (CD) Album. Category: Music & Audio. Sold by OnlineRecycle — tested, described accurately. Local pickup available in Central Florida or ships with tracking.",5.00,USD,Music & Audio,TRUE,TRUE,TRUE,1
,Elvis Costello North CD,Default,EB-205658357474,"Elvis Costello North CD. Category: Music & Audio. Sold by OnlineRecycle — tested, described accurately. Local pickup available in Central Florida or ships with tracking.",5.00,USD,Music & Audio,TRUE,TRUE,TRUE,1
,ELVIS COSTELLO AND THE ATTRACTIONS-GOODBYE CRUEL WORLD CD (THE ONLY FLAME IN TOW,Default,EB-205658358256,"ELVIS COSTELLO AND THE ATTRACTIONS-GOODBYE CRUEL WORLD CD (THE ONLY FLAME IN TOW. Category: Music & Audio. Sold by OnlineRecycle — tested, described accurately. Local pickup available in Central Florida or ships with tracking.",5.00,USD,Music & Audio,TRUE,TRUE,TRUE,1
,"Tommy by The Who (CD, Oct-1999, Polydor)",Default,EB-205658360165,"Tommy by The Who (CD, Oct-1999, Polydor). Category: Music & Audio. Sold by OnlineRecycle — tested, described accurately. Local pickup available in Central Florida or ships with tracking.",5.00,USD,Music & Audio,TRUE,TRUE,TRUE,1
,"Dire Straits- Making Movies CD, MULTIPLES SHIP/FREE!",Default,EB-205658361589,"Dire Straits- Making Movies CD, MULTIPLES SHIP/FREE!. Category: Music & Audio. Sold by OnlineRecycle — tested, described accurately. Local pickup available in Central Florida or ships with tracking.",5.00,USD,Music & Audio,TRUE,TRUE,TRUE,1
,Rush-A Farewell to Kings CD Mercury Repress 1977 Closer To The Heart EX No Spine,Default,EB-205658362864,"Rush-A Farewell to Kings CD Mercury Repress 1977 Closer To The Heart EX No Spine. Category: Music & Audio. Sold by OnlineRecycle — tested, described accurately. Local pickup available in Central Florida or ships with tracking.",5.00,USD,Music & Audio,TRUE,TRUE,TRUE,1
,Bob Dylan - Slow Train Coming CD Rock Funk / Soul Blues,Default,EB-205658364062,"Bob Dylan - Slow Train Coming CD Rock Funk / Soul Blues. Category: Music & Audio. Sold by OnlineRecycle — tested, described accurately. Local pickup available in Central Florida or ships with tracking.",5.00,USD,Music & Audio,TRUE,TRUE,TRUE,1
,"O) Gordon by Barenaked Ladies (CD, 1992 Reprise Records)",Default,EB-205658365303,"O) Gordon by Barenaked Ladies (CD, 1992 Reprise Records). Category: Music & Audio. Sold by OnlineRecycle — tested, described accurately. Local pickup available in Central Florida or ships with tracking.",5.00,USD,Music & Audio,TRUE,TRUE,TRUE,1
,RUSH 2112 CD 1989 Mercury 822545-2 VG Silver Disc Geddy Peart Lifeson Prog Rock,Default,EB-205658366888,"RUSH 2112 CD 1989 Mercury 822545-2 VG Silver Disc Geddy Peart Lifeson Prog Rock. Category: Music & Audio. Sold by OnlineRecycle — tested, described accurately. Local pickup available in Central Florida or ships with tracking.",5.00,USD,Music & Audio,TRUE,TRUE,TRUE,1
,"Longing in Their Hearts by Bonnie Raitt (CD, 1994, Disk Only No Tracking",Default,EB-205658367762,"Longing in Their Hearts by Bonnie Raitt (CD, 1994, Disk Only No Tracking. Category: Music & Audio. Sold by OnlineRecycle — tested, described accurately. Local pickup available in Central Florida or ships with tracking.",5.00,USD,Music & Audio,TRUE,TRUE,TRUE,1
,Dr. Hook Greatest Hits (And More),Default,EB-205658368506,"Dr. Hook Greatest Hits (And More). Category: Music & Audio. Sold by OnlineRecycle — tested, described accurately. Local pickup available in Central Florida or ships with tracking.",5.00,USD,Music & Audio,TRUE,TRUE,TRUE,1
,THE SHADOWS 20 GOLDEN GREATS 1977 EMI Records 20 Tracks,Default,EB-205658369583,"THE SHADOWS 20 GOLDEN GREATS 1977 EMI Records 20 Tracks. Category: Music & Audio. Sold by OnlineRecycle — tested, described accurately. Local pickup available in Central Florida or ships with tracking.",5.00,USD,Music & Audio,TRUE,TRUE,TRUE,1
,"Rock 'n Soul, Pt. 1: Greatest Hits by Daryl Hall & John Oates (CD, Apr-2002)",Default,EB-205658370481,"Rock 'n Soul, Pt. 1: Greatest Hits by Daryl Hall & John Oates (CD, Apr-2002). Category: Music & Audio. Sold by OnlineRecycle — tested, described accurately. Local pickup available in Central Florida or ships with tracking.",5.00,USD,Music & Audio,TRUE,TRUE,TRUE,1
,"Oh Mercy by Bob Dylan (CD, Sep-1989, Columbia (USA)) CK 45281",Default,EB-205658381893,"Oh Mercy by Bob Dylan (CD, Sep-1989, Columbia (USA)) CK 45281. Category: Music & Audio. Sold by OnlineRecycle — tested, described accurately. Local pickup available in Central Florida or ships with tracking.",5.00,USD,Music & Audio,TRUE,TRUE,TRUE,1
,Soundtrack - Miss Congeniality 2 (Music From the Motion Picture) [2005 Used CD],Default,EB-205658382588,"Soundtrack - Miss Congeniality 2 (Music From the Motion Picture) [2005 Used CD]. Category: Music & Audio. Sold by OnlineRecycle — tested, described accurately. Local pickup available in Central Florida or ships with tracking.",5.00,USD,Music & Audio,TRUE,TRUE,TRUE,1
,"Playhouse Disney by Disney (CD, Sep-2001, Disney)",Default,EB-205658383098,"Playhouse Disney by Disney (CD, Sep-2001, Disney). Category: Music & Audio. Sold by OnlineRecycle — tested, described accurately. Local pickup available in Central Florida or ships with tracking.",5.00,USD,Music & Audio,TRUE,TRUE,TRUE,1
,"On Every Street by Dire Straits (CD, Sep-1991, Warner Bros.)",Default,EB-205658383761,"On Every Street by Dire Straits (CD, Sep-1991, Warner Bros.). Category: Music & Audio. Sold by OnlineRecycle — tested, described accurately. Local pickup available in Central Florida or ships with tracking.",5.00,USD,Music & Audio,TRUE,TRUE,TRUE,1
,Falco Out of the Dark (Into The Light) CD EMI 1998 Electronic Synth-Pop,Default,EB-205658384485,"Falco Out of the Dark (Into The Light) CD EMI 1998 Electronic Synth-Pop. Category: Music & Audio. Sold by OnlineRecycle — tested, described accurately. Local pickup available in Central Florida or ships with tracking.",5.00,USD,Music & Audio,TRUE,TRUE,TRUE,1
,1988 Wilbury Records - Traveling Wilburys - Volume 1 - CD,Default,EB-205658385817,"1988 Wilbury Records - Traveling Wilburys - Volume 1 - CD. Category: Music & Audio. Sold by OnlineRecycle — tested, described accurately. Local pickup available in Central Florida or ships with tracking.",5.00,USD,Music & Audio,TRUE,TRUE,TRUE,1
,"Traveling Wilburys - Traveling Wilburys Vol. 3 (CD, 1990, Wilbury/Warner Bros.)",Default,EB-205658386930,"Traveling Wilburys - Traveling Wilburys Vol. 3 (CD, 1990, Wilbury/Warner Bros.). Category: Music & Audio. Sold by OnlineRecycle — tested, described accurately. Local pickup available in Central Florida or ships with tracking.",5.00,USD,Music & Audio,TRUE,TRUE,TRUE,1
,Call - Music CD - - 2004-07-06 - - Very Good - Audio CD - 1 Disc - bProduct,Default,EB-205660281457,"Call - Music CD - - 2004-07-06 - - Very Good - Audio CD - 1 Disc - bProduct. Category: Music & Audio. Sold by OnlineRecycle — tested, described accurately. Local pickup available in Central Florida or ships with tracking.",5.00,USD,Music & Audio,TRUE,TRUE,TRUE,1
,ALEX BEVAN - Rules Of The Road - CD - **Excellent Condition** - RARE,Default,EB-205660281734,"ALEX BEVAN - Rules Of The Road - CD - **Excellent Condition** - RARE. Category: Music & Audio. Sold by OnlineRecycle — tested, described accurately. Local pickup available in Central Florida or ships with tracking.",5.00,USD,Music & Audio,TRUE,TRUE,TRUE,1
,Barenaked Ladies - Stunt CD,Default,EB-205660750769,"Barenaked Ladies - Stunt CD. Category: Music & Audio. Sold by OnlineRecycle — tested, described accurately. Local pickup available in Central Florida or ships with tracking.",5.00,USD,Music & Audio,TRUE,TRUE,TRUE,1
,Adam Ant - Wonderful - CD,Default,EB-205660752314,"Adam Ant - Wonderful - CD. Category: Music & Audio. Sold by OnlineRecycle — tested, described accurately. Local pickup available in Central Florida or ships with tracking.",5.00,USD,Music & Audio,TRUE,TRUE,TRUE,1
,"Everything To Everyone by Barenaked Ladies (CD, 2003)",Default,EB-205660752881,"Everything To Everyone by Barenaked Ladies (CD, 2003). Category: Music & Audio. Sold by OnlineRecycle — tested, described accurately. Local pickup available in Central Florida or ships with tracking.",5.00,USD,Music & Audio,TRUE,TRUE,TRUE,1
,Barenaked Ladies - All Their Greatest Hits Disc 1 - CD,Default,EB-205660753961,"Barenaked Ladies - All Their Greatest Hits Disc 1 - CD. Category: Music & Audio. Sold by OnlineRecycle — tested, described accurately. Local pickup available in Central Florida or ships with tracking.",5.00,USD,Music & Audio,TRUE,TRUE,TRUE,1
,STEVE MILLER GREATEST HITS 1974-78 CD COMPACT DISC TESTED,Default,EB-205660754221,"STEVE MILLER GREATEST HITS 1974-78 CD COMPACT DISC TESTED. Category: Music & Audio. Sold by OnlineRecycle — tested, described accurately. Local pickup available in Central Florida or ships with tracking.",5.00,USD,Music & Audio,TRUE,TRUE,TRUE,1
,Elvis Costello and the Attractions Armed Forces CD Rykodisc,Default,EB-205660754509,"Elvis Costello and the Attractions Armed Forces CD Rykodisc. Category: Music & Audio. Sold by OnlineRecycle — tested, described accurately. Local pickup available in Central Florida or ships with tracking.",5.00,USD,Music & Audio,TRUE,TRUE,TRUE,1
,Trust [CD] Elvis Costello & The Attrac...,Default,EB-205660754931,"Trust [CD] Elvis Costello & The Attrac.... Category: Music & Audio. Sold by OnlineRecycle — tested, described accurately. Local pickup available in Central Florida or ships with tracking.",5.00,USD,Music & Audio,TRUE,TRUE,TRUE,1
,CD Compact Disc Rush Retrospective 1974-1980 VG,Default,EB-205660756430,"CD Compact Disc Rush Retrospective 1974-1980 VG. Category: Music & Audio. Sold by OnlineRecycle — tested, described accurately. Local pickup available in Central Florida or ships with tracking.",5.00,USD,Music & Audio,TRUE,TRUE,TRUE,1
,RUSH THE RUSH REMASTERS CD P2 34623,Default,EB-205660757889,"RUSH THE RUSH REMASTERS CD P2 34623. Category: Music & Audio. Sold by OnlineRecycle — tested, described accurately. Local pickup available in Central Florida or ships with tracking.",5.00,USD,Music & Audio,TRUE,TRUE,TRUE,1
,"Rush - Exit...Stage Left (CD, 1990, VG+)",Default,EB-205660758898,"Rush - Exit...Stage Left (CD, 1990, VG+). Category: Music & Audio. Sold by OnlineRecycle — tested, described accurately. Local pickup available in Central Florida or ships with tracking.",5.00,USD,Music & Audio,TRUE,TRUE,TRUE,1
,"Van Morrison : His Band and the Street Choir CD (1993) FREE Shipping, Save £s",Default,EB-205660759949,"Van Morrison : His Band and the Street Choir CD (1993) FREE Shipping, Save £s. Category: Music & Audio. Sold by OnlineRecycle — tested, described accurately. Local pickup available in Central Florida or ships with tracking.",5.00,USD,Music & Audio,TRUE,TRUE,TRUE,1
,The Jungle Book 2 CD,Default,EB-205660761216,"The Jungle Book 2 CD. Category: Music & Audio. Sold by OnlineRecycle — tested, described accurately. Local pickup available in Central Florida or ships with tracking.",5.00,USD,Music & Audio,TRUE,TRUE,TRUE,1
,Bon Jovi Cross Road Music CD 1994 Mercury Records VG+ Condition,Default,EB-205660762216,"Bon Jovi Cross Road Music CD 1994 Mercury Records VG+ Condition. Category: Music & Audio. Sold by OnlineRecycle — tested, described accurately. Local pickup available in Central Florida or ships with tracking.",5.00,USD,Music & Audio,TRUE,TRUE,TRUE,1
,Bon Jovi Cross Road Music CD 1994 Mercury Records VG+ Condition,Default,EB-205660762758,"Bon Jovi Cross Road Music CD 1994 Mercury Records VG+ Condition. Category: Music & Audio. Sold by OnlineRecycle — tested, described accurately. Local pickup available in Central Florida or ships with tracking.",5.00,USD,Music & Audio,TRUE,TRUE,TRUE,1
,Grease (Original 1978 Motion Picture Soundtrack),Default,EB-205660763313,"Grease (Original 1978 Motion Picture Soundtrack). Category: Music & Audio. Sold by OnlineRecycle — tested, described accurately. Local pickup available in Central Florida or ships with tracking.",5.00,USD,Music & Audio,TRUE,TRUE,TRUE,1
,Bryan Ferry Collection Ivy QIAG11011 JAPAN OBI 1CD,Default,EB-205660764722,"Bryan Ferry Collection Ivy QIAG11011 JAPAN OBI 1CD. Category: Music & Audio. Sold by OnlineRecycle — tested, described accurately. Local pickup available in Central Florida or ships with tracking.",5.00,USD,Music & Audio,TRUE,TRUE,TRUE,1
,"Greatest Hits by Lonestar (CD, 2003)",Default,EB-205660765101,"Greatest Hits by Lonestar (CD, 2003). Category: Music & Audio. Sold by OnlineRecycle — tested, described accurately. Local pickup available in Central Florida or ships with tracking.",5.00,USD,Music & Audio,TRUE,TRUE,TRUE,1
,Rush Hemispheres US CD Rush Remasters Series Issue,Default,EB-205660765314,"Rush Hemispheres US CD Rush Remasters Series Issue. Category: Music & Audio. Sold by OnlineRecycle — tested, described accurately. Local pickup available in Central Florida or ships with tracking.",5.00,USD,Music & Audio,TRUE,TRUE,TRUE,1
,"Chase, The by Garth Brooks (CD, Sep-1992, Capitol Nashville), tested",Default,EB-205660766093,"Chase, The by Garth Brooks (CD, Sep-1992, Capitol Nashville), tested. Category: Music & Audio. Sold by OnlineRecycle — tested, described accurately. Local pickup available in Central Florida or ships with tracking.",5.00,USD,Music & Audio,TRUE,TRUE,TRUE,1
,Garth Brooks: The Hits [Limited] by Garth Brooks (Cd 1994),Default,EB-205660766448,"Garth Brooks: The Hits [Limited] by Garth Brooks (Cd 1994). Category: Music & Audio. Sold by OnlineRecycle — tested, described accurately. Local pickup available in Central Florida or ships with tracking.",5.00,USD,Music & Audio,TRUE,TRUE,TRUE,1
,Elton John - Greatest Hits Vol 3 1979-1987 CD,Default,EB-205660766719,"Elton John - Greatest Hits Vol 3 1979-1987 CD. Category: Music & Audio. Sold by OnlineRecycle — tested, described accurately. Local pickup available in Central Florida or ships with tracking.",5.00,USD,Music & Audio,TRUE,TRUE,TRUE,1
,Finger Eleven - Finger Eleven [2003 Used CD],Default,EB-205660767339,"Finger Eleven - Finger Eleven [2003 Used CD]. Category: Music & Audio. Sold by OnlineRecycle — tested, described accurately. Local pickup available in Central Florida or ships with tracking.",5.00,USD,Music & Audio,TRUE,TRUE,TRUE,1
,"Beach House on the Moon by Jimmy Buffett (CD, May-1999Margaritaville Records)B3",Default,EB-205660768346,"Beach House on the Moon by Jimmy Buffett (CD, May-1999Margaritaville Records)B3. Category: Music & Audio. Sold by OnlineRecycle — tested, described accurately. Local pickup available in Central Florida or ships with tracking.",5.00,USD,Music & Audio,TRUE,TRUE,TRUE,1
,Jimmy Buffett-Barometer Soup (CD),Default,EB-205660769124,"Jimmy Buffett-Barometer Soup (CD). Category: Music & Audio. Sold by OnlineRecycle — tested, described accurately. Local pickup available in Central Florida or ships with tracking.",5.00,USD,Music & Audio,TRUE,TRUE,TRUE,1
,I Want My '80s Disc One,Default,EB-205660769697,"I Want My '80s Disc One. Category: Music & Audio. Sold by OnlineRecycle — tested, described accurately. Local pickup available in Central Florida or ships with tracking.",5.00,USD,Music & Audio,TRUE,TRUE,TRUE,1
,"Caress Of Steel By Rush CD, Album, Reissue, Remastered VG",Default,EB-205660769899,"Caress Of Steel By Rush CD, Album, Reissue, Remastered VG. Category: Music & Audio. Sold by OnlineRecycle — tested, described accurately. Local pickup available in Central Florida or ships with tracking.",5.00,USD,Music & Audio,TRUE,TRUE,TRUE,1
,Sting Ten Summer’s Tale CD,Default,EB-205660770464,"Sting Ten Summer’s Tale CD. Category: Music & Audio. Sold by OnlineRecycle — tested, described accurately. Local pickup available in Central Florida or ships with tracking.",5.00,USD,Music & Audio,TRUE,TRUE,TRUE,1
,"Crazy Nights by Lonestar (Country) (CD, Jul-1997, BNA)",Default,EB-205660770721,"Crazy Nights by Lonestar (Country) (CD, Jul-1997, BNA). Category: Music & Audio. Sold by OnlineRecycle — tested, described accurately. Local pickup available in Central Florida or ships with tracking.",5.00,USD,Music & Audio,TRUE,TRUE,TRUE,1
,Falco The Remix Hit Collection Music CD Album 1991 Pop Dance Warner Bros. Record,Default,EB-205660770893,"Falco The Remix Hit Collection Music CD Album 1991 Pop Dance Warner Bros. Record. Category: Music & Audio. Sold by OnlineRecycle — tested, described accurately. Local pickup available in Central Florida or ships with tracking.",5.00,USD,Music & Audio,TRUE,TRUE,TRUE,1
,Dillon Fence - Living Room Scene - U.S. promo label cd,Default,EB-205660771615,"Dillon Fence - Living Room Scene - U.S. promo label cd. Category: Music & Audio. Sold by OnlineRecycle — tested, described accurately. Local pickup available in Central Florida or ships with tracking.",5.00,USD,Music & Audio,TRUE,TRUE,TRUE,1
,"Rock me Amadeus-Die deutschen Superhits der 80er - CD - Falco, DÖF, Ingrid Pe...",Default,EB-205660771873,"Rock me Amadeus-Die deutschen Superhits der 80er - CD - Falco, DÖF, Ingrid Pe.... Category: Music & Audio. Sold by OnlineRecycle — tested, described accurately. Local pickup available in Central Florida or ships with tracking.",5.00,USD,Music & Audio,TRUE,TRUE,TRUE,1
,"Greatest Hits by Fleetwood Mac (CD, 2017)",Default,EB-205660772195,"Greatest Hits by Fleetwood Mac (CD, 2017). Category: Music & Audio. Sold by OnlineRecycle — tested, described accurately. Local pickup available in Central Florida or ships with tracking.",5.00,USD,Music & Audio,TRUE,TRUE,TRUE,1
,Floridays,Default,EB-205660783193,"Floridays. Category: Music & Audio. Sold by OnlineRecycle — tested, described accurately. Local pickup available in Central Florida or ships with tracking.",5.00,USD,Music & Audio,TRUE,TRUE,TRUE,1
,"River of Dreams by Billy Joel (CD, Dec-2004, Sony Music Distribution (USA))",Default,EB-205660784456,"River of Dreams by Billy Joel (CD, Dec-2004, Sony Music Distribution (USA)). Category: Music & Audio. Sold by OnlineRecycle — tested, described accurately. Local pickup available in Central Florida or ships with tracking.",5.00,USD,Music & Audio,TRUE,TRUE,TRUE,1
,Tracy Chapman (1988) Tracy Chapman CD SBK Records,Default,EB-205660785458,"Tracy Chapman (1988) Tracy Chapman CD SBK Records. Category: Music & Audio. Sold by OnlineRecycle — tested, described accurately. Local pickup available in Central Florida or ships with tracking.",5.00,USD,Music & Audio,TRUE,TRUE,TRUE,1
,"Falco CD Rides again (compilation, 14 tracks)",Default,EB-205660792811,"Falco CD Rides again (compilation, 14 tracks). Category: Music & Audio. Sold by OnlineRecycle — tested, described accurately. Local pickup available in Central Florida or ships with tracking.",5.00,USD,Music & Audio,TRUE,TRUE,TRUE,1
,"Red Letter Days by The Wallflowers (CD, 2002)",Default,EB-205660792978,"Red Letter Days by The Wallflowers (CD, 2002). Category: Music & Audio. Sold by OnlineRecycle — tested, described accurately. Local pickup available in Central Florida or ships with tracking.",5.00,USD,Music & Audio,TRUE,TRUE,TRUE,1
,"Garth Brooks - Ropin' the Wind (CD Disc Only, 1991) - Good Condition",Default,EB-205660793303,"Garth Brooks - Ropin' the Wind (CD Disc Only, 1991) - Good Condition. Category: Music & Audio. Sold by OnlineRecycle — tested, described accurately. Local pickup available in Central Florida or ships with tracking.",5.00,USD,Music & Audio,TRUE,TRUE,TRUE,1
,Used Music Audio CD Depeche Mode Exciter Album Mute Reprise Records 2001,Default,EB-205660807368,"Used Music Audio CD Depeche Mode Exciter Album Mute Reprise Records 2001. Category: Music & Audio. Sold by OnlineRecycle — tested, described accurately. Local pickup available in Central Florida or ships with tracking.",5.00,USD,Music & Audio,TRUE,TRUE,TRUE,1
,"Ten Summoner's Tales by Sting (CD, 2013)",Default,EB-205660807671,"Ten Summoner's Tales by Sting (CD, 2013). Category: Music & Audio. Sold by OnlineRecycle — tested, described accurately. Local pickup available in Central Florida or ships with tracking.",5.00,USD,Music & Audio,TRUE,TRUE,TRUE,1
,TRAFFIC The Low Spark Of High Heeled Boys | Island CD,Default,EB-205660808298,"TRAFFIC The Low Spark Of High Heeled Boys | Island CD. Category: Music & Audio. Sold by OnlineRecycle — tested, described accurately. Local pickup available in Central Florida or ships with tracking.",5.00,USD,Music & Audio,TRUE,TRUE,TRUE,1
,"If I Could Make A Living by Clay Walker (CD, 1994)",Default,EB-205660808512,"If I Could Make A Living by Clay Walker (CD, 1994). Category: Music & Audio. Sold by OnlineRecycle — tested, described accurately. Local pickup available in Central Florida or ships with tracking.",5.00,USD,Music & Audio,TRUE,TRUE,TRUE,1
,Dylan & The Dead,Default,EB-205660808830,"Dylan & The Dead. Category: Music & Audio. Sold by OnlineRecycle — tested, described accurately. Local pickup available in Central Florida or ships with tracking.",5.00,USD,Music & Audio,TRUE,TRUE,TRUE,1
,Styx - Edge of the Century (CD),Default,EB-205660809032,"Styx - Edge of the Century (CD). Category: Music & Audio. Sold by OnlineRecycle — tested, described accurately. Local pickup available in Central Florida or ships with tracking.",5.00,USD,Music & Audio,TRUE,TRUE,TRUE,1
,"The Bodyguard Soundtrack (CD, 1992) DISC ONLY",Default,EB-205660809274,"The Bodyguard Soundtrack (CD, 1992) DISC ONLY. Category: Music & Audio. Sold by OnlineRecycle — tested, described accurately. Local pickup available in Central Florida or ships with tracking.",5.00,USD,Music & Audio,TRUE,TRUE,TRUE,1
,"Drops of Jupiter by Train (CD, 2001)",Default,EB-205660809505,"Drops of Jupiter by Train (CD, 2001). Category: Music & Audio. Sold by OnlineRecycle — tested, described accurately. Local pickup available in Central Florida or ships with tracking.",5.00,USD,Music & Audio,TRUE,TRUE,TRUE,1
,"Bela Fleck : The Blue Grass Sessions: Tales From The Acoustic Planet, Volume 2",Default,EB-205660809848,"Bela Fleck : The Blue Grass Sessions: Tales From The Acoustic Planet, Volume 2. Category: Music & Audio. Sold by OnlineRecycle — tested, described accurately. Local pickup available in Central Florida or ships with tracking.",5.00,USD,Music & Audio,TRUE,TRUE,TRUE,1
,Power Windows - Rush - Acceptable - 0,Default,EB-205660810128,"Power Windows - Rush - Acceptable - 0. Category: Music & Audio. Sold by OnlineRecycle — tested, described accurately. Local pickup available in Central Florida or ships with tracking.",5.00,USD,Music & Audio,TRUE,TRUE,TRUE,1
,REO Speedwagon Live Plus [DVD],Default,EB-205660810372,"REO Speedwagon Live Plus [DVD]. Category: Movies & Entertainment. Sold by OnlineRecycle — tested, described accurately. Local pickup available in Central Florida or ships with tracking.",5.00,USD,Movies & Entertainment,TRUE,TRUE,TRUE,1
,"No Fences by Garth Brooks (CD, 1990, Liberty)",Default,EB-205660810566,"No Fences by Garth Brooks (CD, 1990, Liberty). Category: Music & Audio. Sold by OnlineRecycle — tested, described accurately. Local pickup available in Central Florida or ships with tracking.",5.00,USD,Music & Audio,TRUE,TRUE,TRUE,1
,2nd Wind - Audio CD By Todd Rundgren - VERY GOOD,Default,EB-205660810735,"2nd Wind - Audio CD By Todd Rundgren - VERY GOOD. Category: Music & Audio. Sold by OnlineRecycle — tested, described accurately. Local pickup available in Central Florida or ships with tracking.",5.00,USD,Music & Audio,TRUE,TRUE,TRUE,1
,Elvis Costello - An Overview Disc - Promo CD 1995- Ryko EXCELLENT / MINT COND,Default,EB-205660911361,"Elvis Costello - An Overview Disc - Promo CD 1995- Ryko EXCELLENT / MINT COND. Category: Music & Audio. Sold by OnlineRecycle — tested, described accurately. Local pickup available in Central Florida or ships with tracking.",5.00,USD,Music & Audio,TRUE,TRUE,TRUE,1
,Saliva CD Back Into Your System Rock Music Tested and Working,Default,EB-205660911619,"Saliva CD Back Into Your System Rock Music Tested and Working. Category: Music & Audio. Sold by OnlineRecycle — tested, described accurately. Local pickup available in Central Florida or ships with tracking.",5.00,USD,Music & Audio,TRUE,TRUE,TRUE,1
,Bruce Springsteen 2 CD Set 💿💿💿The E Street Band Live 1975-85,Default,EB-205660912004,"Bruce Springsteen 2 CD Set 💿💿💿The E Street Band Live 1975-85. Category: Music & Audio. Sold by OnlineRecycle — tested, described accurately. Local pickup available in Central Florida or ships with tracking.",5.00,USD,Music & Audio,TRUE,TRUE,TRUE,1
,"All for You by Janet Jackson (CD, 2001) Contemporary R&B. Ba7",Default,EB-205660912662,"All for You by Janet Jackson (CD, 2001) Contemporary R&B. Ba7. Category: Music & Audio. Sold by OnlineRecycle — tested, described accurately. Local pickup available in Central Florida or ships with tracking.",5.00,USD,Music & Audio,TRUE,TRUE,TRUE,1
,"Antics in the Forbidden Zone by Adam Ant (CD, 1990)",Default,EB-205660913180,"Antics in the Forbidden Zone by Adam Ant (CD, 1990). Category: Music & Audio. Sold by OnlineRecycle — tested, described accurately. Local pickup available in Central Florida or ships with tracking.",5.00,USD,Music & Audio,TRUE,TRUE,TRUE,1
,GLADIATOR MOTION PICTURE SCORE CD 2000 DECCA,Default,EB-205660913566,"GLADIATOR MOTION PICTURE SCORE CD 2000 DECCA. Category: Music & Audio. Sold by OnlineRecycle — tested, described accurately. Local pickup available in Central Florida or ships with tracking.",5.00,USD,Music & Audio,TRUE,TRUE,TRUE,1
,H9-94 REO SPEEDWAGON You Get What You Play For - 1977 EK 34494 2 RECORDS ON 1 CD,Default,EB-205660914318,"H9-94 REO SPEEDWAGON You Get What You Play For - 1977 EK 34494 2 RECORDS ON 1 CD. Category: Music & Audio. Sold by OnlineRecycle — tested, described accurately. Local pickup available in Central Florida or ships with tracking.",5.00,USD,Music & Audio,TRUE,TRUE,TRUE,1
,Christmas Clasics CD Audio Music Dan Gibson Solitudes Exploring Nature Music,Default,EB-205660914838,"Christmas Clasics CD Audio Music Dan Gibson Solitudes Exploring Nature Music. Category: Music & Audio. Sold by OnlineRecycle — tested, described accurately. Local pickup available in Central Florida or ships with tracking.",5.00,USD,Music & Audio,TRUE,TRUE,TRUE,1
,"Best of by Statler Brothers (CD, 1990) Disc Only. Tested",Default,EB-205660915684,"Best of by Statler Brothers (CD, 1990) Disc Only. Tested. Category: Music & Audio. Sold by OnlineRecycle — tested, described accurately. Local pickup available in Central Florida or ships with tracking.",5.00,USD,Music & Audio,TRUE,TRUE,TRUE,1
,Falco The Remix Hit Collection,Default,EB-205660915916,"Falco The Remix Hit Collection. Category: Music & Audio. Sold by OnlineRecycle — tested, described accurately. Local pickup available in Central Florida or ships with tracking.",5.00,USD,Music & Audio,TRUE,TRUE,TRUE,1
,Cd Only And No Booklet,Default,EB-205660932463,"Cd Only And No Booklet. Category: Music & Audio. Sold by OnlineRecycle — tested, described accurately. Local pickup available in Central Florida or ships with tracking.",5.00,USD,Music & Audio,TRUE,TRUE,TRUE,1
,15 Favorites Cd Only No Booklet,Default,EB-205660936162,"15 Favorites Cd Only No Booklet. Category: Books. Sold by OnlineRecycle — tested, described accurately. Local pickup available in Central Florida or ships with tracking.",5.00,USD,Books,TRUE,TRUE,TRUE,1
,Dixie Chicks - Home (2002) CD Disc Only - Good Condition,Default,EB-205660937211,"Dixie Chicks - Home (2002) CD Disc Only - Good Condition. Category: Music & Audio. Sold by OnlineRecycle — tested, described accurately. Local pickup available in Central Florida or ships with tracking.",5.00,USD,Music & Audio,TRUE,TRUE,TRUE,1
,"Barenaked Ladies ""Maroon"" Reprise Records CD 2000 CD Only No Booklet",Default,EB-205660967018,"Barenaked Ladies ""Maroon"" Reprise Records CD 2000 CD Only No Booklet. Category: Music & Audio. Sold by OnlineRecycle — tested, described accurately. Local pickup available in Central Florida or ships with tracking.",5.00,USD,Music & Audio,TRUE,TRUE,TRUE,1
,Styx - Greatest Hits Part 2 Only And No Booklet,Default,EB-205660968571,"Styx - Greatest Hits Part 2 Only And No Booklet. Category: Music & Audio. Sold by OnlineRecycle — tested, described accurately. Local pickup available in Central Florida or ships with tracking.",5.00,USD,Music & Audio,TRUE,TRUE,TRUE,1
,AEROSMITH - PUMP - CD - VGC,Default,EB-205660971442,"AEROSMITH - PUMP - CD - VGC. Category: Music & Audio. Sold by OnlineRecycle — tested, described accurately. Local pickup available in Central Florida or ships with tracking.",5.00,USD,Music & Audio,TRUE,TRUE,TRUE,1
,Sheryl Crow - Self titled CD - DISC Only/NO CASE or INSERTS/Ships FREE,Default,EB-205660977586,"Sheryl Crow - Self titled CD - DISC Only/NO CASE or INSERTS/Ships FREE. Category: Music & Audio. Sold by OnlineRecycle — tested, described accurately. Local pickup available in Central Florida or ships with tracking.",5.00,USD,Music & Audio,TRUE,TRUE,TRUE,1
,"Blonde on Blonde by Bob Dylan (CD, 2004)",Default,EB-205660979029,"Blonde on Blonde by Bob Dylan (CD, 2004). Category: Music & Audio. Sold by OnlineRecycle — tested, described accurately. Local pickup available in Central Florida or ships with tracking.",5.00,USD,Music & Audio,TRUE,TRUE,TRUE,1
,"Everything I Love by Alan Jackson (CD, 1996, Arista)",Default,EB-205661038241,"Everything I Love by Alan Jackson (CD, 1996, Arista). Category: Music & Audio. Sold by OnlineRecycle — tested, described accurately. Local pickup available in Central Florida or ships with tracking.",5.00,USD,Music & Audio,TRUE,TRUE,TRUE,1
,King Of America: The Costello Show CD Only And No Booklet,Default,EB-205661044244,"King Of America: The Costello Show CD Only And No Booklet. Category: Music & Audio. Sold by OnlineRecycle — tested, described accurately. Local pickup available in Central Florida or ships with tracking.",5.00,USD,Music & Audio,TRUE,TRUE,TRUE,1
,Live at the Gaslight 1962 by Bob Dylan (CD Only And No Booklet,Default,EB-205661061448,"Live at the Gaslight 1962 by Bob Dylan (CD Only And No Booklet. Category: Music & Audio. Sold by OnlineRecycle — tested, described accurately. Local pickup available in Central Florida or ships with tracking.",5.00,USD,Music & Audio,TRUE,TRUE,TRUE,1
,Tori Amos - To Venus And Back (1999 CD) - No Booklet,Default,EB-205661069833,"Tori Amos - To Venus And Back (1999 CD) - No Booklet. Category: Music & Audio. Sold by OnlineRecycle — tested, described accurately. Local pickup available in Central Florida or ships with tracking.",5.00,USD,Music & Audio,TRUE,TRUE,TRUE,1
,Bob Dylan - Hard Rain (CD) No Booklet,Default,EB-205661080334,"Bob Dylan - Hard Rain (CD) No Booklet. Category: Music & Audio. Sold by OnlineRecycle — tested, described accurately. Local pickup available in Central Florida or ships with tracking.",5.00,USD,Music & Audio,TRUE,TRUE,TRUE,1
,"Infidels by Bob Dylan (CD, Feb-1984, Columbia (USA)) No Booklet",Default,EB-205661090228,"Infidels by Bob Dylan (CD, Feb-1984, Columbia (USA)) No Booklet. Category: Music & Audio. Sold by OnlineRecycle — tested, described accurately. Local pickup available in Central Florida or ships with tracking.",5.00,USD,Music & Audio,TRUE,TRUE,TRUE,1
,Bob Dylan Empire Burlesque CD 1985 Columbia 40110-2 CD Only No Booklet,Default,EB-205661096500,"Bob Dylan Empire Burlesque CD 1985 Columbia 40110-2 CD Only No Booklet. Category: Music & Audio. Sold by OnlineRecycle — tested, described accurately. Local pickup available in Central Florida or ships with tracking.",5.00,USD,Music & Audio,TRUE,TRUE,TRUE,1
,Brooks and Dunn CD Only No Booklet,Default,EB-205661100365,"Brooks and Dunn CD Only No Booklet. Category: Music & Audio. Sold by OnlineRecycle — tested, described accurately. Local pickup available in Central Florida or ships with tracking.",5.00,USD,Music & Audio,TRUE,TRUE,TRUE,1
,"Everything I Love by Alan Jackson (CD, 1996, Arista) CD Only No Booklet",Default,EB-205661103496,"Everything I Love by Alan Jackson (CD, 1996, Arista) CD Only No Booklet. Category: Music & Audio. Sold by OnlineRecycle — tested, described accurately. Local pickup available in Central Florida or ships with tracking.",5.00,USD,Music & Audio,TRUE,TRUE,TRUE,1
,"Bob Dylan's Greatest Hits, Vol. 3",Default,EB-205661107958,"Bob Dylan's Greatest Hits, Vol. 3. Category: Music & Audio. Sold by OnlineRecycle — tested, described accurately. Local pickup available in Central Florida or ships with tracking.",5.00,USD,Music & Audio,TRUE,TRUE,TRUE,1
,Bob Dylan - World Gone Wrong (CD Only No Booklet,Default,EB-205661112868,"Bob Dylan - World Gone Wrong (CD Only No Booklet. Category: Music & Audio. Sold by OnlineRecycle — tested, described accurately. Local pickup available in Central Florida or ships with tracking.",5.00,USD,Music & Audio,TRUE,TRUE,TRUE,1
,BOB DYLAN - The Bootleg Series Volume 2 CD Only No Booklet,Default,EB-205661118984,"BOB DYLAN - The Bootleg Series Volume 2 CD Only No Booklet. Category: Music & Audio. Sold by OnlineRecycle — tested, described accurately. Local pickup available in Central Florida or ships with tracking.",5.00,USD,Music & Audio,TRUE,TRUE,TRUE,1
,Celine Dion Let’s Talk About Love CD Only No Booklet,Default,EB-205661122329,"Celine Dion Let’s Talk About Love CD Only No Booklet. Category: Music & Audio. Sold by OnlineRecycle — tested, described accurately. Local pickup available in Central Florida or ships with tracking.",5.00,USD,Music & Audio,TRUE,TRUE,TRUE,1
,Peter Gabriel - Passion - The Last Temptation of Christ - CD,Default,EB-205661128112,"Peter Gabriel - Passion - The Last Temptation of Christ - CD. Category: Music & Audio. Sold by OnlineRecycle — tested, described accurately. Local pickup available in Central Florida or ships with tracking.",5.00,USD,Music & Audio,TRUE,TRUE,TRUE,1
,"A Little Bit of Mambo by Lou Bega (CD only, Aug-1999, RCA) No Booklet",Default,EB-205661157659,"A Little Bit of Mambo by Lou Bega (CD only, Aug-1999, RCA) No Booklet. Category: Music & Audio. Sold by OnlineRecycle — tested, described accurately. Local pickup available in Central Florida or ships with tracking.",5.00,USD,Music & Audio,TRUE,TRUE,TRUE,1
,INOJ - Single Time After Time 3 Track Cd Only No Booklet,Default,EB-205661159444,"INOJ - Single Time After Time 3 Track Cd Only No Booklet. Category: Music & Audio. Sold by OnlineRecycle — tested, described accurately. Local pickup available in Central Florida or ships with tracking.",5.00,USD,Music & Audio,TRUE,TRUE,TRUE,1
,"98"", CD, DISC ONLY No Booklet",Default,EB-205661160177,"98"", CD, DISC ONLY No Booklet. Category: Movies & Entertainment. Sold by OnlineRecycle — tested, described accurately. Local pickup available in Central Florida or ships with tracking.",5.00,USD,Movies & Entertainment,TRUE,TRUE,TRUE,1
,Tori Amos - To Venus And Back (1999 CD) - No Booklet,Default,EB-205661162424,"Tori Amos - To Venus And Back (1999 CD) - No Booklet. Category: Music & Audio. Sold by OnlineRecycle — tested, described accurately. Local pickup available in Central Florida or ships with tracking.",5.00,USD,Music & Audio,TRUE,TRUE,TRUE,1
,"Mcmxc A.D. by Enigma (CD, 1992) Acceptable Condition (DISC ONLY) No Booklet",Default,EB-205661164975,"Mcmxc A.D. by Enigma (CD, 1992) Acceptable Condition (DISC ONLY) No Booklet. Category: Music & Audio. Sold by OnlineRecycle — tested, described accurately. Local pickup available in Central Florida or ships with tracking.",5.00,USD,Music & Audio,TRUE,TRUE,TRUE,1
,"Cafferty, John & Beaver Brown Band - Eddie & the Cruisers Cd Only No Booklet",Default,EB-205661174181,"Cafferty, John & Beaver Brown Band - Eddie & the Cruisers Cd Only No Booklet. Category: Music & Audio. Sold by OnlineRecycle — tested, described accurately. Local pickup available in Central Florida or ships with tracking.",5.00,USD,Music & Audio,TRUE,TRUE,TRUE,1
,Rod Stewart : Every Picture Tells A Story - CD ONLY No Booklet,Default,EB-205661211538,"Rod Stewart : Every Picture Tells A Story - CD ONLY No Booklet. Category: Music & Audio. Sold by OnlineRecycle — tested, described accurately. Local pickup available in Central Florida or ships with tracking.",5.00,USD,Music & Audio,TRUE,TRUE,TRUE,1
,Rod Stewart : Every Picture Tells A Story - CD ONLy No Booklet,Default,EB-205661232327,"Rod Stewart : Every Picture Tells A Story - CD ONLy No Booklet. Category: Music & Audio. Sold by OnlineRecycle — tested, described accurately. Local pickup available in Central Florida or ships with tracking.",5.00,USD,Music & Audio,TRUE,TRUE,TRUE,1
,Blondie - The Best of Blondie (1984 CD Only) - No Booklet,Default,EB-205661234032,"Blondie - The Best of Blondie (1984 CD Only) - No Booklet. Category: Music & Audio. Sold by OnlineRecycle — tested, described accurately. Local pickup available in Central Florida or ships with tracking.",5.00,USD,Music & Audio,TRUE,TRUE,TRUE,1
,"Cohn, Marc : Rainy Season CD Only No Booklet",Default,EB-205661310296,"Cohn, Marc : Rainy Season CD Only No Booklet. Category: Music & Audio. Sold by OnlineRecycle — tested, described accurately. Local pickup available in Central Florida or ships with tracking.",5.00,USD,Music & Audio,TRUE,TRUE,TRUE,1
,BOB DYLAN Biograph Disc 1 | 1985 CD Only No Booklet,Default,EB-205661311967,"BOB DYLAN Biograph Disc 1 | 1985 CD Only No Booklet. Category: Music & Audio. Sold by OnlineRecycle — tested, described accurately. Local pickup available in Central Florida or ships with tracking.",5.00,USD,Music & Audio,TRUE,TRUE,TRUE,1
,PETER GABRIEL - CD - Security Only No Booklet,Default,EB-205661313663,"PETER GABRIEL - CD - Security Only No Booklet. Category: Music & Audio. Sold by OnlineRecycle — tested, described accurately. Local pickup available in Central Florida or ships with tracking.",5.00,USD,Music & Audio,TRUE,TRUE,TRUE,1
,Bob Dylan - MTV Unplugged (Cd Only No Booklet,Default,EB-205661353660,"Bob Dylan - MTV Unplugged (Cd Only No Booklet. Category: Music & Audio. Sold by OnlineRecycle — tested, described accurately. Local pickup available in Central Florida or ships with tracking.",5.00,USD,Music & Audio,TRUE,TRUE,TRUE,1
,"Bob Dylan's Greatest Hits, Vol. 3v Cd Only No Booklet",Default,EB-205664221743,"Bob Dylan's Greatest Hits, Vol. 3v Cd Only No Booklet. Category: Music & Audio. Sold by OnlineRecycle — tested, described accurately. Local pickup available in Central Florida or ships with tracking.",5.00,USD,Music & Audio,TRUE,TRUE,TRUE,1
,"Falco - CD - FMA-Falco meets Amadeus (Musical, 2000) CD Only No Booklet",Default,EB-205664223471,"Falco - CD - FMA-Falco meets Amadeus (Musical, 2000) CD Only No Booklet. Category: Music & Audio. Sold by OnlineRecycle — tested, described accurately. Local pickup available in Central Florida or ships with tracking.",5.00,USD,Music & Audio,TRUE,TRUE,TRUE,1
,"Best Of-Vocal Classics 1947-50 by Nat Cole King Trio (CD, 1996) No Booklet",Default,EB-205664227882,"Best Of-Vocal Classics 1947-50 by Nat Cole King Trio (CD, 1996) No Booklet. Category: Music & Audio. Sold by OnlineRecycle — tested, described accurately. Local pickup available in Central Florida or ships with tracking.",5.00,USD,Music & Audio,TRUE,TRUE,TRUE,1
,"R.E.M. - Automatic For The People (1992, CD) - **DISC ONLY**",Default,EB-205664232008,"R.E.M. - Automatic For The People (1992, CD) - **DISC ONLY**. Category: Music & Audio. Sold by OnlineRecycle — tested, described accurately. Local pickup available in Central Florida or ships with tracking.",5.00,USD,Music & Audio,TRUE,TRUE,TRUE,1
,"Shades of Ian Hunter by Ian Hunter (CD, Nov-1988, Chrysalis Records) No Booklet",Default,EB-205664233336,"Shades of Ian Hunter by Ian Hunter (CD, Nov-1988, Chrysalis Records) No Booklet. Category: Music & Audio. Sold by OnlineRecycle — tested, described accurately. Local pickup available in Central Florida or ships with tracking.",5.00,USD,Music & Audio,TRUE,TRUE,TRUE,1
,"Norah Jones - Come Away with Me CD, 2002, Pre-Owned",Default,EB-205665871463,"Norah Jones - Come Away with Me CD, 2002, Pre-Owned. Category: Music & Audio. Sold by OnlineRecycle — tested, described accurately. Local pickup available in Central Florida or ships with tracking.",5.00,USD,Music & Audio,TRUE,TRUE,TRUE,1
,"Retrospective-Best of Knack by The Knack (CD, 1992) No Booklet",Default,EB-205665874623,"Retrospective-Best of Knack by The Knack (CD, 1992) No Booklet. Category: Music & Audio. Sold by OnlineRecycle — tested, described accurately. Local pickup available in Central Florida or ships with tracking.",5.00,USD,Music & Audio,TRUE,TRUE,TRUE,1
,Bob Dylan CD - Biograph Disc 3 Only No Booklet,Default,EB-205665880642,"Bob Dylan CD - Biograph Disc 3 Only No Booklet. Category: Music & Audio. Sold by OnlineRecycle — tested, described accurately. Local pickup available in Central Florida or ships with tracking.",5.00,USD,Music & Audio,TRUE,TRUE,TRUE,1
,The Call - Red Moon CD 1990 Only No Booklet,Default,EB-205665888748,"The Call - Red Moon CD 1990 Only No Booklet. Category: Music & Audio. Sold by OnlineRecycle — tested, described accurately. Local pickup available in Central Florida or ships with tracking.",5.00,USD,Music & Audio,TRUE,TRUE,TRUE,1
,"R.E.M. - Automatic For The People (1992, CD) - **DISC ONLY**",Default,EB-205666322238,"R.E.M. - Automatic For The People (1992, CD) - **DISC ONLY**. Category: Music & Audio. Sold by OnlineRecycle — tested, described accurately. Local pickup available in Central Florida or ships with tracking.",5.00,USD,Music & Audio,TRUE,TRUE,TRUE,1
,"The Call - Let the Day Begin [Bonus Track] (CD, No Booklet",Default,EB-205666331811,"The Call - Let the Day Begin [Bonus Track] (CD, No Booklet. Category: Music & Audio. Sold by OnlineRecycle — tested, described accurately. Local pickup available in Central Florida or ships with tracking.",5.00,USD,Music & Audio,TRUE,TRUE,TRUE,1
,CHEAP TRICK AT BUDOKAN CD COMPACT DISC TESTED No Booklet,Default,EB-205666356131,"CHEAP TRICK AT BUDOKAN CD COMPACT DISC TESTED No Booklet. Category: Music & Audio. Sold by OnlineRecycle — tested, described accurately. Local pickup available in Central Florida or ships with tracking.",5.00,USD,Music & Audio,TRUE,TRUE,TRUE,1
,"STING - BRAND NEW DAY ( CD, 1999 ) No Booklet",Default,EB-205666360909,"STING - BRAND NEW DAY ( CD, 1999 ) No Booklet. Category: Music & Audio. Sold by OnlineRecycle — tested, described accurately. Local pickup available in Central Florida or ships with tracking.",5.00,USD,Music & Audio,TRUE,TRUE,TRUE,1
,Van Morrison The Philosopher's Stone Music 2 CD Set no Booklet,Default,EB-205666366730,"Van Morrison The Philosopher's Stone Music 2 CD Set no Booklet. Category: Music & Audio. Sold by OnlineRecycle — tested, described accurately. Local pickup available in Central Florida or ships with tracking.",5.00,USD,Music & Audio,TRUE,TRUE,TRUE,1
,"Moondance by Van Morrison (CD, 1990) No Booklet",Default,EB-205666388001,"Moondance by Van Morrison (CD, 1990) No Booklet. Category: Music & Audio. Sold by OnlineRecycle — tested, described accurately. Local pickup available in Central Florida or ships with tracking.",5.00,USD,Music & Audio,TRUE,TRUE,TRUE,1
,Cream : The Very Best of Cream CD (1995) No Booklet,Default,EB-205666390175,"Cream : The Very Best of Cream CD (1995) No Booklet. Category: Music & Audio. Sold by OnlineRecycle — tested, described accurately. Local pickup available in Central Florida or ships with tracking.",5.00,USD,Music & Audio,TRUE,TRUE,TRUE,1
,Welcoming Home The Astronauts CD Only No Booklet,Default,EB-205666391972,"Welcoming Home The Astronauts CD Only No Booklet. Category: Music & Audio. Sold by OnlineRecycle — tested, described accurately. Local pickup available in Central Florida or ships with tracking.",5.00,USD,Music & Audio,TRUE,TRUE,TRUE,1
,Bob Dylan CD Time Out of Mind by Dylan Bob No Booklet,Default,EB-205666393467,"Bob Dylan CD Time Out of Mind by Dylan Bob No Booklet. Category: Music & Audio. Sold by OnlineRecycle — tested, described accurately. Local pickup available in Central Florida or ships with tracking.",5.00,USD,Music & Audio,TRUE,TRUE,TRUE,1
,Fly Cd No Booklet,Default,EB-205666400295,"Fly Cd No Booklet. Category: Music & Audio. Sold by OnlineRecycle — tested, described accurately. Local pickup available in Central Florida or ships with tracking.",5.00,USD,Music & Audio,TRUE,TRUE,TRUE,1
,In Between Dreams - Music CD - Jack Johnson - DISC ONLY! No Booklet,Default,EB-205666402661,"In Between Dreams - Music CD - Jack Johnson - DISC ONLY! No Booklet. Category: Music & Audio. Sold by OnlineRecycle — tested, described accurately. Local pickup available in Central Florida or ships with tracking.",5.00,USD,Music & Audio,TRUE,TRUE,TRUE,1
,No Quarter: Jimmy Page & Robert Plant CD Only No Booklet,Default,EB-205666405301,"No Quarter: Jimmy Page & Robert Plant CD Only No Booklet. Category: Music & Audio. Sold by OnlineRecycle — tested, described accurately. Local pickup available in Central Florida or ships with tracking.",5.00,USD,Music & Audio,TRUE,TRUE,TRUE,1
,"Snowfall, The Tony Bennett Christmas Album-CD Only No Booklet",Default,EB-205666453122,"Snowfall, The Tony Bennett Christmas Album-CD Only No Booklet. Category: Music & Audio. Sold by OnlineRecycle — tested, described accurately. Local pickup available in Central Florida or ships with tracking.",5.00,USD,Music & Audio,TRUE,TRUE,TRUE,1
,Queensryche Empire CD Disc Only No Booklet,Default,EB-205666464130,"Queensryche Empire CD Disc Only No Booklet. Category: Music & Audio. Sold by OnlineRecycle — tested, described accurately. Local pickup available in Central Florida or ships with tracking.",5.00,USD,Music & Audio,TRUE,TRUE,TRUE,1
,ELVIS COSTELLO - Live at the El Mocambo - cd Only No Booklet,Default,EB-205666471614,"ELVIS COSTELLO - Live at the El Mocambo - cd Only No Booklet. Category: Music & Audio. Sold by OnlineRecycle — tested, described accurately. Local pickup available in Central Florida or ships with tracking.",5.00,USD,Music & Audio,TRUE,TRUE,TRUE,1
,Emotional: Falco Sire Records 1986 USA CD Only No Booklet,Default,EB-205666505617,"Emotional: Falco Sire Records 1986 USA CD Only No Booklet. Category: Music & Audio. Sold by OnlineRecycle — tested, described accurately. Local pickup available in Central Florida or ships with tracking.",5.00,USD,Music & Audio,TRUE,TRUE,TRUE,1
,Enya – A Day Without Rain (CD ONLY) No Booklet,Default,EB-205666507293,"Enya – A Day Without Rain (CD ONLY) No Booklet. Category: Music & Audio. Sold by OnlineRecycle — tested, described accurately. Local pickup available in Central Florida or ships with tracking.",5.00,USD,Music & Audio,TRUE,TRUE,TRUE,1
,The Family Values Tour: 2001 CD Only No Booklet,Default,EB-205666509526,"The Family Values Tour: 2001 CD Only No Booklet. Category: Music & Audio. Sold by OnlineRecycle — tested, described accurately. Local pickup available in Central Florida or ships with tracking.",5.00,USD,Music & Audio,TRUE,TRUE,TRUE,1
,"If We Fall in Love Tonight by Rod Stewart (CD Only, No Booklet",Default,EB-205666582839,"If We Fall in Love Tonight by Rod Stewart (CD Only, No Booklet. Category: Music & Audio. Sold by OnlineRecycle — tested, described accurately. Local pickup available in Central Florida or ships with tracking.",5.00,USD,Music & Audio,TRUE,TRUE,TRUE,1
,Tigerlily by Natalie Merchant (CD Only No Booklet,Default,EB-205666588257,"Tigerlily by Natalie Merchant (CD Only No Booklet. Category: Music & Audio. Sold by OnlineRecycle — tested, described accurately. Local pickup available in Central Florida or ships with tracking.",5.00,USD,Music & Audio,TRUE,TRUE,TRUE,1
,Savage Garden Savage Garden Cd Only No Booklet,Default,EB-205666592688,"Savage Garden Savage Garden Cd Only No Booklet. Category: Music & Audio. Sold by OnlineRecycle — tested, described accurately. Local pickup available in Central Florida or ships with tracking.",5.00,USD,Music & Audio,TRUE,TRUE,TRUE,1
,Bob Dylan - Under the Red Sky (CD Only No Booklet,Default,EB-205666597093,"Bob Dylan - Under the Red Sky (CD Only No Booklet. Category: Music & Audio. Sold by OnlineRecycle — tested, described accurately. Local pickup available in Central Florida or ships with tracking.",5.00,USD,Music & Audio,TRUE,TRUE,TRUE,1
,Bob Dylan - CD - Saved Only No Booklet,Default,EB-205666598699,"Bob Dylan - CD - Saved Only No Booklet. Category: Music & Audio. Sold by OnlineRecycle — tested, described accurately. Local pickup available in Central Florida or ships with tracking.",5.00,USD,Music & Audio,TRUE,TRUE,TRUE,1
,"Everywhere by Mcgraw, Tim (CD, 1997) CD ONLY No Booklet",Default,EB-205666601418,"Everywhere by Mcgraw, Tim (CD, 1997) CD ONLY No Booklet. Category: Music & Audio. Sold by OnlineRecycle — tested, described accurately. Local pickup available in Central Florida or ships with tracking.",5.00,USD,Music & Audio,TRUE,TRUE,TRUE,1
,Mamouna by Bryan Ferry (CD Only No Booklet,Default,EB-205666605006,"Mamouna by Bryan Ferry (CD Only No Booklet. Category: Music & Audio. Sold by OnlineRecycle — tested, described accurately. Local pickup available in Central Florida or ships with tracking.",5.00,USD,Music & Audio,TRUE,TRUE,TRUE,1
,Get The Knack by The Knack (CD Only No Booklet,Default,EB-205666607325,"Get The Knack by The Knack (CD Only No Booklet. Category: Music & Audio. Sold by OnlineRecycle — tested, described accurately. Local pickup available in Central Florida or ships with tracking.",5.00,USD,Music & Audio,TRUE,TRUE,TRUE,1
,"The Earth, A Small Man, His Dog and a Chicken by cd Only No Booklet",Default,EB-205666625095,"The Earth, A Small Man, His Dog and a Chicken by cd Only No Booklet. Category: Music & Audio. Sold by OnlineRecycle — tested, described accurately. Local pickup available in Central Florida or ships with tracking.",5.00,USD,Music & Audio,TRUE,TRUE,TRUE,1
,Pickin on Nashville by The Kentucky Headhunters (CD Only No Booklet,Default,EB-205666630244,"Pickin on Nashville by The Kentucky Headhunters (CD Only No Booklet. Category: Music & Audio. Sold by OnlineRecycle — tested, described accurately. Local pickup available in Central Florida or ships with tracking.",5.00,USD,Music & Audio,TRUE,TRUE,TRUE,1
,"Super Natural [CD] Everything [*READ*, VERY GOOD] CD Only",Default,EB-205667167579,"Super Natural [CD] Everything [*READ*, VERY GOOD] CD Only. Category: Music & Audio. Sold by OnlineRecycle — tested, described accurately. Local pickup available in Central Florida or ships with tracking.",4.00,USD,Music & Audio,TRUE,TRUE,TRUE,1
,"Greatest Hits by Cheap Trick (CD, 1991) No Booklet",Default,EB-205667881913,"Greatest Hits by Cheap Trick (CD, 1991) No Booklet. Category: Music & Audio. Sold by OnlineRecycle — tested, described accurately. Local pickup available in Central Florida or ships with tracking.",5.00,USD,Music & Audio,TRUE,TRUE,TRUE,1
,AC/DC - The Razors Edge - CD (Disc Only)No Booklet,Default,EB-205667887962,"AC/DC - The Razors Edge - CD (Disc Only)No Booklet. Category: Music & Audio. Sold by OnlineRecycle — tested, described accurately. Local pickup available in Central Florida or ships with tracking.",5.00,USD,Music & Audio,TRUE,TRUE,TRUE,1
,Bare Naked Ladies Rock Spectacle CD BMG Direct D116322 CD ONLY No Booklet,Default,EB-205667892333,"Bare Naked Ladies Rock Spectacle CD BMG Direct D116322 CD ONLY No Booklet. Category: Music & Audio. Sold by OnlineRecycle — tested, described accurately. Local pickup available in Central Florida or ships with tracking.",5.00,USD,Music & Audio,TRUE,TRUE,TRUE,1
,2009 DVD Blockbuster Exclusive Janky Promoters Widescreen Weinstein Company,Default,EB-205667894590,"2009 DVD Blockbuster Exclusive Janky Promoters Widescreen Weinstein Company. Category: Movies & Entertainment. Sold by OnlineRecycle — tested, described accurately. Local pickup available in Central Florida or ships with tracking.",5.00,USD,Movies & Entertainment,TRUE,TRUE,TRUE,1
,Elvis Costello The Very Best of Elvis Costello cd Only No Booklet,Default,EB-205667896987,"Elvis Costello The Very Best of Elvis Costello cd Only No Booklet. Category: Music & Audio. Sold by OnlineRecycle — tested, described accurately. Local pickup available in Central Florida or ships with tracking.",5.00,USD,Music & Audio,TRUE,TRUE,TRUE,1
,The Escape Club - $ Dollars And Sex (1991 CD) Only No Booklet,Default,EB-205667901838,"The Escape Club - $ Dollars And Sex (1991 CD) Only No Booklet. Category: Music & Audio. Sold by OnlineRecycle — tested, described accurately. Local pickup available in Central Florida or ships with tracking.",5.00,USD,Music & Audio,TRUE,TRUE,TRUE,1
,Josh Gracin Music CD 2004 No Booklet,Default,EB-205667903870,"Josh Gracin Music CD 2004 No Booklet. Category: Music & Audio. Sold by OnlineRecycle — tested, described accurately. Local pickup available in Central Florida or ships with tracking.",5.00,USD,Music & Audio,TRUE,TRUE,TRUE,1
,"Plays Live by Peter Gabriel (CD, Jun-1983, Geffen) Disc Only No Booklet",Default,EB-205667921295,"Plays Live by Peter Gabriel (CD, Jun-1983, Geffen) Disc Only No Booklet. Category: Music & Audio. Sold by OnlineRecycle — tested, described accurately. Local pickup available in Central Florida or ships with tracking.",5.00,USD,Music & Audio,TRUE,TRUE,TRUE,1
,Disco Fever - Various Artists CD Only No Booklet,Default,EB-205667922636,"Disco Fever - Various Artists CD Only No Booklet. Category: Music & Audio. Sold by OnlineRecycle — tested, described accurately. Local pickup available in Central Florida or ships with tracking.",5.00,USD,Music & Audio,TRUE,TRUE,TRUE,1
,Graceland by Paul Simon (CD Only No Booklet,Default,EB-205667923941,"Graceland by Paul Simon (CD Only No Booklet. Category: Music & Audio. Sold by OnlineRecycle — tested, described accurately. Local pickup available in Central Florida or ships with tracking.",5.00,USD,Music & Audio,TRUE,TRUE,TRUE,1
,Various Entertainment Weekly Absolutle 80's CD Only No Booklet,Default,EB-205667927534,"Various Entertainment Weekly Absolutle 80's CD Only No Booklet. Category: Music & Audio. Sold by OnlineRecycle — tested, described accurately. Local pickup available in Central Florida or ships with tracking.",5.00,USD,Music & Audio,TRUE,TRUE,TRUE,1
,CD Entertainment Absolute 80s [disc 2 Only No Booklet,Default,EB-205667929944,"CD Entertainment Absolute 80s [disc 2 Only No Booklet. Category: Music & Audio. Sold by OnlineRecycle — tested, described accurately. Local pickup available in Central Florida or ships with tracking.",5.00,USD,Music & Audio,TRUE,TRUE,TRUE,1
,Kick - INXS - Audio CD - No Booklet,Default,EB-205667985443,"Kick - INXS - Audio CD - No Booklet. Category: Music & Audio. Sold by OnlineRecycle — tested, described accurately. Local pickup available in Central Florida or ships with tracking.",5.00,USD,Music & Audio,TRUE,TRUE,TRUE,1
,Ladies & Gentlemen: The Best of George Michael - Audio CD -only No Booklet,Default,EB-205667999660,"Ladies & Gentlemen: The Best of George Michael - Audio CD -only No Booklet. Category: Music & Audio. Sold by OnlineRecycle — tested, described accurately. Local pickup available in Central Florida or ships with tracking.",5.00,USD,Music & Audio,TRUE,TRUE,TRUE,1
,Court and Spark - Audio CD By JONI MITCHELL -no Booklet,Default,EB-205668001216,"Court and Spark - Audio CD By JONI MITCHELL -no Booklet. Category: Music & Audio. Sold by OnlineRecycle — tested, described accurately. Local pickup available in Central Florida or ships with tracking.",5.00,USD,Music & Audio,TRUE,TRUE,TRUE,1
,Falco - CD - Live-Forever (1999) No Booklet,Default,EB-205668002990,"Falco - CD - Live-Forever (1999) No Booklet. Category: Music & Audio. Sold by OnlineRecycle — tested, described accurately. Local pickup available in Central Florida or ships with tracking.",5.00,USD,Music & Audio,TRUE,TRUE,TRUE,1
,"FALCO ""Wiener Blut"" (CD 1988 Only No Booklet",Default,EB-205668005696,"FALCO ""Wiener Blut"" (CD 1988 Only No Booklet. Category: Music & Audio. Sold by OnlineRecycle — tested, described accurately. Local pickup available in Central Florida or ships with tracking.",5.00,USD,Music & Audio,TRUE,TRUE,TRUE,1
,John Mellencamp - Dance Naked CD 1994 Only No Booklet,Default,EB-205668010698,"John Mellencamp - Dance Naked CD 1994 Only No Booklet. Category: Music & Audio. Sold by OnlineRecycle — tested, described accurately. Local pickup available in Central Florida or ships with tracking.",5.00,USD,Music & Audio,TRUE,TRUE,TRUE,1
,Genesis: Duke CD Only No Booklet,Default,EB-205668015289,"Genesis: Duke CD Only No Booklet. Category: Music & Audio. Sold by OnlineRecycle — tested, described accurately. Local pickup available in Central Florida or ships with tracking.",5.00,USD,Music & Audio,TRUE,TRUE,TRUE,1
,"ROCK STEADY by No Doubt (CD, 2001) No Booklet",Default,EB-205668017060,"ROCK STEADY by No Doubt (CD, 2001) No Booklet. Category: Music & Audio. Sold by OnlineRecycle — tested, described accurately. Local pickup available in Central Florida or ships with tracking.",5.00,USD,Music & Audio,TRUE,TRUE,TRUE,1
,"The Best of Sade Music CD, Epic, SONY Music Entertainment No Booklet",Default,EB-205668023726,"The Best of Sade Music CD, Epic, SONY Music Entertainment No Booklet. Category: Music & Audio. Sold by OnlineRecycle — tested, described accurately. Local pickup available in Central Florida or ships with tracking.",5.00,USD,Music & Audio,TRUE,TRUE,TRUE,1
,Styx – Greatest Hits CD 1995 A&M Records Classic Rock Album Tested No Booklet,Default,EB-205668029659,"Styx – Greatest Hits CD 1995 A&M Records Classic Rock Album Tested No Booklet. Category: Music & Audio. Sold by OnlineRecycle — tested, described accurately. Local pickup available in Central Florida or ships with tracking.",5.00,USD,Music & Audio,TRUE,TRUE,TRUE,1
,DON HENLEY - Inside Job CD DISK ONLY No Booklet,Default,EB-205668106773,"DON HENLEY - Inside Job CD DISK ONLY No Booklet. Category: Music & Audio. Sold by OnlineRecycle — tested, described accurately. Local pickup available in Central Florida or ships with tracking.",5.00,USD,Music & Audio,TRUE,TRUE,TRUE,1
,So - Peter Gabriel - audio cd - Very Good No Booklet,Default,EB-205668149898,"So - Peter Gabriel - audio cd - Very Good No Booklet. Category: Music & Audio. Sold by OnlineRecycle — tested, described accurately. Local pickup available in Central Florida or ships with tracking.",5.00,USD,Music & Audio,TRUE,TRUE,TRUE,1
,I Want My '80s Disc3 Only No Booklet,Default,EB-205668198116,"I Want My '80s Disc3 Only No Booklet. Category: Music & Audio. Sold by OnlineRecycle — tested, described accurately. Local pickup available in Central Florida or ships with tracking.",5.00,USD,Music & Audio,TRUE,TRUE,TRUE,1
,I Want My '80s Disc 2 Only No Booklet,Default,EB-205668201595,"I Want My '80s Disc 2 Only No Booklet. Category: Music & Audio. Sold by OnlineRecycle — tested, described accurately. Local pickup available in Central Florida or ships with tracking.",5.00,USD,Music & Audio,TRUE,TRUE,TRUE,1
,"Miracles: The Holiday Album by Kenny G (CD, 2010)Only No Booklet",Default,EB-205668203125,"Miracles: The Holiday Album by Kenny G (CD, 2010)Only No Booklet. Category: Music & Audio. Sold by OnlineRecycle — tested, described accurately. Local pickup available in Central Florida or ships with tracking.",5.00,USD,Music & Audio,TRUE,TRUE,TRUE,1
,"Simply The Best by Tina Turner (CD,Only No Booklet",Default,EB-205668205370,"Simply The Best by Tina Turner (CD,Only No Booklet. Category: Music & Audio. Sold by OnlineRecycle — tested, described accurately. Local pickup available in Central Florida or ships with tracking.",5.00,USD,Music & Audio,TRUE,TRUE,TRUE,1
,"Goodbye Yellow Brick Road by Elton John (CD, 1996) No Booklet",Default,EB-205668208792,"Goodbye Yellow Brick Road by Elton John (CD, 1996) No Booklet. Category: Music & Audio. Sold by OnlineRecycle — tested, described accurately. Local pickup available in Central Florida or ships with tracking.",5.00,USD,Music & Audio,TRUE,TRUE,TRUE,1
,changes bowie cd Only No Booklet,Default,EB-205668266620,"changes bowie cd Only No Booklet. Category: Music & Audio. Sold by OnlineRecycle — tested, described accurately. Local pickup available in Central Florida or ships with tracking.",5.00,USD,Music & Audio,TRUE,TRUE,TRUE,1
,Vtg CD JAMES BOND Back in Action Only No Booklet,Default,EB-205668269239,"Vtg CD JAMES BOND Back in Action Only No Booklet. Category: Music & Audio. Sold by OnlineRecycle — tested, described accurately. Local pickup available in Central Florida or ships with tracking.",5.00,USD,Music & Audio,TRUE,TRUE,TRUE,1
,"Crash by Dave Matthews Band (CD, 1996) Only No Booklet",Default,EB-205668271022,"Crash by Dave Matthews Band (CD, 1996) Only No Booklet. Category: Music & Audio. Sold by OnlineRecycle — tested, described accurately. Local pickup available in Central Florida or ships with tracking.",5.00,USD,Music & Audio,TRUE,TRUE,TRUE,1
,"Greatest Hits by Molly Hatchet (CD, Nov-1990, no Booklet",Default,EB-205668273624,"Greatest Hits by Molly Hatchet (CD, Nov-1990, no Booklet. Category: Music & Audio. Sold by OnlineRecycle — tested, described accurately. Local pickup available in Central Florida or ships with tracking.",5.00,USD,Music & Audio,TRUE,TRUE,TRUE,1
,"RUSH - Presto (CD, Nov-1989, Atlantic) No Booklet",Default,EB-205668274558,"RUSH - Presto (CD, Nov-1989, Atlantic) No Booklet. Category: Music & Audio. Sold by OnlineRecycle — tested, described accurately. Local pickup available in Central Florida or ships with tracking.",5.00,USD,Music & Audio,TRUE,TRUE,TRUE,1
,Rush test For Echo CD Disc Only No Booklet,Default,EB-205668275468,"Rush test For Echo CD Disc Only No Booklet. Category: Music & Audio. Sold by OnlineRecycle — tested, described accurately. Local pickup available in Central Florida or ships with tracking.",5.00,USD,Music & Audio,TRUE,TRUE,TRUE,1
,Tracy Lawrence - For The Love (2007 CD) - Very Nice! No Booklet,Default,EB-205668280155,"Tracy Lawrence - For The Love (2007 CD) - Very Nice! No Booklet. Category: Music & Audio. Sold by OnlineRecycle — tested, described accurately. Local pickup available in Central Florida or ships with tracking.",5.00,USD,Music & Audio,TRUE,TRUE,TRUE,1
,Dave Matthews Band Stand Up CD Disc Only no Booklet,Default,EB-205668293474,"Dave Matthews Band Stand Up CD Disc Only no Booklet. Category: Music & Audio. Sold by OnlineRecycle — tested, described accurately. Local pickup available in Central Florida or ships with tracking.",5.00,USD,Music & Audio,TRUE,TRUE,TRUE,1
,Fruitcakes - Jimmy Buffett CD Disc Only No Booklet,Default,EB-205668305404,"Fruitcakes - Jimmy Buffett CD Disc Only No Booklet. Category: Music & Audio. Sold by OnlineRecycle — tested, described accurately. Local pickup available in Central Florida or ships with tracking.",5.00,USD,Music & Audio,TRUE,TRUE,TRUE,1
,"Banana Wind by Jimmy Buffett (CD, 1996) DISC ONLY! No Booklet",Default,EB-205668307983,"Banana Wind by Jimmy Buffett (CD, 1996) DISC ONLY! No Booklet. Category: Music & Audio. Sold by OnlineRecycle — tested, described accurately. Local pickup available in Central Florida or ships with tracking.",5.00,USD,Music & Audio,TRUE,TRUE,TRUE,1
,Great American Summer Fun with Jimmy Buffett (CD) No Booklet,Default,EB-205668325176,"Great American Summer Fun with Jimmy Buffett (CD) No Booklet. Category: Music & Audio. Sold by OnlineRecycle — tested, described accurately. Local pickup available in Central Florida or ships with tracking.",5.00,USD,Music & Audio,TRUE,TRUE,TRUE,1
,reo speedwagon - hi infidelity cd disc only No Booklet,Default,EB-205668327924,"reo speedwagon - hi infidelity cd disc only No Booklet. Category: Music & Audio. Sold by OnlineRecycle — tested, described accurately. Local pickup available in Central Florida or ships with tracking.",5.00,USD,Music & Audio,TRUE,TRUE,TRUE,1
,Sixpence None The Richer CD Only No Booklet,Default,EB-205668330203,"Sixpence None The Richer CD Only No Booklet. Category: Music & Audio. Sold by OnlineRecycle — tested, described accurately. Local pickup available in Central Florida or ships with tracking.",5.00,USD,Music & Audio,TRUE,TRUE,TRUE,1
,"Cornerstone by Styx (CD, 1979) Only No Booklet",Default,EB-205668333480,"Cornerstone by Styx (CD, 1979) Only No Booklet. Category: Music & Audio. Sold by OnlineRecycle — tested, described accurately. Local pickup available in Central Florida or ships with tracking.",5.00,USD,Music & Audio,TRUE,TRUE,TRUE,1
,Supernatural Santana cd Only No Booklet,Default,EB-205668334290,"Supernatural Santana cd Only No Booklet. Category: Music & Audio. Sold by OnlineRecycle — tested, described accurately. Local pickup available in Central Florida or ships with tracking.",5.00,USD,Music & Audio,TRUE,TRUE,TRUE,1
,"Jimmy Buffet : Ballads CD( MCA, 1992, Compilation - CD Only No Booklet",Default,EB-205668336412,"Jimmy Buffet : Ballads CD( MCA, 1992, Compilation - CD Only No Booklet. Category: Music & Audio. Sold by OnlineRecycle — tested, described accurately. Local pickup available in Central Florida or ships with tracking.",5.00,USD,Music & Audio,TRUE,TRUE,TRUE,1
,FALCO - Junge Roemer - CD only No Booklet,Default,EB-205668343998,"FALCO - Junge Roemer - CD only No Booklet. Category: Music & Audio. Sold by OnlineRecycle — tested, described accurately. Local pickup available in Central Florida or ships with tracking.",5.00,USD,Music & Audio,TRUE,TRUE,TRUE,1
,Cd Only No Booklet,Default,EB-205668353342,"Cd Only No Booklet. Category: Music & Audio. Sold by OnlineRecycle — tested, described accurately. Local pickup available in Central Florida or ships with tracking.",5.00,USD,Music & Audio,TRUE,TRUE,TRUE,1
,BON JOVI - BOUNCE CD Only. No Booklet,Default,EB-205668353920,"BON JOVI - BOUNCE CD Only. No Booklet. Category: Music & Audio. Sold by OnlineRecycle — tested, described accurately. Local pickup available in Central Florida or ships with tracking.",5.00,USD,Music & Audio,TRUE,TRUE,TRUE,1
,Ladies & Gentlemen: The Best of George Michael - Audio CD -only No Booklet,Default,EB-205668354771,"Ladies & Gentlemen: The Best of George Michael - Audio CD -only No Booklet. Category: Music & Audio. Sold by OnlineRecycle — tested, described accurately. Local pickup available in Central Florida or ships with tracking.",5.00,USD,Music & Audio,TRUE,TRUE,TRUE,1
,Get Born CD Only No Booklet,Default,EB-205668355839,"Get Born CD Only No Booklet. Category: Music & Audio. Sold by OnlineRecycle — tested, described accurately. Local pickup available in Central Florida or ships with tracking.",5.00,USD,Music & Audio,TRUE,TRUE,TRUE,1
,Chicago - Greatest Hits CD Only No Booklet,Default,EB-205668356937,"Chicago - Greatest Hits CD Only No Booklet. Category: Music & Audio. Sold by OnlineRecycle — tested, described accurately. Local pickup available in Central Florida or ships with tracking.",5.00,USD,Music & Audio,TRUE,TRUE,TRUE,1
,City Of Angels: Music From The Motion Picture CD Only No Booklet,Default,EB-205668358501,"City Of Angels: Music From The Motion Picture CD Only No Booklet. Category: Music & Audio. Sold by OnlineRecycle — tested, described accurately. Local pickup available in Central Florida or ships with tracking.",5.00,USD,Music & Audio,TRUE,TRUE,TRUE,1
,DON HENLEY THE END OF THE INNOCENCE CD COMPACT DISC Only No Booklet,Default,EB-205668359785,"DON HENLEY THE END OF THE INNOCENCE CD COMPACT DISC Only No Booklet. Category: Music & Audio. Sold by OnlineRecycle — tested, described accurately. Local pickup available in Central Florida or ships with tracking.",5.00,USD,Music & Audio,TRUE,TRUE,TRUE,1
,Joe Diffie - Greatest Hits (CD) Only No Booklet,Default,EB-205668363637,"Joe Diffie - Greatest Hits (CD) Only No Booklet. Category: Music & Audio. Sold by OnlineRecycle — tested, described accurately. Local pickup available in Central Florida or ships with tracking.",5.00,USD,Music & Audio,TRUE,TRUE,TRUE,1
,APRIL WINE - The Nature Of The Beast (1991) - Compact Disc CD Only No Booklet,Default,EB-205668368218,"APRIL WINE - The Nature Of The Beast (1991) - Compact Disc CD Only No Booklet. Category: Music & Audio. Sold by OnlineRecycle — tested, described accurately. Local pickup available in Central Florida or ships with tracking.",5.00,USD,Music & Audio,TRUE,TRUE,TRUE,1
,"Tim McGraw and the Dancehall Doctors (CD, 2002) **DISK ONLY** No Booklet",Default,EB-205668369874,"Tim McGraw and the Dancehall Doctors (CD, 2002) **DISK ONLY** No Booklet. Category: Music & Audio. Sold by OnlineRecycle — tested, described accurately. Local pickup available in Central Florida or ships with tracking.",5.00,USD,Music & Audio,TRUE,TRUE,TRUE,1
,Cd Only No Booklet Disc 2,Default,EB-205668370986,"Cd Only No Booklet Disc 2. Category: Music & Audio. Sold by OnlineRecycle — tested, described accurately. Local pickup available in Central Florida or ships with tracking.",5.00,USD,Music & Audio,TRUE,TRUE,TRUE,1
,Paul McCartney - All The Best (CD) only No Booklet,Default,EB-205668372353,"Paul McCartney - All The Best (CD) only No Booklet. Category: Music & Audio. Sold by OnlineRecycle — tested, described accurately. Local pickup available in Central Florida or ships with tracking.",5.00,USD,Music & Audio,TRUE,TRUE,TRUE,1
,The Best Of Culture Club (CD Only No Booklet,Default,EB-205668373674,"The Best Of Culture Club (CD Only No Booklet. Category: Music & Audio. Sold by OnlineRecycle — tested, described accurately. Local pickup available in Central Florida or ships with tracking.",5.00,USD,Music & Audio,TRUE,TRUE,TRUE,1
,Songs You Know by Heart : Jimmy Buffett's Greatest Hit(s) CD Only No Booklet,Default,EB-205668375214,"Songs You Know by Heart : Jimmy Buffett's Greatest Hit(s) CD Only No Booklet. Category: Music & Audio. Sold by OnlineRecycle — tested, described accurately. Local pickup available in Central Florida or ships with tracking.",5.00,USD,Music & Audio,TRUE,TRUE,TRUE,1
,Sheryl Crow Tuesday Night Music Club CD No Booklet,Default,EB-205668377816,"Sheryl Crow Tuesday Night Music Club CD No Booklet. Category: Music & Audio. Sold by OnlineRecycle — tested, described accurately. Local pickup available in Central Florida or ships with tracking.",5.00,USD,Music & Audio,TRUE,TRUE,TRUE,1
,Rush Moving Pictures (CD) Only No Booklet,Default,EB-205668484857,"Rush Moving Pictures (CD) Only No Booklet. Category: Music & Audio. Sold by OnlineRecycle — tested, described accurately. Local pickup available in Central Florida or ships with tracking.",5.00,USD,Music & Audio,TRUE,TRUE,TRUE,1
,FALCO - DATA DE GROOVE CD Only No Booklet,Default,EB-205668486701,"FALCO - DATA DE GROOVE CD Only No Booklet. Category: Music & Audio. Sold by OnlineRecycle — tested, described accurately. Local pickup available in Central Florida or ships with tracking.",5.00,USD,Music & Audio,TRUE,TRUE,TRUE,1
,The Cars Self Titled Compact Disc Only No Booklet,Default,EB-205668487994,"The Cars Self Titled Compact Disc Only No Booklet. Category: Music & Audio. Sold by OnlineRecycle — tested, described accurately. Local pickup available in Central Florida or ships with tracking.",5.00,USD,Music & Audio,TRUE,TRUE,TRUE,1
,MUSIC *CD DISC ONLY No Booklet,Default,EB-205668489647,"MUSIC *CD DISC ONLY No Booklet. Category: Music & Audio. Sold by OnlineRecycle — tested, described accurately. Local pickup available in Central Florida or ships with tracking.",5.00,USD,Music & Audio,TRUE,TRUE,TRUE,1
,The Cars - disc 2 Only No Booklet,Default,EB-205668490511,"The Cars - disc 2 Only No Booklet. Category: Music & Audio. Sold by OnlineRecycle — tested, described accurately. Local pickup available in Central Florida or ships with tracking.",5.00,USD,Music & Audio,TRUE,TRUE,TRUE,1
,Chronicles - Disc One Only No Booklet,Default,EB-205668495403,"Chronicles - Disc One Only No Booklet. Category: Music & Audio. Sold by OnlineRecycle — tested, described accurately. Local pickup available in Central Florida or ships with tracking.",5.00,USD,Music & Audio,TRUE,TRUE,TRUE,1
,Bob Dylan: The 30th Anniversary Concert (Disc One Only No Booklet,Default,EB-205668500838,"Bob Dylan: The 30th Anniversary Concert (Disc One Only No Booklet. Category: Music & Audio. Sold by OnlineRecycle — tested, described accurately. Local pickup available in Central Florida or ships with tracking.",5.00,USD,Music & Audio,TRUE,TRUE,TRUE,1
,Natalie Merchant - Ophelia CD Only No Booklet,Default,EB-205668504584,"Natalie Merchant - Ophelia CD Only No Booklet. Category: Music & Audio. Sold by OnlineRecycle — tested, described accurately. Local pickup available in Central Florida or ships with tracking.",5.00,USD,Music & Audio,TRUE,TRUE,TRUE,1
,Marc Avsec Planet Christmas CD - DISC ONLY No Booklet,Default,EB-205668508542,"Marc Avsec Planet Christmas CD - DISC ONLY No Booklet. Category: Music & Audio. Sold by OnlineRecycle — tested, described accurately. Local pickup available in Central Florida or ships with tracking.",5.00,USD,Music & Audio,TRUE,TRUE,TRUE,1
,Disc Fever Razor & Tie. Disc #2. Disc Only. No Booklet,Default,EB-205668511185,"Disc Fever Razor & Tie. Disc #2. Disc Only. No Booklet. Category: General Merchandise. Sold by OnlineRecycle — tested, described accurately. Local pickup available in Central Florida or ships with tracking.",5.00,USD,General Merchandise,TRUE,TRUE,TRUE,1
,Black Sabbath – Reunion Second Disc Only No Booklet,Default,EB-205668513515,"Black Sabbath – Reunion Second Disc Only No Booklet. Category: Music & Audio. Sold by OnlineRecycle — tested, described accurately. Local pickup available in Central Florida or ships with tracking.",5.00,USD,Music & Audio,TRUE,TRUE,TRUE,1
,PM Dawn - CD - Dearest christian.. (1998) No Booklet,Default,EB-205672141204,"PM Dawn - CD - Dearest christian.. (1998) No Booklet. Category: Music & Audio. Sold by OnlineRecycle — tested, described accurately. Local pickup available in Central Florida or ships with tracking.",5.00,USD,Music & Audio,TRUE,TRUE,TRUE,1
,Reba McEntire : Greatest Hits 2 [us Import] CD (2002) No Booklet,Default,EB-205672142098,"Reba McEntire : Greatest Hits 2 [us Import] CD (2002) No Booklet. Category: Music & Audio. Sold by OnlineRecycle — tested, described accurately. Local pickup available in Central Florida or ships with tracking.",5.00,USD,Music & Audio,TRUE,TRUE,TRUE,1
,Uh Huh (Remastered) No Booklet,Default,EB-205672145143,"Uh Huh (Remastered) No Booklet. Category: Music & Audio. Sold by OnlineRecycle — tested, described accurately. Local pickup available in Central Florida or ships with tracking.",5.00,USD,Music & Audio,TRUE,TRUE,TRUE,1
,Hootie & The Blowfish - Fairweather Johnson Music CD No Booklet,Default,EB-205672148858,"Hootie & The Blowfish - Fairweather Johnson Music CD No Booklet. Category: Music & Audio. Sold by OnlineRecycle — tested, described accurately. Local pickup available in Central Florida or ships with tracking.",5.00,USD,Music & Audio,TRUE,TRUE,TRUE,1
,The Pragmatic Live At Froggerd CD Only No Booklet,Default,EB-205672160145,"The Pragmatic Live At Froggerd CD Only No Booklet. Category: Music & Audio. Sold by OnlineRecycle — tested, described accurately. Local pickup available in Central Florida or ships with tracking.",5.00,USD,Music & Audio,TRUE,TRUE,TRUE,1
,ULTIMATE CHRISTMAS COLLECTION VOL 1: CLASSIC FM CD CD Only No Booklet,Default,EB-205672163789,"ULTIMATE CHRISTMAS COLLECTION VOL 1: CLASSIC FM CD CD Only No Booklet. Category: Music & Audio. Sold by OnlineRecycle — tested, described accurately. Local pickup available in Central Florida or ships with tracking.",5.00,USD,Music & Audio,TRUE,TRUE,TRUE,1
,"Bon Jovi - Have a Nice Day (CD, 2005) - Pre-Owned - Like New",Default,EB-205672164951,"Bon Jovi - Have a Nice Day (CD, 2005) - Pre-Owned - Like New. Category: Music & Audio. Sold by OnlineRecycle — tested, described accurately. Local pickup available in Central Florida or ships with tracking.",5.00,USD,Music & Audio,TRUE,TRUE,TRUE,1
,Relaxing Sounds of Nature: Sampler cd Only No Booket,Default,EB-205672167515,"Relaxing Sounds of Nature: Sampler cd Only No Booket. Category: Music & Audio. Sold by OnlineRecycle — tested, described accurately. Local pickup available in Central Florida or ships with tracking.",5.00,USD,Music & Audio,TRUE,TRUE,TRUE,1
,"ELTON JOHN - MADE IN ENGLAND (CD, 1995, Rocket) 12 26915 CD Only No Booklet",Default,EB-205672169416,"ELTON JOHN - MADE IN ENGLAND (CD, 1995, Rocket) 12 26915 CD Only No Booklet. Category: Music & Audio. Sold by OnlineRecycle — tested, described accurately. Local pickup available in Central Florida or ships with tracking.",5.00,USD,Music & Audio,TRUE,TRUE,TRUE,1
,Music CD Only No Booklet,Default,EB-205672176540,"Music CD Only No Booklet. Category: Music & Audio. Sold by OnlineRecycle — tested, described accurately. Local pickup available in Central Florida or ships with tracking.",5.00,USD,Music & Audio,TRUE,TRUE,TRUE,1
,"Musical Chairs by Hootie & the Blowfish (CD, 1998)No Booklet CD Only",Default,EB-205672180550,"Musical Chairs by Hootie & the Blowfish (CD, 1998)No Booklet CD Only. Category: Music & Audio. Sold by OnlineRecycle — tested, described accurately. Local pickup available in Central Florida or ships with tracking.",5.00,USD,Music & Audio,TRUE,TRUE,TRUE,1
,"Shoe Box EP [ENHANCED] [CD] Barenaked Ladies [*READ*, VERY GOOD] No Booklet",Default,EB-205672182839,"Shoe Box EP [ENHANCED] [CD] Barenaked Ladies [*READ*, VERY GOOD] No Booklet. Category: Music & Audio. Sold by OnlineRecycle — tested, described accurately. Local pickup available in Central Florida or ships with tracking.",5.00,USD,Music & Audio,TRUE,TRUE,TRUE,1
,INCIPIO Dualpro Classic Black Phone Case for Samsung Galaxy A10e,Default,EB-205672226311,"INCIPIO Dualpro Classic Black Phone Case for Samsung Galaxy A10e. Category: Computer Parts. Sold by OnlineRecycle — tested, described accurately. Local pickup available in Central Florida or ships with tracking.",5.00,USD,Computer Parts,TRUE,TRUE,TRUE,1
,iPhone 12/12 Pro Phone Case with 2 x Screen Protectors,Default,EB-205672231273,"iPhone 12/12 Pro Phone Case with 2 x Screen Protectors. Category: Computer Parts. Sold by OnlineRecycle — tested, described accurately. Local pickup available in Central Florida or ships with tracking.",5.00,USD,Computer Parts,TRUE,TRUE,TRUE,1
,For Samsung Galaxy S20 FE Case Phone Shockproof Cover,Default,EB-205672234240,"For Samsung Galaxy S20 FE Case Phone Shockproof Cover. Category: Computer Parts. Sold by OnlineRecycle — tested, described accurately. Local pickup available in Central Florida or ships with tracking.",5.00,USD,Computer Parts,TRUE,TRUE,TRUE,1
,For Samsung Galaxy S20 Phone Case An Shockproof An Fingerprint,Default,EB-205672235300,"For Samsung Galaxy S20 Phone Case An Shockproof An Fingerprint. Category: Computer Parts. Sold by OnlineRecycle — tested, described accurately. Local pickup available in Central Florida or ships with tracking.",5.00,USD,Computer Parts,TRUE,TRUE,TRUE,1
,"Jimmy Buffet : Ballads CD( MCA, 1992, Compilation cdonly No Booklet",Default,EB-205672235637,"Jimmy Buffet : Ballads CD( MCA, 1992, Compilation cdonly No Booklet. Category: Music & Audio. Sold by OnlineRecycle — tested, described accurately. Local pickup available in Central Florida or ships with tracking.",5.00,USD,Music & Audio,TRUE,TRUE,TRUE,1
,Styx – Greatest Hits CD 1995 A&M Records Classic Rock Album Tested No Booklet,Default,EB-205672235835,"Styx – Greatest Hits CD 1995 A&M Records Classic Rock Album Tested No Booklet. Category: Music & Audio. Sold by OnlineRecycle — tested, described accurately. Local pickup available in Central Florida or ships with tracking.",5.00,USD,Music & Audio,TRUE,TRUE,TRUE,1
,For iPhone 12 Pro Max XS XR X SE 8 7 Silicone Case Camera Lens Cover,Default,EB-205672237308,"For iPhone 12 Pro Max XS XR X SE 8 7 Silicone Case Camera Lens Cover. Category: Computer Parts. Sold by OnlineRecycle — tested, described accurately. Local pickup available in Central Florida or ships with tracking.",5.00,USD,Computer Parts,TRUE,TRUE,TRUE,1
,For Samsung Galaxy S21 Phone Case,Default,EB-205672247290,"For Samsung Galaxy S21 Phone Case. Category: General Merchandise. Sold by OnlineRecycle — tested, described accurately. Local pickup available in Central Florida or ships with tracking.",5.00,USD,General Merchandise,TRUE,TRUE,TRUE,1
,Incipio DualPro Classic iPhone 12 Pro Mini Clear Case - 10ft Drop Tested -,Default,EB-205672249446,"Incipio DualPro Classic iPhone 12 Pro Mini Clear Case - 10ft Drop Tested -. Category: Computer Parts. Sold by OnlineRecycle — tested, described accurately. Local pickup available in Central Florida or ships with tracking.",5.00,USD,Computer Parts,TRUE,TRUE,TRUE,1
,Incipio DualPro Classic iPhone 12 Pro Mini Case - 10ft Drop Tested - Clear,Default,EB-205672252504,"Incipio DualPro Classic iPhone 12 Pro Mini Case - 10ft Drop Tested - Clear. Category: Computer Parts. Sold by OnlineRecycle — tested, described accurately. Local pickup available in Central Florida or ships with tracking.",5.00,USD,Computer Parts,TRUE,TRUE,TRUE,1
,Spidercase Clear Case for iPhone 12 Pro Max / 13 Pro Max 6.7” Shockproof,Default,EB-205672253456,"Spidercase Clear Case for iPhone 12 Pro Max / 13 Pro Max 6.7” Shockproof. Category: Computer Parts. Sold by OnlineRecycle — tested, described accurately. Local pickup available in Central Florida or ships with tracking.",5.00,USD,Computer Parts,TRUE,TRUE,TRUE,1
,Leyi Galaxy S10 5G Black/,Default,EB-205672253961,"Leyi Galaxy S10 5G Black/. Category: Computer Parts. Sold by OnlineRecycle — tested, described accurately. Local pickup available in Central Florida or ships with tracking.",5.00,USD,Computer Parts,TRUE,TRUE,TRUE,1
,Meritcase Galaxy S20 Ultra Waterproof Case,Default,EB-205672255882,"Meritcase Galaxy S20 Ultra Waterproof Case. Category: Computer Parts. Sold by OnlineRecycle — tested, described accurately. Local pickup available in Central Florida or ships with tracking.",5.00,USD,Computer Parts,TRUE,TRUE,TRUE,1
,"Incipio - DualPro Classic Dual Layer Phone Case for iPhone 2020 5.4"" Black - New",Default,EB-205672256361,"Incipio - DualPro Classic Dual Layer Phone Case for iPhone 2020 5.4"" Black - New. Category: Computer Parts. Sold by OnlineRecycle — tested, described accurately. Local pickup available in Central Florida or ships with tracking.",5.00,USD,Computer Parts,TRUE,TRUE,TRUE,1
,PROTECT ONN IPHONE 12 PRO MAX CASE Rainbow Metallic Ridges,Default,EB-205672261873,"PROTECT ONN IPHONE 12 PRO MAX CASE Rainbow Metallic Ridges. Category: Computer Parts. Sold by OnlineRecycle — tested, described accurately. Local pickup available in Central Florida or ships with tracking.",5.00,USD,Computer Parts,TRUE,TRUE,TRUE,1
,iPhone 13 Pro Max shockridge Interior Pattern,Default,EB-205672266873,"iPhone 13 Pro Max shockridge Interior Pattern. Category: Computer Parts. Sold by OnlineRecycle — tested, described accurately. Local pickup available in Central Florida or ships with tracking.",5.00,USD,Computer Parts,TRUE,TRUE,TRUE,1
,Protect Onn. Silicone Case for iPhone 11Pro Max / BRAND NEW -,Default,EB-205672269217,"Protect Onn. Silicone Case for iPhone 11Pro Max / BRAND NEW -. Category: Computer Parts. Sold by OnlineRecycle — tested, described accurately. Local pickup available in Central Florida or ships with tracking.",5.00,USD,Computer Parts,TRUE,TRUE,TRUE,1
,"onn Phone Case for iPhone 2021 (Pro 6.1"" Screen) 3 Camera - Rainbow NEW",Default,EB-205672270112,"onn Phone Case for iPhone 2021 (Pro 6.1"" Screen) 3 Camera - Rainbow NEW. Category: Computer Parts. Sold by OnlineRecycle — tested, described accurately. Local pickup available in Central Florida or ships with tracking.",5.00,USD,Computer Parts,TRUE,TRUE,TRUE,1
,Mkeke Black iPhone 12 Case 6.1 Inch NEW,Default,EB-205672271489,"Mkeke Black iPhone 12 Case 6.1 Inch NEW. Category: Computer Parts. Sold by OnlineRecycle — tested, described accurately. Local pickup available in Central Florida or ships with tracking.",6.00,USD,Computer Parts,TRUE,TRUE,TRUE,1
,PROTECT ONN IPHONE 12 PRO MAX CASE Rainbow Metallic Ridges,Default,EB-205672273074,"PROTECT ONN IPHONE 12 PRO MAX CASE Rainbow Metallic Ridges. Category: Computer Parts. Sold by OnlineRecycle — tested, described accurately. Local pickup available in Central Florida or ships with tracking.",7.00,USD,Computer Parts,TRUE,TRUE,TRUE,1
,protect Onn iphone 2021 13 Pro Max 6.7” case apple,Default,EB-205672273402,"protect Onn iphone 2021 13 Pro Max 6.7” case apple. Category: Computer Parts. Sold by OnlineRecycle — tested, described accurately. Local pickup available in Central Florida or ships with tracking.",7.00,USD,Computer Parts,TRUE,TRUE,TRUE,1
,onn. Phone Case for iPhone 12 / iPhone 12 Pro -red Glitter Fleck,Default,EB-205672274128,"onn. Phone Case for iPhone 12 / iPhone 12 Pro -red Glitter Fleck. Category: Computer Parts. Sold by OnlineRecycle — tested, described accurately. Local pickup available in Central Florida or ships with tracking.",8.00,USD,Computer Parts,TRUE,TRUE,TRUE,1
,"onn Phone Case for iPhone 2021 (Pro 6.1"" Screen) 3 Camera - Rainbow NEW",Default,EB-205672274725,"onn Phone Case for iPhone 2021 (Pro 6.1"" Screen) 3 Camera - Rainbow NEW. Category: Computer Parts. Sold by OnlineRecycle — tested, described accurately. Local pickup available in Central Florida or ships with tracking.",6.00,USD,Computer Parts,TRUE,TRUE,TRUE,1
,New Incipio Samsung Galaxy A10e,Default,EB-205672276227,"New Incipio Samsung Galaxy A10e. Category: Computer Parts. Sold by OnlineRecycle — tested, described accurately. Local pickup available in Central Florida or ships with tracking.",6.00,USD,Computer Parts,TRUE,TRUE,TRUE,1
,Samsung Galaxy S10 Case Black An Clear,Default,EB-205672277435,"Samsung Galaxy S10 Case Black An Clear. Category: Computer Parts. Sold by OnlineRecycle — tested, described accurately. Local pickup available in Central Florida or ships with tracking.",7.00,USD,Computer Parts,TRUE,TRUE,TRUE,1
,Samsung Galaxy S22 Ultra 5G 6.9 inch (: Dirt -Shock Proof: Military Std,Default,EB-205672283118,"Samsung Galaxy S22 Ultra 5G 6.9 inch (: Dirt -Shock Proof: Military Std. Category: Computer Parts. Sold by OnlineRecycle — tested, described accurately. Local pickup available in Central Florida or ships with tracking.",8.00,USD,Computer Parts,TRUE,TRUE,TRUE,1
,For Samsung Galaxy S10 6.4 Inch,Default,EB-205672287965,"For Samsung Galaxy S10 6.4 Inch. Category: Computer Parts. Sold by OnlineRecycle — tested, described accurately. Local pickup available in Central Florida or ships with tracking.",8.00,USD,Computer Parts,TRUE,TRUE,TRUE,1
,Samsung Galaxy S22 Ultra 5G 6.8 inch ( Dirt -Shock Proof: Military Std,Default,EB-205672289065,"Samsung Galaxy S22 Ultra 5G 6.8 inch ( Dirt -Shock Proof: Military Std. Category: Computer Parts. Sold by OnlineRecycle — tested, described accurately. Local pickup available in Central Florida or ships with tracking.",8.00,USD,Computer Parts,TRUE,TRUE,TRUE,1
,Samsung Galaxy S20 6.2 Inch Black An Clear,Default,EB-205672290546,"Samsung Galaxy S20 6.2 Inch Black An Clear. Category: Computer Parts. Sold by OnlineRecycle — tested, described accurately. Local pickup available in Central Florida or ships with tracking.",5.00,USD,Computer Parts,TRUE,TRUE,TRUE,1
,18 Til I Die,Default,EB-205673664820,"18 Til I Die. Category: Music & Audio. Sold by OnlineRecycle — tested, described accurately. Local pickup available in Central Florida or ships with tracking.",5.00,USD,Music & Audio,TRUE,TRUE,TRUE,1
,KISS You Wanted The Best You Got The Best CD Only No Booklet,Default,EB-205673668592,"KISS You Wanted The Best You Got The Best CD Only No Booklet. Category: Music & Audio. Sold by OnlineRecycle — tested, described accurately. Local pickup available in Central Florida or ships with tracking.",5.00,USD,Music & Audio,TRUE,TRUE,TRUE,1
,"Very Best of the Platters by Platters (CD, 1991 No Booklet Only Cd)",Default,EB-205673669654,"Very Best of the Platters by Platters (CD, 1991 No Booklet Only Cd). Category: Music & Audio. Sold by OnlineRecycle — tested, described accurately. Local pickup available in Central Florida or ships with tracking.",5.00,USD,Music & Audio,TRUE,TRUE,TRUE,1
,"Sting ‎– Fields Of Gold: The Best Of Sting 1984 - 1994 CD ONLY, NO BOOKLET COVER",Default,EB-205673670574,"Sting ‎– Fields Of Gold: The Best Of Sting 1984 - 1994 CD ONLY, NO BOOKLET COVER. Category: Music & Audio. Sold by OnlineRecycle — tested, described accurately. Local pickup available in Central Florida or ships with tracking.",5.00,USD,Music & Audio,TRUE,TRUE,TRUE,1
,"Songs of Love Victoria's Secret Exclusive by Sting (CD only, 2003 A&M) No. Book",Default,EB-205673671808,"Songs of Love Victoria's Secret Exclusive by Sting (CD only, 2003 A&M) No. Book. Category: Music & Audio. Sold by OnlineRecycle — tested, described accurately. Local pickup available in Central Florida or ships with tracking.",5.00,USD,Music & Audio,TRUE,TRUE,TRUE,1
,The Marshall Tucker Band - Southern Spirit No Book CD Only,Default,EB-205673672247,"The Marshall Tucker Band - Southern Spirit No Book CD Only. Category: General Merchandise. Sold by OnlineRecycle — tested, described accurately. Local pickup available in Central Florida or ships with tracking.",5.00,USD,General Merchandise,TRUE,TRUE,TRUE,1
,Queen - Classic Queen - 1992 - Hollywood Records - CD Disc only No Booklet,Default,EB-205673673051,"Queen - Classic Queen - 1992 - Hollywood Records - CD Disc only No Booklet. Category: Music & Audio. Sold by OnlineRecycle — tested, described accurately. Local pickup available in Central Florida or ships with tracking.",5.00,USD,Music & Audio,TRUE,TRUE,TRUE,1
,"Retrospective, The Best Of Suzanne Vega - Suzanne Vega Digital Audio CD 2003 A&M",Default,EB-205673673415,"Retrospective, The Best Of Suzanne Vega - Suzanne Vega Digital Audio CD 2003 A&M. Category: Music & Audio. Sold by OnlineRecycle — tested, described accurately. Local pickup available in Central Florida or ships with tracking.",5.00,USD,Music & Audio,TRUE,TRUE,TRUE,1
,Madonna Die Another Day CD Maxi Single ORIGINAL 2002 Warner 42492-2 RARE! OOP!,Default,EB-205673674596,"Madonna Die Another Day CD Maxi Single ORIGINAL 2002 Warner 42492-2 RARE! OOP!. Category: Music & Audio. Sold by OnlineRecycle — tested, described accurately. Local pickup available in Central Florida or ships with tracking.",5.00,USD,Music & Audio,TRUE,TRUE,TRUE,1
,Long Lost Friend: The Best of Dave Mason - Dave Mason - audio cd - Very Good,Default,EB-205673675162,"Long Lost Friend: The Best of Dave Mason - Dave Mason - audio cd - Very Good. Category: Music & Audio. Sold by OnlineRecycle — tested, described accurately. Local pickup available in Central Florida or ships with tracking.",5.00,USD,Music & Audio,TRUE,TRUE,TRUE,1
,Lovescape - Neil Diamond - audio cd - Like New,Default,EB-205673675828,"Lovescape - Neil Diamond - audio cd - Like New. Category: Music & Audio. Sold by OnlineRecycle — tested, described accurately. Local pickup available in Central Florida or ships with tracking.",5.00,USD,Music & Audio,TRUE,TRUE,TRUE,1
,"David Bowie ""Heroes"" (CD) Album No Book",Default,EB-205673681625,"David Bowie ""Heroes"" (CD) Album No Book. Category: Music & Audio. Sold by OnlineRecycle — tested, described accurately. Local pickup available in Central Florida or ships with tracking.",5.00,USD,Music & Audio,TRUE,TRUE,TRUE,1
,Bob Dylan - Street Legal (CD Columbia (USA)) CK 35453,Default,EB-205673683733,"Bob Dylan - Street Legal (CD Columbia (USA)) CK 35453. Category: Music & Audio. Sold by OnlineRecycle — tested, described accurately. Local pickup available in Central Florida or ships with tracking.",5.00,USD,Music & Audio,TRUE,TRUE,TRUE,1
,"Bob Dylan - Desire (CD, Oct-1985, Columbia (USA)) CK 33893",Default,EB-205673684385,"Bob Dylan - Desire (CD, Oct-1985, Columbia (USA)) CK 33893. Category: Music & Audio. Sold by OnlineRecycle — tested, described accurately. Local pickup available in Central Florida or ships with tracking.",5.00,USD,Music & Audio,TRUE,TRUE,TRUE,1
,ALEX BEVAN Springboard CD Fiddler’s Wynde 1976 Cleveland Rare CD Only No Book,Default,EB-205673748190,"ALEX BEVAN Springboard CD Fiddler’s Wynde 1976 Cleveland Rare CD Only No Book. Category: Music & Audio. Sold by OnlineRecycle — tested, described accurately. Local pickup available in Central Florida or ships with tracking.",8.00,USD,Music & Audio,TRUE,TRUE,TRUE,1
,"Santana - Greatest Hits (CD, Nov-1992, Columbia (USA)) CK 33050",Default,EB-205673750658,"Santana - Greatest Hits (CD, Nov-1992, Columbia (USA)) CK 33050. Category: Music & Audio. Sold by OnlineRecycle — tested, described accurately. Local pickup available in Central Florida or ships with tracking.",5.00,USD,Music & Audio,TRUE,TRUE,TRUE,1
,MICHAEL BEEN - On The Verge Of A Nervous Breakthrough - CD -no Book,Default,EB-205673753805,"MICHAEL BEEN - On The Verge Of A Nervous Breakthrough - CD -no Book. Category: Music & Audio. Sold by OnlineRecycle — tested, described accurately. Local pickup available in Central Florida or ships with tracking.",5.00,USD,Music & Audio,TRUE,TRUE,TRUE,1
,"If I Could Make a Living by Clay Walker (CD, Sep-1994, Giant (USA)) No Book",Default,EB-205673755061,"If I Could Make a Living by Clay Walker (CD, Sep-1994, Giant (USA)) No Book. Category: Music & Audio. Sold by OnlineRecycle — tested, described accurately. Local pickup available in Central Florida or ships with tracking.",5.00,USD,Music & Audio,TRUE,TRUE,TRUE,1
,"Antics in the Forbidden Zone by Adam Ant (CD, 1990) No Book",Default,EB-205673755983,"Antics in the Forbidden Zone by Adam Ant (CD, 1990) No Book. Category: Music & Audio. Sold by OnlineRecycle — tested, described accurately. Local pickup available in Central Florida or ships with tracking.",5.00,USD,Music & Audio,TRUE,TRUE,TRUE,1
,Garth Brooks - No Fences CD ONLY No Book,Default,EB-205673759830,"Garth Brooks - No Fences CD ONLY No Book. Category: Music & Audio. Sold by OnlineRecycle — tested, described accurately. Local pickup available in Central Florida or ships with tracking.",5.00,USD,Music & Audio,TRUE,TRUE,TRUE,1
,"Second Wind, Rundgren, Todd, Good Cd Only No Booklet",Default,EB-205673764749,"Second Wind, Rundgren, Todd, Good Cd Only No Booklet. Category: Music & Audio. Sold by OnlineRecycle — tested, described accurately. Local pickup available in Central Florida or ships with tracking.",5.00,USD,Music & Audio,TRUE,TRUE,TRUE,1
,Elvis Costello - An Overview Disc - Promo CD 1995- Ryko EXCELLENT / MINT COND,Default,EB-205673765361,"Elvis Costello - An Overview Disc - Promo CD 1995- Ryko EXCELLENT / MINT COND. Category: Music & Audio. Sold by OnlineRecycle — tested, described accurately. Local pickup available in Central Florida or ships with tracking.",5.00,USD,Music & Audio,TRUE,TRUE,TRUE,1
,Best of: Call CD No Book,Default,EB-205673766267,"Best of: Call CD No Book. Category: Music & Audio. Sold by OnlineRecycle — tested, described accurately. Local pickup available in Central Florida or ships with tracking.",5.00,USD,Music & Audio,TRUE,TRUE,TRUE,1
,The Call Reconciled CD Gently Used Hard Rock and Metal Only No Book,Default,EB-205673769335,"The Call Reconciled CD Gently Used Hard Rock and Metal Only No Book. Category: Music & Audio. Sold by OnlineRecycle — tested, described accurately. Local pickup available in Central Florida or ships with tracking.",5.00,USD,Music & Audio,TRUE,TRUE,TRUE,1
,Coming Up For Air [ECD] - Michael Stanley (CD 1996) No Book CD Only,Default,EB-205673770367,"Coming Up For Air [ECD] - Michael Stanley (CD 1996) No Book CD Only. Category: Music & Audio. Sold by OnlineRecycle — tested, described accurately. Local pickup available in Central Florida or ships with tracking.",5.00,USD,Music & Audio,TRUE,TRUE,TRUE,1
,Brand New Rush A Show of Hands CD Rare Vintage no Book,Default,EB-205673770934,"Brand New Rush A Show of Hands CD Rare Vintage no Book. Category: Music & Audio. Sold by OnlineRecycle — tested, described accurately. Local pickup available in Central Florida or ships with tracking.",5.00,USD,Music & Audio,TRUE,TRUE,TRUE,1
,"Rush - Fly by Night (CD, May-1988 Mercury) 822542-2 M-1 No Book",Default,EB-205673771947,"Rush - Fly by Night (CD, May-1988 Mercury) 822542-2 M-1 No Book. Category: Music & Audio. Sold by OnlineRecycle — tested, described accurately. Local pickup available in Central Florida or ships with tracking.",5.00,USD,Music & Audio,TRUE,TRUE,TRUE,1
,"ADAM ANT - Manners & Physique, CD Only No Book",Default,EB-205673772604,"ADAM ANT - Manners & Physique, CD Only No Book. Category: Music & Audio. Sold by OnlineRecycle — tested, described accurately. Local pickup available in Central Florida or ships with tracking.",5.00,USD,Music & Audio,TRUE,TRUE,TRUE,1
,"This Year's Model by Costello, Elvis & the Attractions (CD, Only No Book",Default,EB-205673775640,"This Year's Model by Costello, Elvis & the Attractions (CD, Only No Book. Category: Music & Audio. Sold by OnlineRecycle — tested, described accurately. Local pickup available in Central Florida or ships with tracking.",5.00,USD,Music & Audio,TRUE,TRUE,TRUE,1
,The Beatles PAST MASTERS VOLUME ONE Music CD!!,Default,EB-205673778836,"The Beatles PAST MASTERS VOLUME ONE Music CD!!. Category: Music & Audio. Sold by OnlineRecycle — tested, described accurately. Local pickup available in Central Florida or ships with tracking.",5.00,USD,Music & Audio,TRUE,TRUE,TRUE,1
,Use Your Illusion II - Guns N' Roses - audio cd Only No Book,Default,EB-205673783655,"Use Your Illusion II - Guns N' Roses - audio cd Only No Book. Category: Music & Audio. Sold by OnlineRecycle — tested, described accurately. Local pickup available in Central Florida or ships with tracking.",5.00,USD,Music & Audio,TRUE,TRUE,TRUE,1
,"Counterparts by Rush (CD, Oct-1993, Atlantic (Label))",Default,EB-205673785434,"Counterparts by Rush (CD, Oct-1993, Atlantic (Label)). Category: Music & Audio. Sold by OnlineRecycle — tested, described accurately. Local pickup available in Central Florida or ships with tracking.",5.00,USD,Music & Audio,TRUE,TRUE,TRUE,1
,"One Donut A Day! by Hoops & Yoyo Enhanced CD (Children's, Parry Gripp, Hallmark)",Default,EB-205673790092,"One Donut A Day! by Hoops & Yoyo Enhanced CD (Children's, Parry Gripp, Hallmark). Category: Music & Audio. Sold by OnlineRecycle — tested, described accurately. Local pickup available in Central Florida or ships with tracking.",5.00,USD,Music & Audio,TRUE,TRUE,TRUE,1
,"Classics, Volume 16 [Audio CD] Nazareth",Default,EB-205673790830,"Classics, Volume 16 [Audio CD] Nazareth. Category: Music & Audio. Sold by OnlineRecycle — tested, described accurately. Local pickup available in Central Florida or ships with tracking.",5.00,USD,Music & Audio,TRUE,TRUE,TRUE,1
,The One Album By Elton John On Audio CD 1992 Very Good X29,Default,EB-205673793384,"The One Album By Elton John On Audio CD 1992 Very Good X29. Category: Music & Audio. Sold by OnlineRecycle — tested, described accurately. Local pickup available in Central Florida or ships with tracking.",5.00,USD,Music & Audio,TRUE,TRUE,TRUE,1
,Elvis Costello My Aim Is True Cd Only No Book,Default,EB-205673798363,"Elvis Costello My Aim Is True Cd Only No Book. Category: Music & Audio. Sold by OnlineRecycle — tested, described accurately. Local pickup available in Central Florida or ships with tracking.",3.99,USD,Music & Audio,TRUE,TRUE,TRUE,1
,Unleashed - Toby Keith - audio cd - Like New,Default,EB-205673801681,"Unleashed - Toby Keith - audio cd - Like New. Category: Music & Audio. Sold by OnlineRecycle — tested, described accurately. Local pickup available in Central Florida or ships with tracking.",5.00,USD,Music & Audio,TRUE,TRUE,TRUE,1
,‘The River’ by Bruce Springsteen (1980 cd Only No Book,Default,EB-205673807742,"‘The River’ by Bruce Springsteen (1980 cd Only No Book. Category: Music & Audio. Sold by OnlineRecycle — tested, described accurately. Local pickup available in Central Florida or ships with tracking.",5.00,USD,Music & Audio,TRUE,TRUE,TRUE,1
,Elton John - Victim of Love CD (1990 MCA Records) VG+ CD73 No Book,Default,EB-205673808963,"Elton John - Victim of Love CD (1990 MCA Records) VG+ CD73 No Book. Category: Music & Audio. Sold by OnlineRecycle — tested, described accurately. Local pickup available in Central Florida or ships with tracking.",5.00,USD,Music & Audio,TRUE,TRUE,TRUE,1
,"Greatest Hits by Elton John (CD, Oct-1990, no Book",Default,EB-205673809636,"Greatest Hits by Elton John (CD, Oct-1990, no Book. Category: Music & Audio. Sold by OnlineRecycle — tested, described accurately. Local pickup available in Central Florida or ships with tracking.",3.59,USD,Music & Audio,TRUE,TRUE,TRUE,1
,Falco - CD - Verdammt wir leben noch (1999) No Book,Default,EB-205673810711,"Falco - CD - Verdammt wir leben noch (1999) No Book. Category: Music & Audio. Sold by OnlineRecycle — tested, described accurately. Local pickup available in Central Florida or ships with tracking.",5.00,USD,Music & Audio,TRUE,TRUE,TRUE,1
,Turn It On Again: The Hits,Default,EB-205673811848,"Turn It On Again: The Hits. Category: Music & Audio. Sold by OnlineRecycle — tested, described accurately. Local pickup available in Central Florida or ships with tracking.",5.00,USD,Music & Audio,TRUE,TRUE,TRUE,1
,Montgomery gentry my town CD,Default,EB-205673812287,"Montgomery gentry my town CD. Category: Music & Audio. Sold by OnlineRecycle — tested, described accurately. Local pickup available in Central Florida or ships with tracking.",5.00,USD,Music & Audio,TRUE,TRUE,TRUE,1
,Simon and Garfunkel - CD - The Concert in Central Park,Default,EB-205673813638,"Simon and Garfunkel - CD - The Concert in Central Park. Category: Music & Audio. Sold by OnlineRecycle — tested, described accurately. Local pickup available in Central Florida or ships with tracking.",5.00,USD,Music & Audio,TRUE,TRUE,TRUE,1
,"Joan Osborne - Relish (CD, 1995, Blue Gorilla/Mercury) One Of Us",Default,EB-205673815282,"Joan Osborne - Relish (CD, 1995, Blue Gorilla/Mercury) One Of Us. Category: Music & Audio. Sold by OnlineRecycle — tested, described accurately. Local pickup available in Central Florida or ships with tracking.",5.00,USD,Music & Audio,TRUE,TRUE,TRUE,1
,"Empire State Records Soundtrack [Audio CD, Club Edition No Book",Default,EB-205673828511,"Empire State Records Soundtrack [Audio CD, Club Edition No Book. Category: Music & Audio. Sold by OnlineRecycle — tested, described accurately. Local pickup available in Central Florida or ships with tracking.",5.00,USD,Music & Audio,TRUE,TRUE,TRUE,1
,Elvis Costello – Mighty Like A Rose CD LN Disc + Cover Art - NO CASE,Default,EB-205673832470,"Elvis Costello – Mighty Like A Rose CD LN Disc + Cover Art - NO CASE. Category: Music & Audio. Sold by OnlineRecycle — tested, described accurately. Local pickup available in Central Florida or ships with tracking.",5.00,USD,Music & Audio,TRUE,TRUE,TRUE,1
,Elton John - Greatest Hits Volume II - US CD - FREE shipping!,Default,EB-205673833857,"Elton John - Greatest Hits Volume II - US CD - FREE shipping!. Category: Music & Audio. Sold by OnlineRecycle — tested, described accurately. Local pickup available in Central Florida or ships with tracking.",5.00,USD,Music & Audio,TRUE,TRUE,TRUE,1
,"Spike by Elvis Costello (CD, Feb-1989, Warner Bros.) No Book",Default,EB-205673835047,"Spike by Elvis Costello (CD, Feb-1989, Warner Bros.) No Book. Category: Music & Audio. Sold by OnlineRecycle — tested, described accurately. Local pickup available in Central Florida or ships with tracking.",5.00,USD,Music & Audio,TRUE,TRUE,TRUE,1
,‘The River’ by Bruce Springsteen (1980 2 CDs) Free Boxed & Bagged Shipping!,Default,EB-205673835429,"‘The River’ by Bruce Springsteen (1980 2 CDs) Free Boxed & Bagged Shipping!. Category: Music & Audio. Sold by OnlineRecycle — tested, described accurately. Local pickup available in Central Florida or ships with tracking.",5.00,USD,Music & Audio,TRUE,TRUE,TRUE,1
,Live NYC Bruce Springsteen & the E Street Band English Version Cd No Book,Default,EB-205673837483,"Live NYC Bruce Springsteen & the E Street Band English Version Cd No Book. Category: Music & Audio. Sold by OnlineRecycle — tested, described accurately. Local pickup available in Central Florida or ships with tracking.",5.00,USD,Music & Audio,TRUE,TRUE,TRUE,1
,Batman & Robin Music From The Motion Picture CD Only No Booklet,Default,EB-205675891710,"Batman & Robin Music From The Motion Picture CD Only No Booklet. Category: Music & Audio. Sold by OnlineRecycle — tested, described accurately. Local pickup available in Central Florida or ships with tracking.",5.00,USD,Music & Audio,TRUE,TRUE,TRUE,1
,Alan Jackson Who I Am CD American Country Studio 1994 14 Songs Only No Booklet,Default,EB-205675893826,"Alan Jackson Who I Am CD American Country Studio 1994 14 Songs Only No Booklet. Category: Music & Audio. Sold by OnlineRecycle — tested, described accurately. Local pickup available in Central Florida or ships with tracking.",5.00,USD,Music & Audio,TRUE,TRUE,TRUE,1
,"Wish by Cure (CD, 1992)",Default,EB-205675906880,"Wish by Cure (CD, 1992). Category: Music & Audio. Sold by OnlineRecycle — tested, described accurately. Local pickup available in Central Florida or ships with tracking.",5.00,USD,Music & Audio,TRUE,TRUE,TRUE,1
,"Unleashed by Toby Keith (CD, 2002) DISC ONLY No Booklet",Default,EB-205675914042,"Unleashed by Toby Keith (CD, 2002) DISC ONLY No Booklet. Category: Music & Audio. Sold by OnlineRecycle — tested, described accurately. Local pickup available in Central Florida or ships with tracking.",5.00,USD,Music & Audio,TRUE,TRUE,TRUE,1
,‘The River’ by Bruce Springsteen (1980 cd Only No Book,Default,EB-205675915649,"‘The River’ by Bruce Springsteen (1980 cd Only No Book. Category: Music & Audio. Sold by OnlineRecycle — tested, described accurately. Local pickup available in Central Florida or ships with tracking.",5.00,USD,Music & Audio,TRUE,TRUE,TRUE,1
,Elton John - Victim of Love CD (1990 MCA Records) VG+ CD73 No Book,Default,EB-205675916968,"Elton John - Victim of Love CD (1990 MCA Records) VG+ CD73 No Book. Category: Music & Audio. Sold by OnlineRecycle — tested, described accurately. Local pickup available in Central Florida or ships with tracking.",5.00,USD,Music & Audio,TRUE,TRUE,TRUE,1
,"Elton John - Greatest Hits (CD, No Book",Default,EB-205675920705,"Elton John - Greatest Hits (CD, No Book. Category: Music & Audio. Sold by OnlineRecycle — tested, described accurately. Local pickup available in Central Florida or ships with tracking.",5.00,USD,Music & Audio,TRUE,TRUE,TRUE,1
,Falco - CD - Verdammt wir leben noch (1999) No Book,Default,EB-205675926287,"Falco - CD - Verdammt wir leben noch (1999) No Book. Category: Music & Audio. Sold by OnlineRecycle — tested, described accurately. Local pickup available in Central Florida or ships with tracking.",5.00,USD,Music & Audio,TRUE,TRUE,TRUE,1
,"Michael (DVD, 1997)",Default,EB-205687121288,"Michael (DVD, 1997). Category: Movies & Entertainment. Sold by OnlineRecycle — tested, described accurately. Local pickup available in Central Florida or ships with tracking.",6.69,USD,Movies & Entertainment,TRUE,TRUE,TRUE,1
,"Contact (DVD, 1997)",Default,EB-205687121605,"Contact (DVD, 1997). Category: Movies & Entertainment. Sold by OnlineRecycle — tested, described accurately. Local pickup available in Central Florida or ships with tracking.",3.50,USD,Movies & Entertainment,TRUE,TRUE,TRUE,1
,"The Lost Boys (DVD, 1998)",Default,EB-205687124088,"The Lost Boys (DVD, 1998). Category: Movies & Entertainment. Sold by OnlineRecycle — tested, described accurately. Local pickup available in Central Florida or ships with tracking.",6.32,USD,Movies & Entertainment,TRUE,TRUE,TRUE,1
,Brass Napkin Holder Style 961003 1995 Vintage Home For The Holidays Antiques...,Default,EB-205692052753,"Brass Napkin Holder Style 961003 1995 Vintage Home For The Holidays Antiques.... Category: General Merchandise. Sold by OnlineRecycle — tested, described accurately. Local pickup available in Central Florida or ships with tracking.",29.99,USD,General Merchandise,TRUE,TRUE,TRUE,1
,xbox 360 60gb hdd hard drive,Default,EB-205696042741,"xbox 360 60gb hdd hard drive. Category: General Merchandise. Sold by OnlineRecycle — tested, described accurately. Local pickup available in Central Florida or ships with tracking.",5.99,USD,General Merchandise,TRUE,TRUE,TRUE,1
,"Madden NFL 16 (Microsoft Xbox 360, 2015)",Default,EB-205696046412,"Madden NFL 16 (Microsoft Xbox 360, 2015). Category: Video Games. Sold by OnlineRecycle — tested, described accurately. Local pickup available in Central Florida or ships with tracking.",3.00,USD,Video Games,TRUE,TRUE,TRUE,1
,Madden NFL 09 Xbox 360,Default,EB-205696046850,"Madden NFL 09 Xbox 360. Category: Video Games. Sold by OnlineRecycle — tested, described accurately. Local pickup available in Central Florida or ships with tracking.",5.00,USD,Video Games,TRUE,TRUE,TRUE,1
,"Madden NFL 25 (Microsoft Xbox 360, 2013)",Default,EB-205696047295,"Madden NFL 25 (Microsoft Xbox 360, 2013). Category: Video Games. Sold by OnlineRecycle — tested, described accurately. Local pickup available in Central Florida or ships with tracking.",5.00,USD,Video Games,TRUE,TRUE,TRUE,1
,Official Microsoft OEM Xbox 360 Controller White Tested w/ Battery Cover,Default,EB-205696064596,"Official Microsoft OEM Xbox 360 Controller White Tested w/ Battery Cover. Category: General Merchandise. Sold by OnlineRecycle — tested, described accurately. Local pickup available in Central Florida or ships with tracking.",10.00,USD,General Merchandise,TRUE,TRUE,TRUE,1
,Official Microsoft OEM Xbox 360 Controller White Tested w/ Battery Cover,Default,EB-205696064904,"Official Microsoft OEM Xbox 360 Controller White Tested w/ Battery Cover. Category: General Merchandise. Sold by OnlineRecycle — tested, described accurately. Local pickup available in Central Florida or ships with tracking.",10.00,USD,General Merchandise,TRUE,TRUE,TRUE,1
,HDMI Cable 6.5FT 4K UHD2.0*2 Ultra HD High Speed 1080P HDR 120Hz18Gbps HDCP HDTV,Default,EB-205696068538,"HDMI Cable 6.5FT 4K UHD2.0*2 Ultra HD High Speed 1080P HDR 120Hz18Gbps HDCP HDTV. Category: General Merchandise. Sold by OnlineRecycle — tested, described accurately. Local pickup available in Central Florida or ships with tracking.",5.00,USD,General Merchandise,TRUE,TRUE,TRUE,1
,Dell Optiplex 3040 5040 7040 SFF 180W Switching Power Supply AC180ES-00 0RWMNY,Default,EB-205696464351,"Dell Optiplex 3040 5040 7040 SFF 180W Switching Power Supply AC180ES-00 0RWMNY. Category: General Merchandise. Sold by OnlineRecycle — tested, described accurately. Local pickup available in Central Florida or ships with tracking.",15.00,USD,General Merchandise,TRUE,TRUE,TRUE,1
,Used Dell L255ES-00 Power Supply 255W,Default,EB-205696485963,"Used Dell L255ES-00 Power Supply 255W. Category: General Merchandise. Sold by OnlineRecycle — tested, described accurately. Local pickup available in Central Florida or ships with tracking.",10.00,USD,General Merchandise,TRUE,TRUE,TRUE,1
,Dell L200EU-00 200W Switching Power Supply 0KG1G0 KG1G0,Default,EB-205696488432,"Dell L200EU-00 200W Switching Power Supply 0KG1G0 KG1G0. Category: General Merchandise. Sold by OnlineRecycle — tested, described accurately. Local pickup available in Central Florida or ships with tracking.",10.00,USD,General Merchandise,TRUE,TRUE,TRUE,1
,Dell Optiplex Power Supply AC290AM-00 N0KPM,Default,EB-205696501073,"Dell Optiplex Power Supply AC290AM-00 N0KPM. Category: General Merchandise. Sold by OnlineRecycle — tested, described accurately. Local pickup available in Central Florida or ships with tracking.",10.00,USD,General Merchandise,TRUE,TRUE,TRUE,1
,New Power Supply Fits Dell Vostro Mini Towers PS-5301-08 HP-P3017F3 J036N XW600,Default,EB-205696521153,"New Power Supply Fits Dell Vostro Mini Towers PS-5301-08 HP-P3017F3 J036N XW600. Category: General Merchandise. Sold by OnlineRecycle — tested, described accurately. Local pickup available in Central Florida or ships with tracking.",15.00,USD,General Merchandise,TRUE,TRUE,TRUE,1
,"Vintage White Milk Glass Pedestal Bowl Smooth Design 5"" Diameter",Default,EB-205696548636,"Vintage White Milk Glass Pedestal Bowl Smooth Design 5"" Diameter. Category: General Merchandise. Sold by OnlineRecycle — tested, described accurately. Local pickup available in Central Florida or ships with tracking.",7.00,USD,General Merchandise,TRUE,TRUE,TRUE,1
,"Vintage White Milk Glass Pedestal Bowl Smooth Design 5"" Diameter",Default,EB-205696549889,"Vintage White Milk Glass Pedestal Bowl Smooth Design 5"" Diameter. Category: General Merchandise. Sold by OnlineRecycle — tested, described accurately. Local pickup available in Central Florida or ships with tracking.",7.00,USD,General Merchandise,TRUE,TRUE,TRUE,1
,L305P-03 305W Power Supply Dell P/N 0M177R Replacement Power Supply NOB,Default,EB-205712266823,"L305P-03 305W Power Supply Dell P/N 0M177R Replacement Power Supply NOB. Category: General Merchandise. Sold by OnlineRecycle — tested, described accurately. Local pickup available in Central Florida or ships with tracking.",15.00,USD,General Merchandise,TRUE,TRUE,TRUE,1
,L265EM-00 265W Power Supply For Dell Optiplex 390 3010 790 990 Mini Tower YC7TR,Default,EB-205712276718,"L265EM-00 265W Power Supply For Dell Optiplex 390 3010 790 990 Mini Tower YC7TR. Category: General Merchandise. Sold by OnlineRecycle — tested, described accurately. Local pickup available in Central Florida or ships with tracking.",25.00,USD,General Merchandise,TRUE,TRUE,TRUE,1
,Dell 790 990 7010 9010 SFF 240W AC240ES-01 D240AS-00 Power Supply CV7D3 3YKG5,Default,EB-205712285968,"Dell 790 990 7010 9010 SFF 240W AC240ES-01 D240AS-00 Power Supply CV7D3 3YKG5. Category: General Merchandise. Sold by OnlineRecycle — tested, described accurately. Local pickup available in Central Florida or ships with tracking.",13.00,USD,General Merchandise,TRUE,TRUE,TRUE,1
,Used DELL Power Supply 180W 05XV5K L180ES-00,Default,EB-205712289146,"Used DELL Power Supply 180W 05XV5K L180ES-00. Category: General Merchandise. Sold by OnlineRecycle — tested, described accurately. Local pickup available in Central Florida or ships with tracking.",13.00,USD,General Merchandise,TRUE,TRUE,TRUE,1
,DELL VMRD2 240 Watt MODEL: H240ES-01 Power Supply.SKU211801,Default,EB-205712306452,"DELL VMRD2 240 Watt MODEL: H240ES-01 Power Supply.SKU211801. Category: General Merchandise. Sold by OnlineRecycle — tested, described accurately. Local pickup available in Central Florida or ships with tracking.",15.00,USD,General Merchandise,TRUE,TRUE,TRUE,1
,Intel Core i7-4770 3.4 GHz Quad-Core (BX80646I74770) Processor #11,Default,EB-205725104105,"Intel Core i7-4770 3.4 GHz Quad-Core (BX80646I74770) Processor #11. Category: Computer Parts. Sold by OnlineRecycle — tested, described accurately. Local pickup available in Central Florida or ships with tracking.",28.73,USD,Computer Parts,TRUE,TRUE,TRUE,1
,Intel Pentium G645 2.9GHz Dual-Core (CM8062301262601) Processor #12,Default,EB-205725108100,"Intel Pentium G645 2.9GHz Dual-Core (CM8062301262601) Processor #12. Category: Computer Parts. Sold by OnlineRecycle — tested, described accurately. Local pickup available in Central Florida or ships with tracking.",5.99,USD,Computer Parts,TRUE,TRUE,TRUE,1
,Dell Optiplex 9010 MT Motherboard 00F82W W/ I/O,Default,EB-205735102879,"Dell Optiplex 9010 MT Motherboard 00F82W W/ I/O. Category: Computer Parts. Sold by OnlineRecycle — tested, described accurately. Local pickup available in Central Florida or ships with tracking.",16.99,USD,Computer Parts,TRUE,TRUE,TRUE,4
,Intel Core i5-660 CPU 3.33GHz / 4MB LGA1156 SLBLV Processor #20,Default,EB-205742032739,"Intel Core i5-660 CPU 3.33GHz / 4MB LGA1156 SLBLV Processor #20. Category: Computer Parts. Sold by OnlineRecycle — tested, described accurately. Local pickup available in Central Florida or ships with tracking.",12.00,USD,Computer Parts,TRUE,TRUE,TRUE,2
,amd a4 4300m CPU laptop processor #23,Default,EB-205742057287,"amd a4 4300m CPU laptop processor #23. Category: Computer Parts. Sold by OnlineRecycle — tested, described accurately. Local pickup available in Central Florida or ships with tracking.",20.00,USD,Computer Parts,TRUE,TRUE,TRUE,1
,Intel Core i5-3475S - 2.9GHz Quad Core (SR0PP) CPU Processor #27,Default,EB-205742106562,"Intel Core i5-3475S - 2.9GHz Quad Core (SR0PP) CPU Processor #27. Category: Computer Parts. Sold by OnlineRecycle — tested, described accurately. Local pickup available in Central Florida or ships with tracking.",9.99,USD,Computer Parts,TRUE,TRUE,TRUE,2
,Intel SR14D core i5-4670 3.4 GHz (BXC80646I54670K) 4 core Processor #28,Default,EB-205742121397,"Intel SR14D core i5-4670 3.4 GHz (BXC80646I54670K) 4 core Processor #28. Category: Computer Parts. Sold by OnlineRecycle — tested, described accurately. Local pickup available in Central Florida or ships with tracking.",10.00,USD,Computer Parts,TRUE,TRUE,TRUE,1
,Intel Core i5-4570 3.2GHz Quad-Core (SR14E) Processor #281,Default,EB-205742127320,"Intel Core i5-4570 3.2GHz Quad-Core (SR14E) Processor #281. Category: Computer Parts. Sold by OnlineRecycle — tested, described accurately. Local pickup available in Central Florida or ships with tracking.",11.99,USD,Computer Parts,TRUE,TRUE,TRUE,1
,"Intel Core i5-4590 Processor (3.3 GHz, 4 Cores, LGA 1150) - SR1QJ #31",Default,EB-205742166566,"Intel Core i5-4590 Processor (3.3 GHz, 4 Cores, LGA 1150) - SR1QJ #31. Category: Computer Parts. Sold by OnlineRecycle — tested, described accurately. Local pickup available in Central Florida or ships with tracking.",13.00,USD,Computer Parts,TRUE,TRUE,TRUE,1
,Intel Core i5-3570S - 3.1 GHz Quad-Core (CM8063701093901) Processor #32,Default,EB-205742170721,"Intel Core i5-3570S - 3.1 GHz Quad-Core (CM8063701093901) Processor #32. Category: Computer Parts. Sold by OnlineRecycle — tested, described accurately. Local pickup available in Central Florida or ships with tracking.",23.27,USD,Computer Parts,TRUE,TRUE,TRUE,2
,"Intel Core i5-2400 Processor (3.1 GHz, 4 Cores, LGA 1155) - SR00Q #33",Default,EB-205742174035,"Intel Core i5-2400 Processor (3.1 GHz, 4 Cores, LGA 1155) - SR00Q #33. Category: Computer Parts. Sold by OnlineRecycle — tested, described accurately. Local pickup available in Central Florida or ships with tracking.",7.99,USD,Computer Parts,TRUE,TRUE,TRUE,3
,Intel SR00B Processor I7-2600 3.40 GHz Cores 4 #35,Default,EB-205742175543,"Intel SR00B Processor I7-2600 3.40 GHz Cores 4 #35. Category: Computer Parts. Sold by OnlineRecycle — tested, described accurately. Local pickup available in Central Florida or ships with tracking.",20.50,USD,Computer Parts,TRUE,TRUE,TRUE,1
,Dell SN-108 SN-108BB/DEMHF DVD-ROM Drive 04RPC4 4RPC4,Default,EB-205820563475,"Dell SN-108 SN-108BB/DEMHF DVD-ROM Drive 04RPC4 4RPC4. Category: Computer Parts. Sold by OnlineRecycle — tested, described accurately. Local pickup available in Central Florida or ships with tracking.",10.00,USD,Computer Parts,TRUE,TRUE,TRUE,1
,HL Data Storage GTAON Super Multi DVD Writer ! Free Shipping! Used!,Default,EB-205820566069,"HL Data Storage GTAON Super Multi DVD Writer ! Free Shipping! Used!. Category: Computer Parts. Sold by OnlineRecycle — tested, described accurately. Local pickup available in Central Florida or ships with tracking.",10.00,USD,Computer Parts,TRUE,TRUE,TRUE,1
,DVD ROM Drive DS-8D3SH (Disk Reader),Default,EB-205820573459,"DVD ROM Drive DS-8D3SH (Disk Reader). Category: Computer Parts. Sold by OnlineRecycle — tested, described accurately. Local pickup available in Central Florida or ships with tracking.",12.00,USD,Computer Parts,TRUE,TRUE,TRUE,1
,HP DVD WRITER MODEL TS-L633 NOTEBOOK,Default,EB-205820594350,"HP DVD WRITER MODEL TS-L633 NOTEBOOK. Category: Computer Parts. Sold by OnlineRecycle — tested, described accurately. Local pickup available in Central Florida or ships with tracking.",15.00,USD,Computer Parts,TRUE,TRUE,TRUE,1
,DVD Writer Model TS-L633C,Default,EB-205820603467,"DVD Writer Model TS-L633C. Category: Computer Parts. Sold by OnlineRecycle — tested, described accurately. Local pickup available in Central Florida or ships with tracking.",9.00,USD,Computer Parts,TRUE,TRUE,TRUE,1
,2” Round RS Medical NeuroStimulation Electrodes 180-0011-00,Default,EB-205820639041,"2” Round RS Medical NeuroStimulation Electrodes 180-0011-00. Category: General Merchandise. Sold by OnlineRecycle — tested, described accurately. Local pickup available in Central Florida or ships with tracking.",3.00,USD,General Merchandise,TRUE,TRUE,TRUE,19
,Part Number 180-004-00 2 Inch Square Style Quantity 4 Electrodes,Default,EB-205820660776,"Part Number 180-004-00 2 Inch Square Style Quantity 4 Electrodes. Category: General Merchandise. Sold by OnlineRecycle — tested, described accurately. Local pickup available in Central Florida or ships with tracking.",5.00,USD,General Merchandise,TRUE,TRUE,TRUE,6
,Dillards First Edition Snow Globe 2014,Default,EB-205820662824,"Dillards First Edition Snow Globe 2014. Category: General Merchandise. Sold by OnlineRecycle — tested, described accurately. Local pickup available in Central Florida or ships with tracking.",15.00,USD,General Merchandise,TRUE,TRUE,TRUE,1
,16 In L X 12 In W X 19 In H Nylon Tool Easily Hard To Reach Areas Flat Paint Bru,Default,EB-205822315334,"16 In L X 12 In W X 19 In H Nylon Tool Easily Hard To Reach Areas Flat Paint Bru. Category: General Merchandise. Sold by OnlineRecycle — tested, described accurately. Local pickup available in Central Florida or ships with tracking.",10.00,USD,General Merchandise,TRUE,TRUE,TRUE,1
,Longer Lasting Sandpaper No Slip Grip Durable Backing 2 Sheet's,Default,EB-205822343996,"Longer Lasting Sandpaper No Slip Grip Durable Backing 2 Sheet's. Category: General Merchandise. Sold by OnlineRecycle — tested, described accurately. Local pickup available in Central Florida or ships with tracking.",10.99,USD,General Merchandise,TRUE,TRUE,TRUE,1
,Rush : 2112 CD (1997),Default,EB-205824138394,"Rush : 2112 CD (1997). Category: Music & Audio. Sold by OnlineRecycle — tested, described accurately. Local pickup available in Central Florida or ships with tracking.",8.00,USD,Music & Audio,TRUE,TRUE,TRUE,1
,Vintage Mini Red Etch A Sketch Drawing Toy - Travek Size - EUC,Default,EB-205824144554,"Vintage Mini Red Etch A Sketch Drawing Toy - Travek Size - EUC. Category: General Merchandise. Sold by OnlineRecycle — tested, described accurately. Local pickup available in Central Florida or ships with tracking.",5.00,USD,General Merchandise,TRUE,TRUE,TRUE,1
,"Vintage Santa Claus Christmas Decoration 15"" Lighted W/ Gift and Holly",Default,EB-205824148176,"Vintage Santa Claus Christmas Decoration 15"" Lighted W/ Gift and Holly. Category: General Merchandise. Sold by OnlineRecycle — tested, described accurately. Local pickup available in Central Florida or ships with tracking.",24.00,USD,General Merchandise,TRUE,TRUE,TRUE,1
,Us Divers Black White Fins Adults,Default,EB-205824166222,"Us Divers Black White Fins Adults. Category: General Merchandise. Sold by OnlineRecycle — tested, described accurately. Local pickup available in Central Florida or ships with tracking.",14.00,USD,General Merchandise,TRUE,TRUE,TRUE,1
,Us Divers Adult Red And White Fins,Default,EB-205824169130,"Us Divers Adult Red And White Fins. Category: General Merchandise. Sold by OnlineRecycle — tested, described accurately. Local pickup available in Central Florida or ships with tracking.",25.00,USD,General Merchandise,TRUE,TRUE,TRUE,1
,Black An Blue XL Volo One Snorkeling Fins,Default,EB-205824179822,"Black An Blue XL Volo One Snorkeling Fins. Category: General Merchandise. Sold by OnlineRecycle — tested, described accurately. Local pickup available in Central Florida or ships with tracking.",30.00,USD,General Merchandise,TRUE,TRUE,TRUE,1
,H-L Data Storage Super Multi DVD Rewriter GSA-T50N,Default,EB-205824208413,"H-L Data Storage Super Multi DVD Rewriter GSA-T50N. Category: Computer Parts. Sold by OnlineRecycle — tested, described accurately. Local pickup available in Central Florida or ships with tracking.",15.00,USD,Computer Parts,TRUE,TRUE,TRUE,1
,HP GT80N Super Multi DVD Rewriter,Default,EB-205824224774,"HP GT80N Super Multi DVD Rewriter. Category: Computer Parts. Sold by OnlineRecycle — tested, described accurately. Local pickup available in Central Florida or ships with tracking.",10.00,USD,Computer Parts,TRUE,TRUE,TRUE,1
,HP Super Multi DVD Writer GUD1N(S05NT)/ P/N: 649055-6C1,Default,EB-205824227170,"HP Super Multi DVD Writer GUD1N(S05NT)/ P/N: 649055-6C1. Category: Computer Parts. Sold by OnlineRecycle — tested, described accurately. Local pickup available in Central Florida or ships with tracking.",15.00,USD,Computer Parts,TRUE,TRUE,TRUE,1
,DVD Writer Model TS-L633C,Default,EB-205824231896,"DVD Writer Model TS-L633C. Category: Computer Parts. Sold by OnlineRecycle — tested, described accurately. Local pickup available in Central Florida or ships with tracking.",15.00,USD,Computer Parts,TRUE,TRUE,TRUE,1
,DVD Rom P624179,Default,EB-205824240185,"DVD Rom P624179. Category: Computer Parts. Sold by OnlineRecycle — tested, described accurately. Local pickup available in Central Florida or ships with tracking.",15.00,USD,Computer Parts,TRUE,TRUE,TRUE,1
,DVD CD Rewritable Drive Model: DU-8A5LH,Default,EB-205824249602,"DVD CD Rewritable Drive Model: DU-8A5LH. Category: Computer Parts. Sold by OnlineRecycle — tested, described accurately. Local pickup available in Central Florida or ships with tracking.",15.00,USD,Computer Parts,TRUE,TRUE,TRUE,1
,Toshiba Samsung SN-208 DVD Writer SN-208FB/BEBE VER. FB - Black Bezel,Default,EB-205824254080,"Toshiba Samsung SN-208 DVD Writer SN-208FB/BEBE VER. FB - Black Bezel. Category: Computer Parts. Sold by OnlineRecycle — tested, described accurately. Local pickup available in Central Florida or ships with tracking.",10.00,USD,Computer Parts,TRUE,TRUE,TRUE,1
,"Vibrant Life Halloween 7"" SKELETON BEAR Squeaky Black Green Dog Toy NWT",Default,EB-205830913930,"Vibrant Life Halloween 7"" SKELETON BEAR Squeaky Black Green Dog Toy NWT. Category: General Merchandise. Sold by OnlineRecycle — tested, described accurately. Local pickup available in Central Florida or ships with tracking.",10.00,USD,General Merchandise,TRUE,TRUE,TRUE,1
,9 1 Gig Bytes Server Ram,Default,EB-205830926787,"9 1 Gig Bytes Server Ram. Category: General Merchandise. Sold by OnlineRecycle — tested, described accurately. Local pickup available in Central Florida or ships with tracking.",16.00,USD,General Merchandise,TRUE,TRUE,TRUE,9
,Pc2 16 Server Ram,Default,EB-205830934408,"Pc2 16 Server Ram. Category: General Merchandise. Sold by OnlineRecycle — tested, described accurately. Local pickup available in Central Florida or ships with tracking.",50.00,USD,General Merchandise,TRUE,TRUE,TRUE,1
,Pc1 20 Server Ram,Default,EB-205830938642,"Pc1 20 Server Ram. Category: General Merchandise. Sold by OnlineRecycle — tested, described accurately. Local pickup available in Central Florida or ships with tracking.",140.00,USD,General Merchandise,TRUE,TRUE,TRUE,1
,Microsoft Xbox 360 Wireless Controller - Glossy Black No Battery Pack Parts Only,Default,EB-205832659054,"Microsoft Xbox 360 Wireless Controller - Glossy Black No Battery Pack Parts Only. Category: General Merchandise. Sold by OnlineRecycle — tested, described accurately. Local pickup available in Central Florida or ships with tracking.",7.50,USD,General Merchandise,TRUE,TRUE,TRUE,1
,Xbox One Black Wireless Controller Model 1537 For Parts An No Battery Pack,Default,EB-205832660303,"Xbox One Black Wireless Controller Model 1537 For Parts An No Battery Pack. Category: General Merchandise. Sold by OnlineRecycle — tested, described accurately. Local pickup available in Central Florida or ships with tracking.",11.75,USD,General Merchandise,TRUE,TRUE,TRUE,1
,Microwave Magic - Beef - Hardcover By MANY - GOOD,Default,EB-205839547809,"Microwave Magic - Beef - Hardcover By MANY - GOOD. Category: Books. Sold by OnlineRecycle — tested, described accurately. Local pickup available in Central Florida or ships with tracking.",4.00,USD,Books,TRUE,TRUE,TRUE,1
,Microwave Magic Poultry hardcover By Grolier Limited,Default,EB-205839548715,"Microwave Magic Poultry hardcover By Grolier Limited. Category: Books. Sold by OnlineRecycle — tested, described accurately. Local pickup available in Central Florida or ships with tracking.",7.00,USD,Books,TRUE,TRUE,TRUE,1
,Poultry II [Microwave Magic Hardcover,Default,EB-205839556558,"Poultry II [Microwave Magic Hardcover. Category: Books. Sold by OnlineRecycle — tested, described accurately. Local pickup available in Central Florida or ships with tracking.",7.00,USD,Books,TRUE,TRUE,TRUE,1
,Groiler Limited Toronto Microwave Magic Pasta An Rice,Default,EB-205839557770,"Groiler Limited Toronto Microwave Magic Pasta An Rice. Category: General Merchandise. Sold by OnlineRecycle — tested, described accurately. Local pickup available in Central Florida or ships with tracking.",6.00,USD,General Merchandise,TRUE,TRUE,TRUE,1
,Quick Meals - Hardcover By Series Editors - GOOD,Default,EB-205839558942,"Quick Meals - Hardcover By Series Editors - GOOD. Category: Books. Sold by OnlineRecycle — tested, described accurately. Local pickup available in Central Florida or ships with tracking.",7.00,USD,Books,TRUE,TRUE,TRUE,1
,Groiler Limited Toronto Microwave Magic Game,Default,EB-205839568191,"Groiler Limited Toronto Microwave Magic Game. Category: Books. Sold by OnlineRecycle — tested, described accurately. Local pickup available in Central Florida or ships with tracking.",7.00,USD,Books,TRUE,TRUE,TRUE,1
,Grolier Limited Toronto Microwave Magic Oriental Cooking,Default,EB-205839574939,"Grolier Limited Toronto Microwave Magic Oriental Cooking. Category: Books. Sold by OnlineRecycle — tested, described accurately. Local pickup available in Central Florida or ships with tracking.",7.00,USD,Books,TRUE,TRUE,TRUE,1
,Grolier Limited Toronto Microwave Magic Brunch,Default,EB-205839576953,"Grolier Limited Toronto Microwave Magic Brunch. Category: Books. Sold by OnlineRecycle — tested, described accurately. Local pickup available in Central Florida or ships with tracking.",7.00,USD,Books,TRUE,TRUE,TRUE,1
,Groiler Limited Toronto Microwave Magic International Cuisine,Default,EB-205839580106,"Groiler Limited Toronto Microwave Magic International Cuisine. Category: Books. Sold by OnlineRecycle — tested, described accurately. Local pickup available in Central Florida or ships with tracking.",7.00,USD,Books,TRUE,TRUE,TRUE,1
,Groiler Limited Toronto Microwave Magic Index,Default,EB-205839582583,"Groiler Limited Toronto Microwave Magic Index. Category: Books. Sold by OnlineRecycle — tested, described accurately. Local pickup available in Central Florida or ships with tracking.",7.00,USD,Books,TRUE,TRUE,TRUE,1
,Kasma Collections Handmade Porcelain Kasma doll,Default,EB-205839614572,"Kasma Collections Handmade Porcelain Kasma doll. Category: General Merchandise. Sold by OnlineRecycle — tested, described accurately. Local pickup available in Central Florida or ships with tracking.",11.00,USD,General Merchandise,TRUE,TRUE,TRUE,1
,Cat & Jack Green Speckled Dress size Medium 7/8,Default,EB-205839637745,"Cat & Jack Green Speckled Dress size Medium 7/8. Category: General Merchandise. Sold by OnlineRecycle — tested, described accurately. Local pickup available in Central Florida or ships with tracking.",7.00,USD,General Merchandise,TRUE,TRUE,TRUE,1
,Cherokee L/G 10/12 Kid Dress,Default,EB-205839659220,"Cherokee L/G 10/12 Kid Dress. Category: General Merchandise. Sold by OnlineRecycle — tested, described accurately. Local pickup available in Central Florida or ships with tracking.",6.00,USD,General Merchandise,TRUE,TRUE,TRUE,1
,Green Zip Up Kid Dress,Default,EB-205839661177,"Green Zip Up Kid Dress. Category: General Merchandise. Sold by OnlineRecycle — tested, described accurately. Local pickup available in Central Florida or ships with tracking.",7.00,USD,General Merchandise,TRUE,TRUE,TRUE,1
,Florida State Seminole Starter Sweater Xl,Default,EB-205839665949,"Florida State Seminole Starter Sweater Xl. Category: General Merchandise. Sold by OnlineRecycle — tested, described accurately. Local pickup available in Central Florida or ships with tracking.",6.00,USD,General Merchandise,TRUE,TRUE,TRUE,1
,Americana AM/FM Radio NIB!!,Default,EB-205840562762,"Americana AM/FM Radio NIB!!. Category: General Merchandise. Sold by OnlineRecycle — tested, described accurately. Local pickup available in Central Florida or ships with tracking.",12.00,USD,General Merchandise,TRUE,TRUE,TRUE,1
,Jurassic World (DVD 025192212192),Default,EB-205840567002,"Jurassic World (DVD 025192212192). Category: Movies & Entertainment. Sold by OnlineRecycle — tested, described accurately. Local pickup available in Central Florida or ships with tracking.",5.00,USD,Movies & Entertainment,TRUE,TRUE,TRUE,1
,"Uncharted: Drake's Fortune -- Greatest Hits Edition (Sony PlayStation 3, 2009)",Default,EB-205840573348,"Uncharted: Drake's Fortune -- Greatest Hits Edition (Sony PlayStation 3, 2009). Category: Video Games. Sold by OnlineRecycle — tested, described accurately. Local pickup available in Central Florida or ships with tracking.",4.99,USD,Video Games,TRUE,TRUE,TRUE,1
,NBA ShootOut 2001 Playstation 1 PS1 Brand New Sealed *damage,Default,EB-205840576097,"NBA ShootOut 2001 Playstation 1 PS1 Brand New Sealed *damage. Category: Video Games. Sold by OnlineRecycle — tested, described accurately. Local pickup available in Central Florida or ships with tracking.",2.00,USD,Video Games,TRUE,TRUE,TRUE,1
,The Cure ‎– Greatest Hits ( Box C712),Default,EB-205840577099,"The Cure ‎– Greatest Hits ( Box C712). Category: Music & Audio. Sold by OnlineRecycle — tested, described accurately. Local pickup available in Central Florida or ships with tracking.",13.00,USD,Music & Audio,TRUE,TRUE,TRUE,1
,Teenage Mutant Ninja Turtles 1992 DVD,Default,EB-205840578631,"Teenage Mutant Ninja Turtles 1992 DVD. Category: Movies & Entertainment. Sold by OnlineRecycle — tested, described accurately. Local pickup available in Central Florida or ships with tracking.",4.00,USD,Movies & Entertainment,TRUE,TRUE,TRUE,1
,Call Of Duty Black Ops - Microsoft Xbox 360 Tested Authentic 180 Day Guarantee,Default,EB-205840583810,"Call Of Duty Black Ops - Microsoft Xbox 360 Tested Authentic 180 Day Guarantee. Category: Video Games. Sold by OnlineRecycle — tested, described accurately. Local pickup available in Central Florida or ships with tracking.",8.00,USD,Video Games,TRUE,TRUE,TRUE,1
,Recipes of the World EASY STOVETOP CHICKEN 1998 Hardcover Cookbook,Default,EB-205840597215,"Recipes of the World EASY STOVETOP CHICKEN 1998 Hardcover Cookbook. Category: Books. Sold by OnlineRecycle — tested, described accurately. Local pickup available in Central Florida or ships with tracking.",5.00,USD,Books,TRUE,TRUE,TRUE,1
,"Three Rivers Cookbook by Jane Birnie (1994, Vinyl Bound)",Default,EB-205840597937,"Three Rivers Cookbook by Jane Birnie (1994, Vinyl Bound). Category: Books. Sold by OnlineRecycle — tested, described accurately. Local pickup available in Central Florida or ships with tracking.",6.00,USD,Books,TRUE,TRUE,TRUE,1
,"Vintage 1981 ""Three Rivers Cookbook II"" Child Health Association Of Sewickley PA",Default,EB-205840602939,"Vintage 1981 ""Three Rivers Cookbook II"" Child Health Association Of Sewickley PA. Category: Books. Sold by OnlineRecycle — tested, described accurately. Local pickup available in Central Florida or ships with tracking.",15.00,USD,Books,TRUE,TRUE,TRUE,1
,Cooking Class Chinese Cookbook Publication International,Default,EB-205840607870,"Cooking Class Chinese Cookbook Publication International. Category: Books. Sold by OnlineRecycle — tested, described accurately. Local pickup available in Central Florida or ships with tracking.",6.00,USD,Books,TRUE,TRUE,TRUE,1
,The New Mccalls Cook Book Mary Eckley Hardcover - Pre Owned,Default,EB-205840611482,"The New Mccalls Cook Book Mary Eckley Hardcover - Pre Owned. Category: Books. Sold by OnlineRecycle — tested, described accurately. Local pickup available in Central Florida or ships with tracking.",19.00,USD,Books,TRUE,TRUE,TRUE,1
,Good Housekeeping Illustrated Cookbook - Hardcover - GOOD,Default,EB-205840614974,"Good Housekeeping Illustrated Cookbook - Hardcover - GOOD. Category: Books. Sold by OnlineRecycle — tested, described accurately. Local pickup available in Central Florida or ships with tracking.",5.00,USD,Books,TRUE,TRUE,TRUE,1
,Joslin Diabetes Quick and Easy Cookbook : 200 Recipes for 1 to 4 People by...,Default,EB-205840623688,"Joslin Diabetes Quick and Easy Cookbook : 200 Recipes for 1 to 4 People by.... Category: Books. Sold by OnlineRecycle — tested, described accurately. Local pickup available in Central Florida or ships with tracking.",5.00,USD,Books,TRUE,TRUE,TRUE,1
,Cliff Sheats' Lean Bodies : The Revolutionary New Approach to Increasing...,Default,EB-205840628483,"Cliff Sheats' Lean Bodies : The Revolutionary New Approach to Increasing.... Category: Books. Sold by OnlineRecycle — tested, described accurately. Local pickup available in Central Florida or ships with tracking.",6.00,USD,Books,TRUE,TRUE,TRUE,1
,"Quick and Easy Menu Cookbook by Inc. Staff Weight Watchers International (1989,",Default,EB-205840631724,"Quick and Easy Menu Cookbook by Inc. Staff Weight Watchers International (1989,. Category: Books. Sold by OnlineRecycle — tested, described accurately. Local pickup available in Central Florida or ships with tracking.",4.87,USD,Books,TRUE,TRUE,TRUE,1
,"The Wide, Wide World Of Texas Cooking 1970 Vtg Hardcover Book Morton Clark DJ",Default,EB-205840634169,"The Wide, Wide World Of Texas Cooking 1970 Vtg Hardcover Book Morton Clark DJ. Category: Books. Sold by OnlineRecycle — tested, described accurately. Local pickup available in Central Florida or ships with tracking.",9.00,USD,Books,TRUE,TRUE,TRUE,1
,"South Carolina Plantation And Historic Homes Cookbook Illustrated, 1986",Default,EB-205840637295,"South Carolina Plantation And Historic Homes Cookbook Illustrated, 1986. Category: Books. Sold by OnlineRecycle — tested, described accurately. Local pickup available in Central Florida or ships with tracking.",8.00,USD,Books,TRUE,TRUE,TRUE,1
,Christmas Cookies Southern Living Paperback Oxmoor House Vintage 1986 Cookbook,Default,EB-205840640563,"Christmas Cookies Southern Living Paperback Oxmoor House Vintage 1986 Cookbook. Category: Books. Sold by OnlineRecycle — tested, described accurately. Local pickup available in Central Florida or ships with tracking.",5.00,USD,Books,TRUE,TRUE,TRUE,1
,Hilton Head Metabolism Diet Peter M. Miller,Default,EB-205840644235,"Hilton Head Metabolism Diet Peter M. Miller. Category: Books. Sold by OnlineRecycle — tested, described accurately. Local pickup available in Central Florida or ships with tracking.",5.50,USD,Books,TRUE,TRUE,TRUE,1
,Sea Island Seasons A Collection of Favorite Recipes Beaufort South Carolina 1995,Default,EB-205840654883,"Sea Island Seasons A Collection of Favorite Recipes Beaufort South Carolina 1995. Category: Books. Sold by OnlineRecycle — tested, described accurately. Local pickup available in Central Florida or ships with tracking.",3.00,USD,Books,TRUE,TRUE,TRUE,1
,Weight Watchers Quick Start Plus Program Cookbook (Including Per,Default,EB-205840661450,"Weight Watchers Quick Start Plus Program Cookbook (Including Per. Category: Books. Sold by OnlineRecycle — tested, described accurately. Local pickup available in Central Florida or ships with tracking.",5.00,USD,Books,TRUE,TRUE,TRUE,1
,The Calcium Requirement Cookbook,Default,EB-205840666474,"The Calcium Requirement Cookbook. Category: Books. Sold by OnlineRecycle — tested, described accurately. Local pickup available in Central Florida or ships with tracking.",5.00,USD,Books,TRUE,TRUE,TRUE,1
,"One Meal at a Time : Step-by-Step to a Low-Fat Diet for a Happier, Healthier,...",Default,EB-205840668282,"One Meal at a Time : Step-by-Step to a Low-Fat Diet for a Happier, Healthier,.... Category: Books. Sold by OnlineRecycle — tested, described accurately. Local pickup available in Central Florida or ships with tracking.",8.00,USD,Books,TRUE,TRUE,TRUE,1
,Favorite Brand Name Chinese Collection - Hardcover - VERY GOOD,Default,EB-205840670636,"Favorite Brand Name Chinese Collection - Hardcover - VERY GOOD. Category: Books. Sold by OnlineRecycle — tested, described accurately. Local pickup available in Central Florida or ships with tracking.",14.00,USD,Books,TRUE,TRUE,TRUE,1
,"Seed of Chucky (DVD, 2004)",Default,EB-205859307763,"Seed of Chucky (DVD, 2004). Category: Movies & Entertainment. Sold by OnlineRecycle — tested, described accurately. Local pickup available in Central Florida or ships with tracking.",5.25,USD,Movies & Entertainment,TRUE,TRUE,TRUE,1
,"Forza Motorsport (Microsoft Xbox, 2005)",Default,EB-205859310419,"Forza Motorsport (Microsoft Xbox, 2005). Category: Video Games. Sold by OnlineRecycle — tested, described accurately. Local pickup available in Central Florida or ships with tracking.",5.96,USD,Video Games,TRUE,TRUE,TRUE,1
,Vintage Canon FF35 Date 35mm Film Camera Point and Shoot for parts/not working,Default,EB-205859318195,"Vintage Canon FF35 Date 35mm Film Camera Point and Shoot for parts/not working. Category: General Merchandise. Sold by OnlineRecycle — tested, described accurately. Local pickup available in Central Florida or ships with tracking.",7.00,USD,General Merchandise,TRUE,TRUE,TRUE,1
,HL Data Storage SATA Super-Multi DVD+Rewriter Drive | GH82N |,Default,EB-205863189479,"HL Data Storage SATA Super-Multi DVD+Rewriter Drive | GH82N |. Category: Computer Parts. Sold by OnlineRecycle — tested, described accurately. Local pickup available in Central Florida or ships with tracking.",13.00,USD,Computer Parts,TRUE,TRUE,TRUE,1
,HP DVD1260I Internal Desktop Drive,Default,EB-205863195895,"HP DVD1260I Internal Desktop Drive. Category: Computer Parts. Sold by OnlineRecycle — tested, described accurately. Local pickup available in Central Florida or ships with tracking.",13.00,USD,Computer Parts,TRUE,TRUE,TRUE,1
,Radio Shack Easy Home Video Editor 15-1963 Vintage,Default,EB-205863267553,"Radio Shack Easy Home Video Editor 15-1963 Vintage. Category: General Merchandise. Sold by OnlineRecycle — tested, described accurately. Local pickup available in Central Florida or ships with tracking.",22.00,USD,General Merchandise,TRUE,TRUE,TRUE,1
,"WALL-E (DVD, 2008)",Default,EB-205889785106,"WALL-E (DVD, 2008). Category: Movies & Entertainment. Sold by OnlineRecycle — tested, described accurately. Local pickup available in Central Florida or ships with tracking.",4.99,USD,Movies & Entertainment,TRUE,TRUE,TRUE,1
,SEALED Compton's interactive World Atlas (1997 PC CD-ROM)Home Library by Softkey,Default,EB-205891748998,"SEALED Compton's interactive World Atlas (1997 PC CD-ROM)Home Library by Softkey. Category: General Merchandise. Sold by OnlineRecycle — tested, described accurately. Local pickup available in Central Florida or ships with tracking.",8.00,USD,General Merchandise,TRUE,TRUE,TRUE,1
,Danzig- Thrall Demonsweatlive CD Good condition,Default,EB-205891754068,"Danzig- Thrall Demonsweatlive CD Good condition. Category: Music & Audio. Sold by OnlineRecycle — tested, described accurately. Local pickup available in Central Florida or ships with tracking.",7.00,USD,Music & Audio,TRUE,TRUE,TRUE,1
,"(America's) Dirty Little Secret by Schleprock (CD, Aug-1996, Warner Bros.)",Default,EB-205891761334,"(America's) Dirty Little Secret by Schleprock (CD, Aug-1996, Warner Bros.). Category: Music & Audio. Sold by OnlineRecycle — tested, described accurately. Local pickup available in Central Florida or ships with tracking.",7.00,USD,Music & Audio,TRUE,TRUE,TRUE,1
,"Lawn Boy by Phish (CD, Jun-1992, Elektra (Label))",Default,EB-205891773763,"Lawn Boy by Phish (CD, Jun-1992, Elektra (Label)). Category: Music & Audio. Sold by OnlineRecycle — tested, described accurately. Local pickup available in Central Florida or ships with tracking.",5.00,USD,Music & Audio,TRUE,TRUE,TRUE,1
,"White Christmas by Presley, Elvis (CD, 2000)",Default,EB-205891780234,"White Christmas by Presley, Elvis (CD, 2000). Category: Music & Audio. Sold by OnlineRecycle — tested, described accurately. Local pickup available in Central Florida or ships with tracking.",3.52,USD,Music & Audio,TRUE,TRUE,TRUE,1
,"Rock: Train Kept a Rollin' by Various Artists (CD, Sep-1999, 2 Discs, Sony Music",Default,EB-205891792891,"Rock: Train Kept a Rollin' by Various Artists (CD, Sep-1999, 2 Discs, Sony Music. Category: Music & Audio. Sold by OnlineRecycle — tested, described accurately. Local pickup available in Central Florida or ships with tracking.",3.35,USD,Music & Audio,TRUE,TRUE,TRUE,1
,The Best of Adiemus - The Journey / Karl Jenkins 1999 PromotionalCD New SEALED,Default,EB-205892226251,"The Best of Adiemus - The Journey / Karl Jenkins 1999 PromotionalCD New SEALED. Category: Music & Audio. Sold by OnlineRecycle — tested, described accurately. Local pickup available in Central Florida or ships with tracking.",5.00,USD,Music & Audio,TRUE,TRUE,TRUE,1
,"Greatest Hits by Bangles (CD, 1990)",Default,EB-205892227603,"Greatest Hits by Bangles (CD, 1990). Category: Music & Audio. Sold by OnlineRecycle — tested, described accurately. Local pickup available in Central Florida or ships with tracking.",2.99,USD,Music & Audio,TRUE,TRUE,TRUE,1
,"Back to Back Hits by Blondie (CD, 1996)",Default,EB-205892229954,"Back to Back Hits by Blondie (CD, 1996). Category: Music & Audio. Sold by OnlineRecycle — tested, described accurately. Local pickup available in Central Florida or ships with tracking.",5.00,USD,Music & Audio,TRUE,TRUE,TRUE,1
,"Tie One On! [EP] by The Bouncing Souls (CD, 1998, Epitaph) New York Punk Rock VG",Default,EB-205892231331,"Tie One On! [EP] by The Bouncing Souls (CD, 1998, Epitaph) New York Punk Rock VG. Category: Music & Audio. Sold by OnlineRecycle — tested, described accurately. Local pickup available in Central Florida or ships with tracking.",5.00,USD,Music & Audio,TRUE,TRUE,TRUE,1
,Crash Test Dummies - God Shuffled His Feet (CD) (1993) (Safe Shipping),Default,EB-205892232407,"Crash Test Dummies - God Shuffled His Feet (CD) (1993) (Safe Shipping). Category: Music & Audio. Sold by OnlineRecycle — tested, described accurately. Local pickup available in Central Florida or ships with tracking.",4.00,USD,Music & Audio,TRUE,TRUE,TRUE,1
,"Rocket from the Crypt - Scream,Dracula,Scream CD Album Neu",Default,EB-205892234124,"Rocket from the Crypt - Scream,Dracula,Scream CD Album Neu. Category: Music & Audio. Sold by OnlineRecycle — tested, described accurately. Local pickup available in Central Florida or ships with tracking.",5.00,USD,Music & Audio,TRUE,TRUE,TRUE,1
,Velvet Revolver Contraband 2004 CD,Default,EB-205892235890,"Velvet Revolver Contraband 2004 CD. Category: Music & Audio. Sold by OnlineRecycle — tested, described accurately. Local pickup available in Central Florida or ships with tracking.",4.50,USD,Music & Audio,TRUE,TRUE,TRUE,1
,"24-7 Spyz - This Is...24-7 Spyz! [EP] (CD, Nov-1991, EastWest)",Default,EB-205892237300,"24-7 Spyz - This Is...24-7 Spyz! [EP] (CD, Nov-1991, EastWest). Category: Music & Audio. Sold by OnlineRecycle — tested, described accurately. Local pickup available in Central Florida or ships with tracking.",3.00,USD,Music & Audio,TRUE,TRUE,TRUE,1
,Pimsleur Mandarin Chinese Language Lessons One And Two Disc Only,Default,EB-205893356164,"Pimsleur Mandarin Chinese Language Lessons One And Two Disc Only. Category: General Merchandise. Sold by OnlineRecycle — tested, described accurately. Local pickup available in Central Florida or ships with tracking.",10.00,USD,General Merchandise,TRUE,TRUE,TRUE,1
,"Us by Peter Gabriel (CD, 1992)",Default,EB-205893357311,"Us by Peter Gabriel (CD, 1992). Category: Music & Audio. Sold by OnlineRecycle — tested, described accurately. Local pickup available in Central Florida or ships with tracking.",7.99,USD,Music & Audio,TRUE,TRUE,TRUE,1
,"Charlie Brown Christmas by Guaraldi, Vince (CD, 2000)",Default,EB-205893358301,"Charlie Brown Christmas by Guaraldi, Vince (CD, 2000). Category: Music & Audio. Sold by OnlineRecycle — tested, described accurately. Local pickup available in Central Florida or ships with tracking.",3.99,USD,Music & Audio,TRUE,TRUE,TRUE,1
,Sixteen Singing Men - Disc Very Good,Default,EB-205893361017,"Sixteen Singing Men - Disc Very Good. Category: Music & Audio. Sold by OnlineRecycle — tested, described accurately. Local pickup available in Central Florida or ships with tracking.",2.00,USD,Music & Audio,TRUE,TRUE,TRUE,1
,"The Twilight Saga: Breaking Dawn, Part 2 (DVD, 2012) **DISC ONLY - NO CASE**",Default,EB-205893374661,"The Twilight Saga: Breaking Dawn, Part 2 (DVD, 2012) **DISC ONLY - NO CASE**. Category: Movies & Entertainment. Sold by OnlineRecycle — tested, described accurately. Local pickup available in Central Florida or ships with tracking.",3.00,USD,Movies & Entertainment,TRUE,TRUE,TRUE,1
,Billy Joel Storm Front CD Disc Only,Default,EB-205893378521,"Billy Joel Storm Front CD Disc Only. Category: Music & Audio. Sold by OnlineRecycle — tested, described accurately. Local pickup available in Central Florida or ships with tracking.",5.00,USD,Music & Audio,TRUE,TRUE,TRUE,1
,"George Michael ~ Faith ~ (CD, 1987 , Columbia Music) no artwork",Default,EB-205894329636,"George Michael ~ Faith ~ (CD, 1987 , Columbia Music) no artwork. Category: Music & Audio. Sold by OnlineRecycle — tested, described accurately. Local pickup available in Central Florida or ships with tracking.",3.50,USD,Music & Audio,TRUE,TRUE,TRUE,1
,HP TS-H353C DVD Multi Player SATA DVD ROM 16x Internal Disk Drive 0FTKRM,Default,EB-205894335070,"HP TS-H353C DVD Multi Player SATA DVD ROM 16x Internal Disk Drive 0FTKRM. Category: Computer Parts. Sold by OnlineRecycle — tested, described accurately. Local pickup available in Central Florida or ships with tracking.",8.99,USD,Computer Parts,TRUE,TRUE,TRUE,1
,DVD WRITER Model SH-216 -From a working computer,Default,EB-205894344201,"DVD WRITER Model SH-216 -From a working computer. Category: Computer Parts. Sold by OnlineRecycle — tested, described accurately. Local pickup available in Central Florida or ships with tracking.",16.00,USD,Computer Parts,TRUE,TRUE,TRUE,1
,Desktop DVD/CD Drive HL Data Storage GH82N Dell PN: 0C13H6,Default,EB-205894349115,"Desktop DVD/CD Drive HL Data Storage GH82N Dell PN: 0C13H6. Category: General Merchandise. Sold by OnlineRecycle — tested, described accurately. Local pickup available in Central Florida or ships with tracking.",9.99,USD,General Merchandise,TRUE,TRUE,TRUE,1
,TOSHIBA SAMSUNG #TS-H653 DVD WRITER R/RW INTERNAL,Default,EB-205894353196,"TOSHIBA SAMSUNG #TS-H653 DVD WRITER R/RW INTERNAL. Category: Computer Parts. Sold by OnlineRecycle — tested, described accurately. Local pickup available in Central Florida or ships with tracking.",23.00,USD,Computer Parts,TRUE,TRUE,TRUE,1
,Dell H-L Hitachi LG Super Multi DVD Rewriter GH70N,Default,EB-205894359269,"Dell H-L Hitachi LG Super Multi DVD Rewriter GH70N. Category: Computer Parts. Sold by OnlineRecycle — tested, described accurately. Local pickup available in Central Florida or ships with tracking.",15.00,USD,Computer Parts,TRUE,TRUE,TRUE,1
,Hitachi LG GHA2N Multi DVD/CD+RW R DL SATA Disc Drive 71Y5545,Default,EB-205894362427,"Hitachi LG GHA2N Multi DVD/CD+RW R DL SATA Disc Drive 71Y5545. Category: Computer Parts. Sold by OnlineRecycle — tested, described accurately. Local pickup available in Central Florida or ships with tracking.",20.00,USD,Computer Parts,TRUE,TRUE,TRUE,1
,LG SUPER MULTI DVD DRIVE MODEL: GSA-4166B,Default,EB-205894379798,"LG SUPER MULTI DVD DRIVE MODEL: GSA-4166B. Category: Computer Parts. Sold by OnlineRecycle — tested, described accurately. Local pickup available in Central Florida or ships with tracking.",21.00,USD,Computer Parts,TRUE,TRUE,TRUE,1
,Dell DH-16ABS CD/RW DVD-/+RW Multi-Recorder Drive,Default,EB-205894475329,"Dell DH-16ABS CD/RW DVD-/+RW Multi-Recorder Drive. Category: Computer Parts. Sold by OnlineRecycle — tested, described accurately. Local pickup available in Central Florida or ships with tracking.",15.00,USD,Computer Parts,TRUE,TRUE,TRUE,1
,Dell DVD-RW Internal SATA Desktop Optical Drive 7YNX2 07YNX2 GHA2N,Default,EB-205894479653,"Dell DVD-RW Internal SATA Desktop Optical Drive 7YNX2 07YNX2 GHA2N. Category: Computer Parts. Sold by OnlineRecycle — tested, described accurately. Local pickup available in Central Florida or ships with tracking.",10.00,USD,Computer Parts,TRUE,TRUE,TRUE,1
,Desktop DVD/CD Drive HL Data Storage GH82N Dell PN: 0C13H6,Default,EB-205894482217,"Desktop DVD/CD Drive HL Data Storage GH82N Dell PN: 0C13H6. Category: General Merchandise. Sold by OnlineRecycle — tested, described accurately. Local pickup available in Central Florida or ships with tracking.",9.99,USD,General Merchandise,TRUE,TRUE,TRUE,1
,"Toshiba Samsung Internal 5.25"" DVD Writer Model TS-H653H w/ SATA Interface",Default,EB-205894484944,"Toshiba Samsung Internal 5.25"" DVD Writer Model TS-H653H w/ SATA Interface. Category: General Merchandise. Sold by OnlineRecycle — tested, described accurately. Local pickup available in Central Florida or ships with tracking.",8.99,USD,General Merchandise,TRUE,TRUE,TRUE,1
,Dell H-L Hitachi LG Super Multi DVD Rewriter GH70N,Default,EB-205894485842,"Dell H-L Hitachi LG Super Multi DVD Rewriter GH70N. Category: Computer Parts. Sold by OnlineRecycle — tested, described accurately. Local pickup available in Central Florida or ships with tracking.",19.99,USD,Computer Parts,TRUE,TRUE,TRUE,1
,PHILIPS DVD-ROM CD DRIVE DROM6316/97 SATA DRIVE - DELL 9305 046 31297,Default,EB-205894505006,"PHILIPS DVD-ROM CD DRIVE DROM6316/97 SATA DRIVE - DELL 9305 046 31297. Category: Computer Parts. Sold by OnlineRecycle — tested, described accurately. Local pickup available in Central Florida or ships with tracking.",19.99,USD,Computer Parts,TRUE,TRUE,TRUE,1
,Adidas soccer ball Size 4 Pink,Default,EB-205895067388,"Adidas soccer ball Size 4 Pink. Category: General Merchandise. Sold by OnlineRecycle — tested, described accurately. Local pickup available in Central Florida or ships with tracking.",10.00,USD,General Merchandise,TRUE,TRUE,TRUE,1
,OEM~Victorola Remote VTA-600B-2RC ~TESTED & WORKING,Default,EB-205895074620,"OEM~Victorola Remote VTA-600B-2RC ~TESTED & WORKING. Category: General Merchandise. Sold by OnlineRecycle — tested, described accurately. Local pickup available in Central Florida or ships with tracking.",10.00,USD,General Merchandise,TRUE,TRUE,TRUE,1
,AMD Radeon C264 Graphics Video Card,Default,EB-205895107800,"AMD Radeon C264 Graphics Video Card. Category: General Merchandise. Sold by OnlineRecycle — tested, described accurately. Local pickup available in Central Florida or ships with tracking.",8.99,USD,General Merchandise,TRUE,TRUE,TRUE,1
,ATI Radeon HD PCIe x16 Graphics Video Card AMD B629 - JJ P4C 2,Default,EB-205895111976,"ATI Radeon HD PCIe x16 Graphics Video Card AMD B629 - JJ P4C 2. Category: General Merchandise. Sold by OnlineRecycle — tested, described accurately. Local pickup available in Central Florida or ships with tracking.",9.00,USD,General Merchandise,TRUE,TRUE,TRUE,1
,LOT OF 3 Dell AMD Radeon HD6350 512MB PCIe DMS59 Low Profile Video Card HFKYC,Default,EB-205895141327,"LOT OF 3 Dell AMD Radeon HD6350 512MB PCIe DMS59 Low Profile Video Card HFKYC. Category: General Merchandise. Sold by OnlineRecycle — tested, described accurately. Local pickup available in Central Florida or ships with tracking.",20.00,USD,General Merchandise,TRUE,TRUE,TRUE,1
,AMD B629 109-B62941-00 ATI Radeon Graphics Card PCIe DMS-59,Default,EB-205895172832,"AMD B629 109-B62941-00 ATI Radeon Graphics Card PCIe DMS-59. Category: General Merchandise. Sold by OnlineRecycle — tested, described accurately. Local pickup available in Central Florida or ships with tracking.",7.00,USD,General Merchandise,TRUE,TRUE,TRUE,1
,AMD Radeon C090 with DVI Output 109-C09057-00 Graphics video cards for pc,Default,EB-205895184792,"AMD Radeon C090 with DVI Output 109-C09057-00 Graphics video cards for pc. Category: General Merchandise. Sold by OnlineRecycle — tested, described accurately. Local pickup available in Central Florida or ships with tracking.",12.00,USD,General Merchandise,TRUE,TRUE,TRUE,1
,AMD Radeon Video Graphics B276 ATI-102-B27602(B) with DVI & S-Video Ports,Default,EB-205895212741,"AMD Radeon Video Graphics B276 ATI-102-B27602(B) with DVI & S-Video Ports. Category: General Merchandise. Sold by OnlineRecycle — tested, described accurately. Local pickup available in Central Florida or ships with tracking.",7.00,USD,General Merchandise,TRUE,TRUE,TRUE,1
,Controller Video Card DMS 59 AMD 109-C09057-00 ATI-102-C09003(B) 2set,Default,EB-205895223590,"Controller Video Card DMS 59 AMD 109-C09057-00 ATI-102-C09003(B) 2set. Category: General Merchandise. Sold by OnlineRecycle — tested, described accurately. Local pickup available in Central Florida or ships with tracking.",10.00,USD,General Merchandise,TRUE,TRUE,TRUE,1
,(1) HP 5187-1022 56K PCI Modem Card 90109-2,Default,EB-205897678476,"(1) HP 5187-1022 56K PCI Modem Card 90109-2. Category: General Merchandise. Sold by OnlineRecycle — tested, described accurately. Local pickup available in Central Florida or ships with tracking.",5.00,USD,General Merchandise,TRUE,TRUE,TRUE,1
,Smart ModularTechnologies 5185-8045 3-Port IEEE-1394a FireWire PCI Card REV E3,Default,EB-205897682683,"Smart ModularTechnologies 5185-8045 3-Port IEEE-1394a FireWire PCI Card REV E3. Category: General Merchandise. Sold by OnlineRecycle — tested, described accurately. Local pickup available in Central Florida or ships with tracking.",12.00,USD,General Merchandise,TRUE,TRUE,TRUE,1
,Genuine Dell 0H924H Dual Port IEEE-1394 PCI Firewire card LS2-FAE10 E252809,Default,EB-205897683482,"Genuine Dell 0H924H Dual Port IEEE-1394 PCI Firewire card LS2-FAE10 E252809. Category: General Merchandise. Sold by OnlineRecycle — tested, described accurately. Local pickup available in Central Florida or ships with tracking.",9.00,USD,General Merchandise,TRUE,TRUE,TRUE,1
,Conexant RD01-D850 56K V.92 PCI Data/Fax Modem card Used,Default,EB-205897711022,"Conexant RD01-D850 56K V.92 PCI Data/Fax Modem card Used. Category: General Merchandise. Sold by OnlineRecycle — tested, described accurately. Local pickup available in Central Florida or ships with tracking.",4.00,USD,General Merchandise,TRUE,TRUE,TRUE,1
,Use Spring-Loaded Beverage Slide Pusher for Display Tech Visibility Slide 5 Tier,Default,EB-205898037386,"Use Spring-Loaded Beverage Slide Pusher for Display Tech Visibility Slide 5 Tier. Category: General Merchandise. Sold by OnlineRecycle — tested, described accurately. Local pickup available in Central Florida or ships with tracking.",15.00,USD,General Merchandise,TRUE,TRUE,TRUE,1
,Curad Knee Support Neoprene Pull-Over w/Open Patella Pressure 2X-Large Black,Default,EB-205907798365,"Curad Knee Support Neoprene Pull-Over w/Open Patella Pressure 2X-Large Black. Category: General Merchandise. Sold by OnlineRecycle — tested, described accurately. Local pickup available in Central Florida or ships with tracking.",9.00,USD,General Merchandise,TRUE,TRUE,TRUE,1
,Razor V-17 Child Multi-Sport Helmet - Very good condition!,Default,EB-205907800710,"Razor V-17 Child Multi-Sport Helmet - Very good condition!. Category: General Merchandise. Sold by OnlineRecycle — tested, described accurately. Local pickup available in Central Florida or ships with tracking.",10.00,USD,General Merchandise,TRUE,TRUE,TRUE,1
,"ThisWorx Small 12V High Power Car Vacuum Cleaner, + 6Ft. Cord,",Default,EB-205907804767,"ThisWorx Small 12V High Power Car Vacuum Cleaner, + 6Ft. Cord,. Category: General Merchandise. Sold by OnlineRecycle — tested, described accurately. Local pickup available in Central Florida or ships with tracking.",12.00,USD,General Merchandise,TRUE,TRUE,TRUE,1
,Original Dewalt DW9116 7.2V-18V 1 Hour Battery Tool Charger OEM Genuine,Default,EB-205907820185,"Original Dewalt DW9116 7.2V-18V 1 Hour Battery Tool Charger OEM Genuine. Category: General Merchandise. Sold by OnlineRecycle — tested, described accurately. Local pickup available in Central Florida or ships with tracking.",13.00,USD,General Merchandise,TRUE,TRUE,TRUE,1
,"Silicone Muffin Pan Mini 24 Cups Cupcake Pan Nonstick Free Silicone Bakin,",Default,EB-205907830508,"Silicone Muffin Pan Mini 24 Cups Cupcake Pan Nonstick Free Silicone Bakin,. Category: General Merchandise. Sold by OnlineRecycle — tested, described accurately. Local pickup available in Central Florida or ships with tracking.",7.99,USD,General Merchandise,TRUE,TRUE,TRUE,1
,Porter Cable 18V NiCad Battery Charger PCMVC TYPE 1 NiCad 9.6V-18V NI-CD,Default,EB-205908242453,"Porter Cable 18V NiCad Battery Charger PCMVC TYPE 1 NiCad 9.6V-18V NI-CD. Category: Tools & Hardware. Sold by OnlineRecycle — tested, described accurately. Local pickup available in Central Florida or ships with tracking.",16.00,USD,Tools & Hardware,TRUE,TRUE,TRUE,1
,"02-05 Dodge Ram 1500,2500,3500 head light dome switch bezel w/vent 5GY91TRMAA",Default,EB-205908274062,"02-05 Dodge Ram 1500,2500,3500 head light dome switch bezel w/vent 5GY91TRMAA. Category: Auto Parts. Sold by OnlineRecycle — tested, described accurately. Local pickup available in Central Florida or ships with tracking.",20.00,USD,Auto Parts,TRUE,TRUE,TRUE,1
,64cm Bodyboard Surf Board Float Body Board & Leash Plug Boogie Board,Default,EB-205912291077,"64cm Bodyboard Surf Board Float Body Board & Leash Plug Boogie Board. Category: General Merchandise. Sold by OnlineRecycle — tested, described accurately. Local pickup available in Central Florida or ships with tracking.",10.00,USD,General Merchandise,TRUE,TRUE,TRUE,1
,Kodak Easyshare HDTV Dock Base Black CAT8951956 1080i 720p,Default,EB-205912293678,"Kodak Easyshare HDTV Dock Base Black CAT8951956 1080i 720p. Category: General Merchandise. Sold by OnlineRecycle — tested, described accurately. Local pickup available in Central Florida or ships with tracking.",8.00,USD,General Merchandise,TRUE,TRUE,TRUE,1
,Case Logic Small Black CD/DVD/Game Holder Wallet Zip Case – Holds 24 Discs,Default,EB-205922080640,"Case Logic Small Black CD/DVD/Game Holder Wallet Zip Case – Holds 24 Discs. Category: General Merchandise. Sold by OnlineRecycle — tested, described accurately. Local pickup available in Central Florida or ships with tracking.",9.99,USD,General Merchandise,TRUE,TRUE,TRUE,1
,Old Navy Women Flip Flops Thong Sandals Size 6 Brown,Default,EB-205922088445,"Old Navy Women Flip Flops Thong Sandals Size 6 Brown. Category: General Merchandise. Sold by OnlineRecycle — tested, described accurately. Local pickup available in Central Florida or ships with tracking.",2.99,USD,General Merchandise,TRUE,TRUE,TRUE,1
,Freedom Hoodie Mens Size M Sweatshirt New England Patriots,Default,EB-205922105226,"Freedom Hoodie Mens Size M Sweatshirt New England Patriots. Category: General Merchandise. Sold by OnlineRecycle — tested, described accurately. Local pickup available in Central Florida or ships with tracking.",12.00,USD,General Merchandise,TRUE,TRUE,TRUE,1
,Casio CasioTone 61-Key Portable Digital Electronic Keyboard Synthesizer (CT-607),Default,EB-205922129415,"Casio CasioTone 61-Key Portable Digital Electronic Keyboard Synthesizer (CT-607). Category: General Merchandise. Sold by OnlineRecycle — tested, described accurately. Local pickup available in Central Florida or ships with tracking.",80.00,USD,General Merchandise,TRUE,TRUE,TRUE,1
,Basic Japanese: Learn to Speak Japanese in 10 Easy Lessons (Fully Revised an...,Default,EB-205923591724,"Basic Japanese: Learn to Speak Japanese in 10 Easy Lessons (Fully Revised an.... Category: General Merchandise. Sold by OnlineRecycle — tested, described accurately. Local pickup available in Central Florida or ships with tracking.",5.00,USD,General Merchandise,TRUE,TRUE,TRUE,1
,SHEIN X LOLITA & SOFIA Sculpture Graphic Women's Size XL Black & Pink Tee New,Default,EB-205923594850,"SHEIN X LOLITA & SOFIA Sculpture Graphic Women's Size XL Black & Pink Tee New. Category: General Merchandise. Sold by OnlineRecycle — tested, described accurately. Local pickup available in Central Florida or ships with tracking.",5.00,USD,General Merchandise,TRUE,TRUE,TRUE,1
,American Apparel M Grn Chicago Flag 4 Stars Est.1837,Default,EB-205923615495,"American Apparel M Grn Chicago Flag 4 Stars Est.1837. Category: General Merchandise. Sold by OnlineRecycle — tested, described accurately. Local pickup available in Central Florida or ships with tracking.",10.00,USD,General Merchandise,TRUE,TRUE,TRUE,1
,Mickey Mouse Hat Cap with Ears Disney Childs Black Red White Walt Disney World,Default,EB-205923619470,"Mickey Mouse Hat Cap with Ears Disney Childs Black Red White Walt Disney World. Category: General Merchandise. Sold by OnlineRecycle — tested, described accurately. Local pickup available in Central Florida or ships with tracking.",9.00,USD,General Merchandise,TRUE,TRUE,TRUE,1
,NWT GAP Grey Pants Men 32x30 Gapflex Stretch Classic Slim Fit Straight Leg,Default,EB-205923638745,"NWT GAP Grey Pants Men 32x30 Gapflex Stretch Classic Slim Fit Straight Leg. Category: General Merchandise. Sold by OnlineRecycle — tested, described accurately. Local pickup available in Central Florida or ships with tracking.",10.00,USD,General Merchandise,TRUE,TRUE,TRUE,1
,Mitsumi D353M3D 1.44MB Floppy Drive Beige Bezel,Default,EB-205930713864,"Mitsumi D353M3D 1.44MB Floppy Drive Beige Bezel. Category: General Merchandise. Sold by OnlineRecycle — tested, described accurately. Local pickup available in Central Florida or ships with tracking.",19.99,USD,General Merchandise,TRUE,TRUE,TRUE,1
,Dell 19 way Media and Flash Card Reader G7V21 (Used-Good Conditon),Default,EB-205930715285,"Dell 19 way Media and Flash Card Reader G7V21 (Used-Good Conditon). Category: General Merchandise. Sold by OnlineRecycle — tested, described accurately. Local pickup available in Central Florida or ships with tracking.",10.00,USD,General Merchandise,TRUE,TRUE,TRUE,1
,DELL INSPIRON 530 TEAC CA-200 Media Card Reader 1930930B13 XN068 0XN068 TESTED,Default,EB-205930717405,"DELL INSPIRON 530 TEAC CA-200 Media Card Reader 1930930B13 XN068 0XN068 TESTED. Category: General Merchandise. Sold by OnlineRecycle — tested, described accurately. Local pickup available in Central Florida or ships with tracking.",8.99,USD,General Merchandise,TRUE,TRUE,TRUE,1
,Dell Media Card Reader W816M,Default,EB-205930718701,"Dell Media Card Reader W816M. Category: General Merchandise. Sold by OnlineRecycle — tested, described accurately. Local pickup available in Central Florida or ships with tracking.",8.99,USD,General Merchandise,TRUE,TRUE,TRUE,1
,Dell Media Card Reader W816M,Default,EB-205930719650,"Dell Media Card Reader W816M. Category: General Merchandise. Sold by OnlineRecycle — tested, described accurately. Local pickup available in Central Florida or ships with tracking.",8.00,USD,General Merchandise,TRUE,TRUE,TRUE,1
,Dell OptiPlex Precision Flash Card Readers,Default,EB-205930731729,"Dell OptiPlex Precision Flash Card Readers. Category: General Merchandise. Sold by OnlineRecycle — tested, described accurately. Local pickup available in Central Florida or ships with tracking.",13.00,USD,General Merchandise,TRUE,TRUE,TRUE,1
,Dell OptiPlex Precision 19-Way Media and Flash Card,Default,EB-205930735699,"Dell OptiPlex Precision 19-Way Media and Flash Card. Category: General Merchandise. Sold by OnlineRecycle — tested, described accurately. Local pickup available in Central Florida or ships with tracking.",12.00,USD,General Merchandise,TRUE,TRUE,TRUE,1
,Genuine Dell Optiplex 790 Mini Tower Desktop Motherboard 0HY9JP,Default,EB-205940285216,"Genuine Dell Optiplex 790 Mini Tower Desktop Motherboard 0HY9JP. Category: Computer Parts. Sold by OnlineRecycle — tested, described accurately. Local pickup available in Central Florida or ships with tracking.",17.00,USD,Computer Parts,TRUE,TRUE,TRUE,1
,Dell OptiPlex 9010 Intel Socket LGA1155 PC System Board Motherboard 6X1TJ,Default,EB-205953445290,"Dell OptiPlex 9010 Intel Socket LGA1155 PC System Board Motherboard 6X1TJ. Category: Computer Parts. Sold by OnlineRecycle — tested, described accurately. Local pickup available in Central Florida or ships with tracking.",13.00,USD,Computer Parts,TRUE,TRUE,TRUE,1
,Dell OptiPlex 9020 Intel Socket LGA1155 PC System Board Motherboard 6X1TJ,Default,EB-205953445982,"Dell OptiPlex 9020 Intel Socket LGA1155 PC System Board Motherboard 6X1TJ. Category: Computer Parts. Sold by OnlineRecycle — tested, described accurately. Local pickup available in Central Florida or ships with tracking.",13.00,USD,Computer Parts,TRUE,TRUE,TRUE,1
,"Dell C522T LGA 775/Socket T, Intel Motherboard",Default,EB-205953446845,"Dell C522T LGA 775/Socket T, Intel Motherboard. Category: Computer Parts. Sold by OnlineRecycle — tested, described accurately. Local pickup available in Central Florida or ships with tracking.",16.00,USD,Computer Parts,TRUE,TRUE,TRUE,1
,Vans Off The Wall Lace Up Shoes Black White Size Men's 4.5 Women 6.0,Default,EB-205953449247,"Vans Off The Wall Lace Up Shoes Black White Size Men's 4.5 Women 6.0. Category: General Merchandise. Sold by OnlineRecycle — tested, described accurately. Local pickup available in Central Florida or ships with tracking.",12.00,USD,General Merchandise,TRUE,TRUE,TRUE,1
,Perry Ellis Portfolio Smith Dress Shoes,Default,EB-205953466822,"Perry Ellis Portfolio Smith Dress Shoes. Category: General Merchandise. Sold by OnlineRecycle — tested, described accurately. Local pickup available in Central Florida or ships with tracking.",13.00,USD,General Merchandise,TRUE,TRUE,TRUE,1
,Adidas NMD_R1 Color Splash Cloud White Shoes Men's 9.5,Default,EB-205953467842,"Adidas NMD_R1 Color Splash Cloud White Shoes Men's 9.5. Category: General Merchandise. Sold by OnlineRecycle — tested, described accurately. Local pickup available in Central Florida or ships with tracking.",13.00,USD,General Merchandise,TRUE,TRUE,TRUE,1
,Ryobi 18V HP1802M PORTBLE CARRYING STORAGE CASE ONLY HARD PLASTIC GRAY CASE,Default,EB-205954465018,"Ryobi 18V HP1802M PORTBLE CARRYING STORAGE CASE ONLY HARD PLASTIC GRAY CASE. Category: General Merchandise. Sold by OnlineRecycle — tested, described accurately. Local pickup available in Central Florida or ships with tracking.",15.00,USD,General Merchandise,TRUE,TRUE,TRUE,1
,TEKTON 1/2 Inch | SID92322 Box Only,Default,EB-205954468519,"TEKTON 1/2 Inch | SID92322 Box Only. Category: General Merchandise. Sold by OnlineRecycle — tested, described accurately. Local pickup available in Central Florida or ships with tracking.",10.00,USD,General Merchandise,TRUE,TRUE,TRUE,1
,"PORTER CABLE, EMPTY CASE, BLACK HARD PLASTIC, Case Only",Default,EB-205954621446,"PORTER CABLE, EMPTY CASE, BLACK HARD PLASTIC, Case Only. Category: General Merchandise. Sold by OnlineRecycle — tested, described accurately. Local pickup available in Central Florida or ships with tracking.",25.00,USD,General Merchandise,TRUE,TRUE,TRUE,1
,"Mailbox Wall Mount With Flip Up Lid Black Rectangle All Metal 15"" x 6"" x 3.5""",Default,EB-205954623100,"Mailbox Wall Mount With Flip Up Lid Black Rectangle All Metal 15"" x 6"" x 3.5"". Category: General Merchandise. Sold by OnlineRecycle — tested, described accurately. Local pickup available in Central Florida or ships with tracking.",20.00,USD,General Merchandise,TRUE,TRUE,TRUE,1
,"Milwaukee Hammer Drill Tool Box Case Only Red Cordless 21""x12""x4.25"" Heavy Duty",Default,EB-205954624152,"Milwaukee Hammer Drill Tool Box Case Only Red Cordless 21""x12""x4.25"" Heavy Duty. Category: General Merchandise. Sold by OnlineRecycle — tested, described accurately. Local pickup available in Central Florida or ships with tracking.",20.00,USD,General Merchandise,TRUE,TRUE,TRUE,1
,Milwaukee Tools Hard Case CASE ONLY,Default,EB-205954625838,"Milwaukee Tools Hard Case CASE ONLY. Category: General Merchandise. Sold by OnlineRecycle — tested, described accurately. Local pickup available in Central Florida or ships with tracking.",10.00,USD,General Merchandise,TRUE,TRUE,TRUE,1
,Enigma - Age of Loneliness CD (1994),Default,EB-205962808431,"Enigma - Age of Loneliness CD (1994). Category: Music & Audio. Sold by OnlineRecycle — tested, described accurately. Local pickup available in Central Florida or ships with tracking.",5.00,USD,Music & Audio,TRUE,TRUE,TRUE,1
,Dell Optiplex 9010 MT Motherboard LGA1155 M9KCM 0F82W System Board,Default,EB-205972266283,"Dell Optiplex 9010 MT Motherboard LGA1155 M9KCM 0F82W System Board. Category: Computer Parts. Sold by OnlineRecycle — tested, described accurately. Local pickup available in Central Florida or ships with tracking.",14.95,USD,Computer Parts,TRUE,TRUE,TRUE,1
,Dell Optiplex 790 Mini Tower Desktop Motherboard E93839 KA0121 (Used-Good),Default,EB-205972269167,"Dell Optiplex 790 Mini Tower Desktop Motherboard E93839 KA0121 (Used-Good). Category: Computer Parts. Sold by OnlineRecycle — tested, described accurately. Local pickup available in Central Florida or ships with tracking.",19.00,USD,Computer Parts,TRUE,TRUE,TRUE,1
,Dell OptiPlex 990 SFF Small Form Factor Motherboard DDR3 LGA 1155 D6H9T 0D6H9T,Default,EB-205972282401,"Dell OptiPlex 990 SFF Small Form Factor Motherboard DDR3 LGA 1155 D6H9T 0D6H9T. Category: Computer Parts. Sold by OnlineRecycle — tested, described accurately. Local pickup available in Central Florida or ships with tracking.",13.99,USD,Computer Parts,TRUE,TRUE,TRUE,1
,EVGA X58 Classified 3 Way SLI W / Manuals CD Disc Bent Pins # Pc1,Default,EB-205972298147,"EVGA X58 Classified 3 Way SLI W / Manuals CD Disc Bent Pins # Pc1. Category: General Merchandise. Sold by OnlineRecycle — tested, described accurately. Local pickup available in Central Florida or ships with tracking.",25.00,USD,General Merchandise,TRUE,TRUE,TRUE,1
,Dell D6H9T Optiplex 990 SFF LGA 1155/Socket H2 DDR3 SDRAM Desktop Motherboard,Default,EB-205972324105,"Dell D6H9T Optiplex 990 SFF LGA 1155/Socket H2 DDR3 SDRAM Desktop Motherboard. Category: Computer Parts. Sold by OnlineRecycle — tested, described accurately. Local pickup available in Central Florida or ships with tracking.",13.99,USD,Computer Parts,TRUE,TRUE,TRUE,1
,Dell OptiPlex 980 Desktop BN0106 Motherboard- D441T,Default,EB-205972354271,"Dell OptiPlex 980 Desktop BN0106 Motherboard- D441T. Category: Computer Parts. Sold by OnlineRecycle — tested, described accurately. Local pickup available in Central Florida or ships with tracking.",17.00,USD,Computer Parts,TRUE,TRUE,TRUE,1
,Dell Optiplex 7010 USFF Desktop Motherboard 0MN1TX W/I3-3220 SR0RG & 4GB,Default,EB-205972389281,"Dell Optiplex 7010 USFF Desktop Motherboard 0MN1TX W/I3-3220 SR0RG & 4GB. Category: Computer Parts. Sold by OnlineRecycle — tested, described accurately. Local pickup available in Central Florida or ships with tracking.",13.99,USD,Computer Parts,TRUE,TRUE,TRUE,1
,For Dell Optiplex 9020 SFF LGA1150 Motherboard 00V62H 05T15 JM41M W49N2 02YYK5,Default,EB-205972445460,"For Dell Optiplex 9020 SFF LGA1150 Motherboard 00V62H 05T15 JM41M W49N2 02YYK5. Category: Computer Parts. Sold by OnlineRecycle — tested, described accurately. Local pickup available in Central Florida or ships with tracking.",13.00,USD,Computer Parts,TRUE,TRUE,TRUE,1
,Dell Optiplex 3010 SFF Motherboard LGA 1155 0T10XW w/Intel Celeron G465 CPU,Default,EB-205972463112,"Dell Optiplex 3010 SFF Motherboard LGA 1155 0T10XW w/Intel Celeron G465 CPU. Category: Computer Parts. Sold by OnlineRecycle — tested, described accurately. Local pickup available in Central Florida or ships with tracking.",13.99,USD,Computer Parts,TRUE,TRUE,TRUE,1
,Dell OptiPlex 990 SFF Motherboard LGA1155 D6H9T 0D6H9T CN-0D6H9T,Default,EB-205972479933,"Dell OptiPlex 990 SFF Motherboard LGA1155 D6H9T 0D6H9T CN-0D6H9T. Category: Computer Parts. Sold by OnlineRecycle — tested, described accurately. Local pickup available in Central Florida or ships with tracking.",14.00,USD,Computer Parts,TRUE,TRUE,TRUE,1
,Dell Optiplex 990 SFF Motherboard Intel Socket LGA1155 0D6H9T D6H9T,Default,EB-205972819995,"Dell Optiplex 990 SFF Motherboard Intel Socket LGA1155 0D6H9T D6H9T. Category: Computer Parts. Sold by OnlineRecycle — tested, described accurately. Local pickup available in Central Florida or ships with tracking.",13.99,USD,Computer Parts,TRUE,TRUE,TRUE,1
,Dell OptiPlex 990 SFF Small Form Factor Motherboard DDR3 LGA 1155 D6H9T 0D6H9T,Default,EB-205972831637,"Dell OptiPlex 990 SFF Small Form Factor Motherboard DDR3 LGA 1155 D6H9T 0D6H9T. Category: Computer Parts. Sold by OnlineRecycle — tested, described accurately. Local pickup available in Central Florida or ships with tracking.",13.99,USD,Computer Parts,TRUE,TRUE,TRUE,1
,Dell Optiplex 960 MT Mini Tower Computer Motherboard LGA 775 H634K,Default,EB-205972863596,"Dell Optiplex 960 MT Mini Tower Computer Motherboard LGA 775 H634K. Category: Computer Parts. Sold by OnlineRecycle — tested, described accurately. Local pickup available in Central Florida or ships with tracking.",14.99,USD,Computer Parts,TRUE,TRUE,TRUE,1
,Dell Optiplex 990 SFF Motherboard Intel Socket LGA1155 0D6H9T D6H9T,Default,EB-205972867081,"Dell Optiplex 990 SFF Motherboard Intel Socket LGA1155 0D6H9T D6H9T. Category: Computer Parts. Sold by OnlineRecycle — tested, described accurately. Local pickup available in Central Florida or ships with tracking.",12.99,USD,Computer Parts,TRUE,TRUE,TRUE,1
,"Roadsters (Sega Dreamcast, 2000) Loose disc Only",Default,EB-206005247096,"Roadsters (Sega Dreamcast, 2000) Loose disc Only. Category: Video Games. Sold by OnlineRecycle — tested, described accurately. Local pickup available in Central Florida or ships with tracking.",10.00,USD,Video Games,TRUE,TRUE,TRUE,1
,Sega Dreamcast Wired Controller - Madcats Black And Red,Default,EB-206005248164,"Sega Dreamcast Wired Controller - Madcats Black And Red. Category: General Merchandise. Sold by OnlineRecycle — tested, described accurately. Local pickup available in Central Florida or ships with tracking.",9.00,USD,General Merchandise,TRUE,TRUE,TRUE,1
,New Bright Dash Cam Jeep Trailcat Radio Control Truck Remote Controller,Default,EB-206005251197,"New Bright Dash Cam Jeep Trailcat Radio Control Truck Remote Controller. Category: General Merchandise. Sold by OnlineRecycle — tested, described accurately. Local pickup available in Central Florida or ships with tracking.",9.99,USD,General Merchandise,TRUE,TRUE,TRUE,1
,"You Got Served (DVD, 2004, Special Edition)",Default,EB-206005645337,"You Got Served (DVD, 2004, Special Edition). Category: Movies & Entertainment. Sold by OnlineRecycle — tested, described accurately. Local pickup available in Central Florida or ships with tracking.",6.99,USD,Movies & Entertainment,TRUE,TRUE,TRUE,1
,Stafford Performance Black Two Button Blazer Jacket,Default,EB-206006158288,"Stafford Performance Black Two Button Blazer Jacket. Category: General Merchandise. Sold by OnlineRecycle — tested, described accurately. Local pickup available in Central Florida or ships with tracking.",14.99,USD,General Merchandise,TRUE,TRUE,TRUE,1
,"Kelly's Heroes (DVD, 1970)",Default,EB-206014613335,"Kelly's Heroes (DVD, 1970). Category: Movies & Entertainment. Sold by OnlineRecycle — tested, described accurately. Local pickup available in Central Florida or ships with tracking.",6.50,USD,Movies & Entertainment,TRUE,TRUE,TRUE,1
,Air Jordan Men’s Shorts - Medium Standard Fit,Default,EB-206019903031,"Air Jordan Men’s Shorts - Medium Standard Fit. Category: General Merchandise. Sold by OnlineRecycle — tested, described accurately. Local pickup available in Central Florida or ships with tracking.",6.00,USD,General Merchandise,TRUE,TRUE,TRUE,1
,Razor V-17 Child Multi-Sport Helmet - Large Size Used,Default,EB-206030961901,"Razor V-17 Child Multi-Sport Helmet - Large Size Used. Category: General Merchandise. Sold by OnlineRecycle — tested, described accurately. Local pickup available in Central Florida or ships with tracking.",8.00,USD,General Merchandise,TRUE,TRUE,TRUE,1
,Micheal Searle Boogie Board 36 Inches Body Board Tether Skim Surf Water,Default,EB-206030967726,"Micheal Searle Boogie Board 36 Inches Body Board Tether Skim Surf Water. Category: General Merchandise. Sold by OnlineRecycle — tested, described accurately. Local pickup available in Central Florida or ships with tracking.",15.00,USD,General Merchandise,TRUE,TRUE,TRUE,1
,Juicy Couture Sport NWT Women’s Size Small White Cropped Lightweight Hoodie,Default,EB-206030969607,"Juicy Couture Sport NWT Women’s Size Small White Cropped Lightweight Hoodie. Category: General Merchandise. Sold by OnlineRecycle — tested, described accurately. Local pickup available in Central Florida or ships with tracking.",8.21,USD,General Merchandise,TRUE,TRUE,TRUE,1
,The Notorious BIG T Shirt Size Large H&M,Default,EB-206030971689,"The Notorious BIG T Shirt Size Large H&M. Category: General Merchandise. Sold by OnlineRecycle — tested, described accurately. Local pickup available in Central Florida or ships with tracking.",4.95,USD,General Merchandise,TRUE,TRUE,TRUE,1
,Motherhood Maternity Black Grey Medium,Default,EB-206031009756,"Motherhood Maternity Black Grey Medium. Category: General Merchandise. Sold by OnlineRecycle — tested, described accurately. Local pickup available in Central Florida or ships with tracking.",5.99,USD,General Merchandise,TRUE,TRUE,TRUE,1
,Luann Is it Friday Yet? Luann By Greg Evans 1987 Berkley Pacer Paperback,Default,EB-206031090700,"Luann Is it Friday Yet? Luann By Greg Evans 1987 Berkley Pacer Paperback. Category: Books. Sold by OnlineRecycle — tested, described accurately. Local pickup available in Central Florida or ships with tracking.",7.99,USD,Books,TRUE,TRUE,TRUE,1
,"Glass Castle : A Memoir by Jeannette Walls (2006, Trade Paperback)",Default,EB-206031107000,"Glass Castle : A Memoir by Jeannette Walls (2006, Trade Paperback). Category: Books. Sold by OnlineRecycle — tested, described accurately. Local pickup available in Central Florida or ships with tracking.",7.99,USD,Books,TRUE,TRUE,TRUE,1
,Hollister Women Small And Pink,Default,EB-206031375565,"Hollister Women Small And Pink. Category: General Merchandise. Sold by OnlineRecycle — tested, described accurately. Local pickup available in Central Florida or ships with tracking.",9.99,USD,General Merchandise,TRUE,TRUE,TRUE,1
,Men’s Large Black Boyz N The Hood Grey An Black,Default,EB-206031516039,"Men’s Large Black Boyz N The Hood Grey An Black. Category: General Merchandise. Sold by OnlineRecycle — tested, described accurately. Local pickup available in Central Florida or ships with tracking.",9.99,USD,General Merchandise,TRUE,TRUE,TRUE,1
,Jones New York Signature Jacket Womens Size 12 Four Button Up Jacket,Default,EB-206031521323,"Jones New York Signature Jacket Womens Size 12 Four Button Up Jacket. Category: General Merchandise. Sold by OnlineRecycle — tested, described accurately. Local pickup available in Central Florida or ships with tracking.",9.99,USD,General Merchandise,TRUE,TRUE,TRUE,1
,Polo Ralph Lauren Slim Fit Gray Men's Crew Neck Cotton T-Shirt L Short Sleeve,Default,EB-206031523769,"Polo Ralph Lauren Slim Fit Gray Men's Crew Neck Cotton T-Shirt L Short Sleeve. Category: General Merchandise. Sold by OnlineRecycle — tested, described accurately. Local pickup available in Central Florida or ships with tracking.",9.99,USD,General Merchandise,TRUE,TRUE,TRUE,1
,Duncan Royale “Slapstick” Figure 12” Collectors Edition History Of Clowns w/box,Default,EB-205259096946,"Duncan Royale “Slapstick” Figure 12” Collectors Edition History Of Clowns w/box. Category: Collectibles & Antiques. Sold by OnlineRecycle — tested, described accurately. Local pickup available in Central Florida or ships with tracking.",20.00,USD,Collectibles & Antiques,TRUE,TRUE,TRUE,1
,Working DAVAR porcelain clown playing flute Spins And Toots His Flute,Default,EB-205259096975,"Working DAVAR porcelain clown playing flute Spins And Toots His Flute. Category: Collectibles & Antiques. Sold by OnlineRecycle — tested, described accurately. Local pickup available in Central Florida or ships with tracking.",25.00,USD,Collectibles & Antiques,TRUE,TRUE,TRUE,1
,Emmett Kelly Jr Clown Figurine~Flambro~Bowling W/Bomb & Dog~EXC!,Default,EB-205259097012,"Emmett Kelly Jr Clown Figurine~Flambro~Bowling W/Bomb & Dog~EXC!. Category: Collectibles & Antiques. Sold by OnlineRecycle — tested, described accurately. Local pickup available in Central Florida or ships with tracking.",13.99,USD,Collectibles & Antiques,TRUE,TRUE,TRUE,1
,Dell FC1NX L275EM-00 Desk Top Computer Switching Power Supply Unit,Default,EB-206031720124,"Dell FC1NX L275EM-00 Desk Top Computer Switching Power Supply Unit. Category: General Merchandise. Sold by OnlineRecycle — tested, described accurately. Local pickup available in Central Florida or ships with tracking.",9.99,USD,General Merchandise,TRUE,TRUE,TRUE,5
,Avalon Bottom Loading Hot & Cold Water Dispenser Black Silver Freestanding,Default,EB-206087904375,"Avalon Bottom Loading Hot & Cold Water Dispenser Black Silver Freestanding. Category: General Merchandise. Sold by OnlineRecycle — tested, described accurately. Local pickup available in Central Florida or ships with tracking.",50.00,USD,General Merchandise,TRUE,TRUE,TRUE,1
,Genuine Mitsubishi OEM Roof Rack Crossbar End Cap Lock Only,Default,EB-206095702776,"Genuine Mitsubishi OEM Roof Rack Crossbar End Cap Lock Only. Category: General Merchandise. Sold by OnlineRecycle — tested, described accurately. Local pickup available in Central Florida or ships with tracking.",20.00,USD,General Merchandise,TRUE,TRUE,TRUE,1
,Founders DAO Deck of Hearts - Joker Wild Card - Limited Edition /50 - Base Netwo,Default,YNAI-JKR-###,"Founders DAO Deck of Hearts - Joker Wild Card - Limited Edition /50 - Base Netwo. Category: Collectibles & Antiques. Sold by OnlineRecycle — tested, described accurately. Local pickup available in Central Florida or ships with tracking.",499.99,USD,Collectibles & Antiques,TRUE,TRUE,TRUE,50
,Founders DAO Deck of Hearts - Anthropic Card Claude Opus - 1 of 1 - Base Network,Default,EB-206105903363,"Founders DAO Deck of Hearts - Anthropic Card Claude Opus - 1 of 1 - Base Network. Category: Collectibles & Antiques. Sold by OnlineRecycle — tested, described accurately. Local pickup available in Central Florida or ships with tracking.",0.99,USD,Collectibles & Antiques,TRUE,TRUE,TRUE,1
,Founders DAO Deck of Hearts - Google Card Gemini 3.1 - Limited 1/1 - Base Networ,Default,EB-206105929742,"Founders DAO Deck of Hearts - Google Card Gemini 3.1 - Limited 1/1 - Base Networ. Category: Collectibles & Antiques. Sold by OnlineRecycle — tested, described accurately. Local pickup available in Central Florida or ships with tracking.",0.99,USD,Collectibles & Antiques,TRUE,TRUE,TRUE,1